-- KORT MySQL dump generated on 2026-04-05 16:36:14
-- Source database: laravel
SET NAMES utf8mb4;
SET FOREIGN_KEY_CHECKS=0;

-- --------------------------------------------------------
-- Table: `activity_log`
-- --------------------------------------------------------
DROP TABLE IF EXISTS `activity_log`;
CREATE TABLE `activity_log` (
  `id` bigint(20) unsigned NOT NULL AUTO_INCREMENT,
  `log_name` varchar(255) DEFAULT NULL,
  `description` text NOT NULL,
  `subject_type` varchar(255) DEFAULT NULL,
  `event` varchar(255) DEFAULT NULL,
  `subject_id` bigint(20) unsigned DEFAULT NULL,
  `causer_type` varchar(255) DEFAULT NULL,
  `causer_id` bigint(20) unsigned DEFAULT NULL,
  `properties` longtext CHARACTER SET utf8mb4 COLLATE utf8mb4_bin DEFAULT NULL CHECK (json_valid(`properties`)),
  `batch_uuid` char(36) DEFAULT NULL,
  `created_at` timestamp NULL DEFAULT NULL,
  `updated_at` timestamp NULL DEFAULT NULL,
  PRIMARY KEY (`id`),
  KEY `subject` (`subject_type`,`subject_id`),
  KEY `causer` (`causer_type`,`causer_id`),
  KEY `activity_log_log_name_index` (`log_name`)
) ENGINE=InnoDB AUTO_INCREMENT=914 DEFAULT CHARSET=utf8mb4 COLLATE=utf8mb4_unicode_ci;
INSERT INTO `activity_log` (`id`, `log_name`, `description`, `subject_type`, `event`, `subject_id`, `causer_type`, `causer_id`, `properties`, `batch_uuid`, `created_at`, `updated_at`) VALUES
(1, 'default', 'created', 'App\\Models\\Department', 'created', 1, NULL, NULL, '{\"attributes\":{\"name\":\"Burn ICU\",\"code\":\"BICU\",\"type\":\"burn_clinical\",\"cost_center\":\"CC-BICU\",\"description\":\"Critical care unit for severe burn admissions.\",\"phone\":null,\"email\":null,\"manager_user_id\":null,\"is_active\":true,\"is_clinical\":true,\"sort_order\":0}}', NULL, '2026-04-05 16:29:02', '2026-04-05 16:29:02'),
(2, 'default', 'created', 'App\\Models\\Department', 'created', 2, NULL, NULL, '{\"attributes\":{\"name\":\"Burn Ward\",\"code\":\"BWRD\",\"type\":\"burn_clinical\",\"cost_center\":\"CC-BWRD\",\"description\":\"General burn inpatient ward.\",\"phone\":null,\"email\":null,\"manager_user_id\":null,\"is_active\":true,\"is_clinical\":true,\"sort_order\":0}}', NULL, '2026-04-05 16:29:04', '2026-04-05 16:29:04'),
(3, 'default', 'created', 'App\\Models\\Department', 'created', 3, NULL, NULL, '{\"attributes\":{\"name\":\"Burn Dressing Unit\",\"code\":\"BDRU\",\"type\":\"burn_clinical\",\"cost_center\":\"CC-BDRU\",\"description\":\"Procedure and dressing preparation area.\",\"phone\":null,\"email\":null,\"manager_user_id\":null,\"is_active\":true,\"is_clinical\":true,\"sort_order\":0}}', NULL, '2026-04-05 16:29:06', '2026-04-05 16:29:06'),
(4, 'default', 'created', 'App\\Models\\Department', 'created', 4, NULL, NULL, '{\"attributes\":{\"name\":\"Central Burn Store\",\"code\":\"CBST\",\"type\":\"stores\",\"cost_center\":\"CC-CBST\",\"description\":\"Primary sterile and non-sterile consumable store.\",\"phone\":null,\"email\":null,\"manager_user_id\":null,\"is_active\":true,\"is_clinical\":false,\"sort_order\":0}}', NULL, '2026-04-05 16:29:08', '2026-04-05 16:29:08'),
(5, 'default', 'created', 'App\\Models\\Department', 'created', 5, NULL, NULL, '{\"attributes\":{\"name\":\"Biomedical Engineering\",\"code\":\"BME\",\"type\":\"biomedical\",\"cost_center\":\"CC-BME\",\"description\":\"Maintenance and calibration support team.\",\"phone\":null,\"email\":null,\"manager_user_id\":null,\"is_active\":true,\"is_clinical\":false,\"sort_order\":0}}', NULL, '2026-04-05 16:29:09', '2026-04-05 16:29:09'),
(6, 'default', 'created', 'App\\Models\\Department', 'created', 6, NULL, NULL, '{\"attributes\":{\"name\":\"Burn Pharmacy\",\"code\":\"BPH\",\"type\":\"pharmacy\",\"cost_center\":\"CC-BPH\",\"description\":\"Medicine and temperature-sensitive storage.\",\"phone\":null,\"email\":null,\"manager_user_id\":null,\"is_active\":true,\"is_clinical\":false,\"sort_order\":0}}', NULL, '2026-04-05 16:29:10', '2026-04-05 16:29:10'),
(7, 'default', 'created', 'App\\Models\\Department', 'created', 7, NULL, NULL, '{\"attributes\":{\"name\":\"Procurement Office\",\"code\":\"PROC\",\"type\":\"procurement\",\"cost_center\":\"CC-PROC\",\"description\":\"Supplier and purchasing operations.\",\"phone\":null,\"email\":null,\"manager_user_id\":null,\"is_active\":true,\"is_clinical\":false,\"sort_order\":0}}', NULL, '2026-04-05 16:29:11', '2026-04-05 16:29:11'),
(8, 'default', 'created', 'App\\Models\\Department', 'created', 8, NULL, NULL, '{\"attributes\":{\"name\":\"Finance Office\",\"code\":\"FIN\",\"type\":\"finance\",\"cost_center\":\"CC-FIN\",\"description\":\"Costing and budget review office.\",\"phone\":null,\"email\":null,\"manager_user_id\":null,\"is_active\":true,\"is_clinical\":false,\"sort_order\":0}}', NULL, '2026-04-05 16:29:12', '2026-04-05 16:29:12'),
(9, 'default', 'created', 'App\\Models\\Location', 'created', 1, NULL, NULL, '{\"attributes\":{\"department_id\":1,\"parent_id\":null,\"name\":\"ICU Bay 1\",\"code\":\"LOC-BICU-01\",\"building\":\"Burn Center\",\"floor\":\"Level 2\",\"room\":null,\"storage_type\":\"general\",\"description\":\"ICU Bay 1 mapped for burn center operations.\",\"barcode\":\"LOC-BICU-01\",\"is_active\":true,\"is_isolation\":false,\"is_emergency_reserve\":false,\"is_sterile_storage\":false}}', NULL, '2026-04-05 16:29:14', '2026-04-05 16:29:14'),
(10, 'default', 'created', 'App\\Models\\Location', 'created', 2, NULL, NULL, '{\"attributes\":{\"department_id\":1,\"parent_id\":null,\"name\":\"ICU Bay 2\",\"code\":\"LOC-BICU-02\",\"building\":\"Burn Center\",\"floor\":\"Level 2\",\"room\":null,\"storage_type\":\"isolation\",\"description\":\"ICU Bay 2 mapped for burn center operations.\",\"barcode\":\"LOC-BICU-02\",\"is_active\":true,\"is_isolation\":true,\"is_emergency_reserve\":false,\"is_sterile_storage\":false}}', NULL, '2026-04-05 16:29:15', '2026-04-05 16:29:15'),
(11, 'default', 'created', 'App\\Models\\Location', 'created', 3, NULL, NULL, '{\"attributes\":{\"department_id\":2,\"parent_id\":null,\"name\":\"Ward Store\",\"code\":\"LOC-BWRD-01\",\"building\":\"Burn Center\",\"floor\":\"Level 2\",\"room\":null,\"storage_type\":\"general\",\"description\":\"Ward Store mapped for burn center operations.\",\"barcode\":\"LOC-BWRD-01\",\"is_active\":true,\"is_isolation\":false,\"is_emergency_reserve\":false,\"is_sterile_storage\":false}}', NULL, '2026-04-05 16:29:16', '2026-04-05 16:29:16'),
(12, 'default', 'created', 'App\\Models\\Location', 'created', 4, NULL, NULL, '{\"attributes\":{\"department_id\":3,\"parent_id\":null,\"name\":\"Procedure Room\",\"code\":\"LOC-BDRU-01\",\"building\":\"Burn Center\",\"floor\":\"Level 2\",\"room\":null,\"storage_type\":\"sterile\",\"description\":\"Procedure Room mapped for burn center operations.\",\"barcode\":\"LOC-BDRU-01\",\"is_active\":true,\"is_isolation\":false,\"is_emergency_reserve\":false,\"is_sterile_storage\":true}}', NULL, '2026-04-05 16:29:17', '2026-04-05 16:29:17'),
(13, 'default', 'created', 'App\\Models\\Location', 'created', 5, NULL, NULL, '{\"attributes\":{\"department_id\":4,\"parent_id\":null,\"name\":\"Sterile Store\",\"code\":\"LOC-CBST-01\",\"building\":\"Burn Center\",\"floor\":\"Level 2\",\"room\":null,\"storage_type\":\"sterile\",\"description\":\"Sterile Store mapped for burn center operations.\",\"barcode\":\"LOC-CBST-01\",\"is_active\":true,\"is_isolation\":false,\"is_emergency_reserve\":false,\"is_sterile_storage\":true}}', NULL, '2026-04-05 16:29:18', '2026-04-05 16:29:18'),
(14, 'default', 'created', 'App\\Models\\Location', 'created', 6, NULL, NULL, '{\"attributes\":{\"department_id\":4,\"parent_id\":null,\"name\":\"Non-Sterile Store\",\"code\":\"LOC-CBST-02\",\"building\":\"Burn Center\",\"floor\":\"Level 2\",\"room\":null,\"storage_type\":\"non_sterile\",\"description\":\"Non-Sterile Store mapped for burn center operations.\",\"barcode\":\"LOC-CBST-02\",\"is_active\":true,\"is_isolation\":false,\"is_emergency_reserve\":false,\"is_sterile_storage\":false}}', NULL, '2026-04-05 16:29:19', '2026-04-05 16:29:19'),
(15, 'default', 'created', 'App\\Models\\Location', 'created', 7, NULL, NULL, '{\"attributes\":{\"department_id\":4,\"parent_id\":null,\"name\":\"Emergency Reserve Cage\",\"code\":\"LOC-CBST-03\",\"building\":\"Burn Center\",\"floor\":\"Level 2\",\"room\":null,\"storage_type\":\"emergency_reserve\",\"description\":\"Emergency Reserve Cage mapped for burn center operations.\",\"barcode\":\"LOC-CBST-03\",\"is_active\":true,\"is_isolation\":false,\"is_emergency_reserve\":true,\"is_sterile_storage\":false}}', NULL, '2026-04-05 16:29:20', '2026-04-05 16:29:20'),
(16, 'default', 'created', 'App\\Models\\Location', 'created', 8, NULL, NULL, '{\"attributes\":{\"department_id\":6,\"parent_id\":null,\"name\":\"Cold Chain Cabinet\",\"code\":\"LOC-BPH-01\",\"building\":\"Burn Center\",\"floor\":\"Level 2\",\"room\":null,\"storage_type\":\"general\",\"description\":\"Cold Chain Cabinet mapped for burn center operations.\",\"barcode\":\"LOC-BPH-01\",\"is_active\":true,\"is_isolation\":false,\"is_emergency_reserve\":false,\"is_sterile_storage\":false}}', NULL, '2026-04-05 16:29:22', '2026-04-05 16:29:22'),
(17, 'default', 'created', 'App\\Models\\Location', 'created', 9, NULL, NULL, '{\"attributes\":{\"department_id\":5,\"parent_id\":null,\"name\":\"Workshop Bench\",\"code\":\"LOC-BME-01\",\"building\":\"Burn Center\",\"floor\":\"Level 2\",\"room\":null,\"storage_type\":\"general\",\"description\":\"Workshop Bench mapped for burn center operations.\",\"barcode\":\"LOC-BME-01\",\"is_active\":true,\"is_isolation\":false,\"is_emergency_reserve\":false,\"is_sterile_storage\":false}}', NULL, '2026-04-05 16:29:23', '2026-04-05 16:29:23'),
(18, 'default', 'created', 'App\\Models\\Supplier', 'created', 1, NULL, NULL, '{\"attributes\":{\"supplier_name\":\"HealBurn Medical Supplies\",\"supplier_code\":\"SUP-HBMS\",\"supplier_type\":\"inventory_vendor\",\"contact_person\":\"Amina Qureshi\",\"phone\":\"+92-21-3000-1001\",\"alternate_phone\":null,\"email\":\"supply@healburn.example\",\"address\":null,\"city\":\"Karachi\",\"country\":\"Pakistan\",\"tax_number\":null,\"registration_number\":null,\"payment_terms\":\"30 days\",\"lead_time_days\":5,\"is_active\":true,\"notes\":\"Primary wound care and antimicrobial dressing vendor.\",\"created_by\":null,\"updated_by\":null}}', NULL, '2026-04-05 16:29:27', '2026-04-05 16:29:27'),
(19, 'default', 'created', 'App\\Models\\Supplier', 'created', 2, NULL, NULL, '{\"attributes\":{\"supplier_name\":\"CriticalCare Devices Ltd\",\"supplier_code\":\"SUP-CCDL\",\"supplier_type\":\"asset_vendor\",\"contact_person\":\"Faisal Ahmed\",\"phone\":\"+92-21-3000-1002\",\"alternate_phone\":null,\"email\":\"sales@criticalcaredevices.example\",\"address\":null,\"city\":\"Karachi\",\"country\":\"Pakistan\",\"tax_number\":null,\"registration_number\":null,\"payment_terms\":\"45 days\",\"lead_time_days\":21,\"is_active\":true,\"notes\":\"Biomedical and critical care asset supplier.\",\"created_by\":null,\"updated_by\":null}}', NULL, '2026-04-05 16:29:29', '2026-04-05 16:29:29'),
(20, 'default', 'created', 'App\\Models\\Supplier', 'created', 3, NULL, NULL, '{\"attributes\":{\"supplier_name\":\"SteriSafe Hospital Traders\",\"supplier_code\":\"SUP-SHT\",\"supplier_type\":\"mixed\",\"contact_person\":\"Mehreen Ali\",\"phone\":\"+92-21-3000-1003\",\"alternate_phone\":null,\"email\":\"orders@sterisafe.example\",\"address\":null,\"city\":\"Lahore\",\"country\":\"Pakistan\",\"tax_number\":null,\"registration_number\":null,\"payment_terms\":\"30 days\",\"lead_time_days\":7,\"is_active\":true,\"notes\":\"Sterile storage equipment, PPE, and mixed hospital supplies.\",\"created_by\":null,\"updated_by\":null}}', NULL, '2026-04-05 16:29:29', '2026-04-05 16:29:29'),
(21, 'default', 'created', 'App\\Models\\Supplier', 'created', 4, NULL, NULL, '{\"attributes\":{\"supplier_name\":\"MedGuard Pharma Distribution\",\"supplier_code\":\"SUP-MGPD\",\"supplier_type\":\"inventory_vendor\",\"contact_person\":\"Usman Raza\",\"phone\":\"+92-21-3000-1004\",\"alternate_phone\":null,\"email\":\"distribution@medguard.example\",\"address\":null,\"city\":\"Karachi\",\"country\":\"Pakistan\",\"tax_number\":null,\"registration_number\":null,\"payment_terms\":\"21 days\",\"lead_time_days\":4,\"is_active\":true,\"notes\":\"Temperature-sensitive medicines and burn creams.\",\"created_by\":null,\"updated_by\":null}}', NULL, '2026-04-05 16:29:29', '2026-04-05 16:29:29'),
(22, 'default', 'created', 'App\\Models\\Supplier', 'created', 5, NULL, NULL, '{\"attributes\":{\"supplier_name\":\"BurnLine Equipment Partners\",\"supplier_code\":\"SUP-BLEP\",\"supplier_type\":\"asset_vendor\",\"contact_person\":\"Sara Khan\",\"phone\":\"+92-21-3000-1005\",\"alternate_phone\":null,\"email\":\"support@burnline.example\",\"address\":null,\"city\":\"Islamabad\",\"country\":\"Pakistan\",\"tax_number\":null,\"registration_number\":null,\"payment_terms\":\"60 days\",\"lead_time_days\":28,\"is_active\":true,\"notes\":\"High-value equipment and ward mobility assets.\",\"created_by\":null,\"updated_by\":null}}', NULL, '2026-04-05 16:29:30', '2026-04-05 16:29:30'),
(23, 'default', 'created', 'App\\Models\\User', 'created', 1, NULL, NULL, '{\"attributes\":{\"department_id\":7,\"default_location_id\":7,\"name\":\"Amina Siddiqui\",\"email\":\"super.admin@kort.local\",\"employee_id\":\"KORT-0001\",\"phone\":\"+92-300-0000000\",\"designation\":\"System Administrator\",\"status\":\"active\",\"password\":\"$2y$12$Z5Aufk1N9uQgpvZ.ENcgfe4N543tZIIAqcAbw9dBjiu1nxbtvEfg6\",\"last_login_at\":null,\"password_changed_at\":\"2026-04-05T16:29:31.000000Z\",\"two_factor_required\":false}}', NULL, '2026-04-05 16:29:33', '2026-04-05 16:29:33'),
(24, 'default', 'created', 'App\\Models\\User', 'created', 2, NULL, NULL, '{\"attributes\":{\"department_id\":8,\"default_location_id\":7,\"name\":\"Dr. Haris Malik\",\"email\":\"hospital.admin@kort.local\",\"employee_id\":\"KORT-0002\",\"phone\":\"+92-300-0000000\",\"designation\":\"Hospital Administrator\",\"status\":\"active\",\"password\":\"$2y$12$lyV.JzaPHqBD4erZGBViiehFIserAV8FBxcKs8hHQw6M62Ex.7uki\",\"last_login_at\":null,\"password_changed_at\":\"2026-04-05T16:29:34.000000Z\",\"two_factor_required\":false}}', NULL, '2026-04-05 16:29:35', '2026-04-05 16:29:35'),
(25, 'default', 'created', 'App\\Models\\User', 'created', 3, NULL, NULL, '{\"attributes\":{\"department_id\":1,\"default_location_id\":1,\"name\":\"Dr. Sana Qureshi\",\"email\":\"burn.manager@kort.local\",\"employee_id\":\"KORT-0003\",\"phone\":\"+92-300-0000000\",\"designation\":\"Burn Center Manager\",\"status\":\"active\",\"password\":\"$2y$12$F1UrKqQi6dbdXBiUGFlmBubHQFzYMk3umwioneJQX6Xc5WRuRZGiy\",\"last_login_at\":null,\"password_changed_at\":\"2026-04-05T16:29:36.000000Z\",\"two_factor_required\":false}}', NULL, '2026-04-05 16:29:37', '2026-04-05 16:29:37'),
(26, 'default', 'created', 'App\\Models\\User', 'created', 4, NULL, NULL, '{\"attributes\":{\"department_id\":4,\"default_location_id\":5,\"name\":\"Usman Riaz\",\"email\":\"store.manager@kort.local\",\"employee_id\":\"KORT-0004\",\"phone\":\"+92-300-0000000\",\"designation\":\"Store Manager\",\"status\":\"active\",\"password\":\"$2y$12$x1NQB.BUpu\\/jToMBmQnlyOqKetmWS0G1ejiEfzclpljMbhm3XFMcO\",\"last_login_at\":null,\"password_changed_at\":\"2026-04-05T16:29:37.000000Z\",\"two_factor_required\":false}}', NULL, '2026-04-05 16:29:38', '2026-04-05 16:29:38'),
(27, 'default', 'created', 'App\\Models\\User', 'created', 5, NULL, NULL, '{\"attributes\":{\"department_id\":5,\"default_location_id\":9,\"name\":\"Engr. Mahnoor Ali\",\"email\":\"biomedical@kort.local\",\"employee_id\":\"KORT-0005\",\"phone\":\"+92-300-0000000\",\"designation\":\"Biomedical Engineer\",\"status\":\"active\",\"password\":\"$2y$12$LPqQEiiiGcMtnXlCrTiR2eyiZCopZFQuPjy3\\/Z8\\/g5.fPeGExGkdC\",\"last_login_at\":null,\"password_changed_at\":\"2026-04-05T16:29:38.000000Z\",\"two_factor_required\":false}}', NULL, '2026-04-05 16:29:40', '2026-04-05 16:29:40'),
(28, 'default', 'created', 'App\\Models\\User', 'created', 6, NULL, NULL, '{\"attributes\":{\"department_id\":2,\"default_location_id\":3,\"name\":\"Nadia Rehman\",\"email\":\"nurse.supervisor@kort.local\",\"employee_id\":\"KORT-0006\",\"phone\":\"+92-300-0000000\",\"designation\":\"Nurse Supervisor\",\"status\":\"active\",\"password\":\"$2y$12$p3v.raMgilk59dHnvjvXauiY0Mex2Y62MEkKHIvqY\\/x4XRT3NG4zu\",\"last_login_at\":null,\"password_changed_at\":\"2026-04-05T16:29:41.000000Z\",\"two_factor_required\":false}}', NULL, '2026-04-05 16:29:42', '2026-04-05 16:29:42'),
(29, 'default', 'created', 'App\\Models\\User', 'created', 7, NULL, NULL, '{\"attributes\":{\"department_id\":1,\"default_location_id\":2,\"name\":\"Rabia Iftikhar\",\"email\":\"staff.nurse@kort.local\",\"employee_id\":\"KORT-0007\",\"phone\":\"+92-300-0000000\",\"designation\":\"Staff Nurse\",\"status\":\"active\",\"password\":\"$2y$12$LeH4ZAhdruckMauLV2Yo4ORgfrH1OL7gKt1RcdXg1HChf3ArNihI2\",\"last_login_at\":null,\"password_changed_at\":\"2026-04-05T16:29:46.000000Z\",\"two_factor_required\":false}}', NULL, '2026-04-05 16:29:48', '2026-04-05 16:29:48'),
(30, 'default', 'created', 'App\\Models\\User', 'created', 8, NULL, NULL, '{\"attributes\":{\"department_id\":6,\"default_location_id\":8,\"name\":\"Farhan Yousaf\",\"email\":\"pharmacist@kort.local\",\"employee_id\":\"KORT-0008\",\"phone\":\"+92-300-0000000\",\"designation\":\"Pharmacist\",\"status\":\"active\",\"password\":\"$2y$12$PP0tjWhcEGz.gnFixdmc8OvPVgXUXKczBedMndYl35J2THg5\\/6w\\/i\",\"last_login_at\":null,\"password_changed_at\":\"2026-04-05T16:29:49.000000Z\",\"two_factor_required\":false}}', NULL, '2026-04-05 16:29:50', '2026-04-05 16:29:50'),
(31, 'default', 'created', 'App\\Models\\User', 'created', 9, NULL, NULL, '{\"attributes\":{\"department_id\":7,\"default_location_id\":7,\"name\":\"Kiran Abbas\",\"email\":\"procurement@kort.local\",\"employee_id\":\"KORT-0009\",\"phone\":\"+92-300-0000000\",\"designation\":\"Procurement Officer\",\"status\":\"active\",\"password\":\"$2y$12$SRGQ6le.bcUQrbaXGPjz9OqAkz69jq5v\\/ohZDwANp1Kuvv3zlOXxm\",\"last_login_at\":null,\"password_changed_at\":\"2026-04-05T16:29:51.000000Z\",\"two_factor_required\":false}}', NULL, '2026-04-05 16:29:53', '2026-04-05 16:29:53'),
(32, 'default', 'created', 'App\\Models\\User', 'created', 10, NULL, NULL, '{\"attributes\":{\"department_id\":8,\"default_location_id\":7,\"name\":\"Umair Hassan\",\"email\":\"finance@kort.local\",\"employee_id\":\"KORT-0010\",\"phone\":\"+92-300-0000000\",\"designation\":\"Finance Analyst\",\"status\":\"active\",\"password\":\"$2y$12$0EKljFdXhBnab\\/Y9rtT3bOPCXl45R3SFsS.CM4yJk\\/EU7\\/SEE885e\",\"last_login_at\":null,\"password_changed_at\":\"2026-04-05T16:29:54.000000Z\",\"two_factor_required\":false}}', NULL, '2026-04-05 16:29:55', '2026-04-05 16:29:55'),
(33, 'default', 'created', 'App\\Models\\User', 'created', 11, NULL, NULL, '{\"attributes\":{\"department_id\":8,\"default_location_id\":7,\"name\":\"Hiba Mansoor\",\"email\":\"auditor@kort.local\",\"employee_id\":\"KORT-0011\",\"phone\":\"+92-300-0000000\",\"designation\":\"Internal Auditor\",\"status\":\"active\",\"password\":\"$2y$12$\\/soZxllBsLg.010EPi7dpOpbTdlT71zLmg5oE..U6aqe5iYUmeAQq\",\"last_login_at\":null,\"password_changed_at\":\"2026-04-05T16:29:56.000000Z\",\"two_factor_required\":false}}', NULL, '2026-04-05 16:29:57', '2026-04-05 16:29:57'),
(34, 'default', 'created', 'App\\Models\\AssetCategory', 'created', 1, NULL, NULL, '{\"attributes\":{\"parent_id\":null,\"name\":\"Clinical Equipment\",\"code\":\"EQP-CLIN\",\"description\":\"Clinical Equipment configured for burn center fixed asset control.\",\"is_active\":true,\"created_by\":1,\"updated_by\":1}}', NULL, '2026-04-05 16:30:02', '2026-04-05 16:30:02'),
(35, 'default', 'created', 'App\\Models\\AssetCategory', 'created', 2, NULL, NULL, '{\"attributes\":{\"parent_id\":null,\"name\":\"Burn Treatment Equipment\",\"code\":\"EQP-BURN\",\"description\":\"Burn Treatment Equipment configured for burn center fixed asset control.\",\"is_active\":true,\"created_by\":1,\"updated_by\":1}}', NULL, '2026-04-05 16:30:04', '2026-04-05 16:30:04'),
(36, 'default', 'created', 'App\\Models\\AssetCategory', 'created', 3, NULL, NULL, '{\"attributes\":{\"parent_id\":null,\"name\":\"Sterilization Equipment\",\"code\":\"EQP-STER\",\"description\":\"Sterilization Equipment configured for burn center fixed asset control.\",\"is_active\":true,\"created_by\":1,\"updated_by\":1}}', NULL, '2026-04-05 16:30:05', '2026-04-05 16:30:05'),
(37, 'default', 'created', 'App\\Models\\AssetCategory', 'created', 4, NULL, NULL, '{\"attributes\":{\"parent_id\":null,\"name\":\"IT Equipment\",\"code\":\"ITM-DIGI\",\"description\":\"IT Equipment configured for burn center fixed asset control.\",\"is_active\":true,\"created_by\":1,\"updated_by\":1}}', NULL, '2026-04-05 16:30:06', '2026-04-05 16:30:06'),
(38, 'default', 'created', 'App\\Models\\AssetCategory', 'created', 5, NULL, NULL, '{\"attributes\":{\"parent_id\":null,\"name\":\"Facility Support Equipment\",\"code\":\"FAC-SUP\",\"description\":\"Facility Support Equipment configured for burn center fixed asset control.\",\"is_active\":true,\"created_by\":1,\"updated_by\":1}}', NULL, '2026-04-05 16:30:06', '2026-04-05 16:30:06'),
(39, 'default', 'created', 'App\\Models\\AssetCategory', 'created', 6, NULL, NULL, '{\"attributes\":{\"parent_id\":null,\"name\":\"Emergency Equipment\",\"code\":\"EMR-EQP\",\"description\":\"Emergency Equipment configured for burn center fixed asset control.\",\"is_active\":true,\"created_by\":1,\"updated_by\":1}}', NULL, '2026-04-05 16:30:07', '2026-04-05 16:30:07'),
(40, 'default', 'created', 'App\\Models\\AssetCategory', 'created', 7, NULL, NULL, '{\"attributes\":{\"parent_id\":1,\"name\":\"Ventilators\",\"code\":\"EQP-VENT\",\"description\":\"Ventilators configured for burn center fixed asset control.\",\"is_active\":true,\"created_by\":1,\"updated_by\":1}}', NULL, '2026-04-05 16:30:07', '2026-04-05 16:30:07'),
(41, 'default', 'created', 'App\\Models\\AssetCategory', 'created', 8, NULL, NULL, '{\"attributes\":{\"parent_id\":1,\"name\":\"Infusion Pumps\",\"code\":\"EQP-INF\",\"description\":\"Infusion Pumps configured for burn center fixed asset control.\",\"is_active\":true,\"created_by\":1,\"updated_by\":1}}', NULL, '2026-04-05 16:30:08', '2026-04-05 16:30:08'),
(42, 'default', 'created', 'App\\Models\\AssetCategory', 'created', 9, NULL, NULL, '{\"attributes\":{\"parent_id\":1,\"name\":\"Syringe Pumps\",\"code\":\"EQP-SYR\",\"description\":\"Syringe Pumps configured for burn center fixed asset control.\",\"is_active\":true,\"created_by\":1,\"updated_by\":1}}', NULL, '2026-04-05 16:30:08', '2026-04-05 16:30:08'),
(43, 'default', 'created', 'App\\Models\\AssetCategory', 'created', 10, NULL, NULL, '{\"attributes\":{\"parent_id\":1,\"name\":\"Patient Monitors\",\"code\":\"EQP-MON\",\"description\":\"Patient Monitors configured for burn center fixed asset control.\",\"is_active\":true,\"created_by\":1,\"updated_by\":1}}', NULL, '2026-04-05 16:30:08', '2026-04-05 16:30:08'),
(44, 'default', 'created', 'App\\Models\\AssetCategory', 'created', 11, NULL, NULL, '{\"attributes\":{\"parent_id\":1,\"name\":\"ICU Beds\",\"code\":\"EQP-BED\",\"description\":\"ICU Beds configured for burn center fixed asset control.\",\"is_active\":true,\"created_by\":1,\"updated_by\":1}}', NULL, '2026-04-05 16:30:09', '2026-04-05 16:30:09'),
(45, 'default', 'created', 'App\\Models\\AssetCategory', 'created', 12, NULL, NULL, '{\"attributes\":{\"parent_id\":2,\"name\":\"Dressing Trolleys\",\"code\":\"EQP-DTR\",\"description\":\"Dressing Trolleys configured for burn center fixed asset control.\",\"is_active\":true,\"created_by\":1,\"updated_by\":1}}', NULL, '2026-04-05 16:30:10', '2026-04-05 16:30:10'),
(46, 'default', 'created', 'App\\Models\\AssetCategory', 'created', 13, NULL, NULL, '{\"attributes\":{\"parent_id\":3,\"name\":\"Autoclaves\",\"code\":\"EQP-AUT\",\"description\":\"Autoclaves configured for burn center fixed asset control.\",\"is_active\":true,\"created_by\":1,\"updated_by\":1}}', NULL, '2026-04-05 16:30:12', '2026-04-05 16:30:12'),
(47, 'default', 'created', 'App\\Models\\AssetCategory', 'created', 14, NULL, NULL, '{\"attributes\":{\"parent_id\":2,\"name\":\"Suction Machines\",\"code\":\"EQP-SUC\",\"description\":\"Suction Machines configured for burn center fixed asset control.\",\"is_active\":true,\"created_by\":1,\"updated_by\":1}}', NULL, '2026-04-05 16:30:12', '2026-04-05 16:30:12'),
(48, 'default', 'created', 'App\\Models\\AssetCategory', 'created', 15, NULL, NULL, '{\"attributes\":{\"parent_id\":6,\"name\":\"Oxygen Devices\",\"code\":\"EQP-OXY\",\"description\":\"Oxygen Devices configured for burn center fixed asset control.\",\"is_active\":true,\"created_by\":1,\"updated_by\":1}}', NULL, '2026-04-05 16:30:13', '2026-04-05 16:30:13'),
(49, 'default', 'created', 'App\\Models\\AssetCategory', 'created', 16, NULL, NULL, '{\"attributes\":{\"parent_id\":4,\"name\":\"Tablets\",\"code\":\"ITM-TAB\",\"description\":\"Tablets configured for burn center fixed asset control.\",\"is_active\":true,\"created_by\":1,\"updated_by\":1}}', NULL, '2026-04-05 16:30:13', '2026-04-05 16:30:13'),
(50, 'default', 'created', 'App\\Models\\AssetCategory', 'created', 17, NULL, NULL, '{\"attributes\":{\"parent_id\":4,\"name\":\"Barcode Scanners\",\"code\":\"ITM-SCN\",\"description\":\"Barcode Scanners configured for burn center fixed asset control.\",\"is_active\":true,\"created_by\":1,\"updated_by\":1}}', NULL, '2026-04-05 16:30:14', '2026-04-05 16:30:14'),
(51, 'default', 'created', 'App\\Models\\AssetCategory', 'created', 18, NULL, NULL, '{\"attributes\":{\"parent_id\":4,\"name\":\"Printers\",\"code\":\"ITM-PRN\",\"description\":\"Printers configured for burn center fixed asset control.\",\"is_active\":true,\"created_by\":1,\"updated_by\":1}}', NULL, '2026-04-05 16:30:14', '2026-04-05 16:30:14'),
(52, 'default', 'created', 'App\\Models\\AssetCategory', 'created', 19, NULL, NULL, '{\"attributes\":{\"parent_id\":5,\"name\":\"Refrigerators\",\"code\":\"FAC-REF\",\"description\":\"Refrigerators configured for burn center fixed asset control.\",\"is_active\":true,\"created_by\":1,\"updated_by\":1}}', NULL, '2026-04-05 16:30:15', '2026-04-05 16:30:15'),
(53, 'default', 'created', 'App\\Models\\AssetCategory', 'created', 20, NULL, NULL, '{\"attributes\":{\"parent_id\":5,\"name\":\"UPS Units\",\"code\":\"FAC-UPS\",\"description\":\"UPS Units configured for burn center fixed asset control.\",\"is_active\":true,\"created_by\":1,\"updated_by\":1}}', NULL, '2026-04-05 16:30:16', '2026-04-05 16:30:16'),
(54, 'default', 'created', 'App\\Models\\AssetCategory', 'created', 21, NULL, NULL, '{\"attributes\":{\"parent_id\":6,\"name\":\"Fire Safety Equipment\",\"code\":\"EMR-FSE\",\"description\":\"Fire Safety Equipment configured for burn center fixed asset control.\",\"is_active\":true,\"created_by\":1,\"updated_by\":1}}', NULL, '2026-04-05 16:30:17', '2026-04-05 16:30:17'),
(55, 'default', 'created', 'App\\Models\\Asset', 'created', 1, NULL, NULL, '{\"attributes\":{\"asset_uuid\":\"a178e823-0c41-4d09-b888-bd25cabb46f6\",\"asset_name\":\"Hamilton Burn ICU Ventilator A\",\"asset_code\":\"AST-BICU-000001\",\"tag_number\":null,\"barcode_value\":null,\"qr_value\":null,\"asset_category_id\":7,\"supplier_id\":2,\"department_id\":1,\"location_id\":1,\"room_or_area\":null,\"assigned_user_id\":null,\"assigned_department_id\":null,\"assigned_location_id\":null,\"custodian_name\":null,\"brand\":\"Hamilton\",\"model\":\"G5\",\"serial_number\":\"HAM-G5-BICU-1001\",\"manufacturer\":\"Hamilton Medical\",\"purchase_date\":\"2024-01-14T00:00:00.000000Z\",\"warranty_start\":\"2024-01-14T00:00:00.000000Z\",\"warranty_end\":\"2027-01-13T00:00:00.000000Z\",\"purchase_cost\":\"4800000.00\",\"depreciation_method\":\"straight_line\",\"useful_life_years\":7,\"residual_value\":\"0.00\",\"condition_status\":\"excellent\",\"asset_status\":\"available\",\"image_path\":null,\"notes\":null,\"last_issued_at\":null,\"last_returned_at\":null,\"created_by\":1,\"updated_by\":1}}', NULL, '2026-04-05 16:30:30', '2026-04-05 16:30:30'),
(56, 'default', 'created', 'App\\Models\\Asset', 'created', 2, NULL, NULL, '{\"attributes\":{\"asset_uuid\":\"a178e828-8cbf-41d1-aebe-876b9982845f\",\"asset_name\":\"Hamilton Burn ICU Ventilator B\",\"asset_code\":\"AST-BICU-000002\",\"tag_number\":null,\"barcode_value\":null,\"qr_value\":null,\"asset_category_id\":7,\"supplier_id\":2,\"department_id\":1,\"location_id\":2,\"room_or_area\":null,\"assigned_user_id\":null,\"assigned_department_id\":null,\"assigned_location_id\":null,\"custodian_name\":null,\"brand\":\"Hamilton\",\"model\":\"G5\",\"serial_number\":\"HAM-G5-BICU-1002\",\"manufacturer\":\"Hamilton Medical\",\"purchase_date\":\"2024-01-14T00:00:00.000000Z\",\"warranty_start\":\"2024-01-14T00:00:00.000000Z\",\"warranty_end\":\"2027-01-13T00:00:00.000000Z\",\"purchase_cost\":\"4800000.00\",\"depreciation_method\":\"straight_line\",\"useful_life_years\":7,\"residual_value\":\"0.00\",\"condition_status\":\"excellent\",\"asset_status\":\"available\",\"image_path\":null,\"notes\":null,\"last_issued_at\":null,\"last_returned_at\":null,\"created_by\":1,\"updated_by\":1}}', NULL, '2026-04-05 16:30:32', '2026-04-05 16:30:32'),
(57, 'default', 'created', 'App\\Models\\Asset', 'created', 3, NULL, NULL, '{\"attributes\":{\"asset_uuid\":\"a178e82a-659a-40dc-8fd9-412307064fd4\",\"asset_name\":\"Baxter Infusion Pump 01\",\"asset_code\":\"AST-BICU-000003\",\"tag_number\":null,\"barcode_value\":null,\"qr_value\":null,\"asset_category_id\":8,\"supplier_id\":2,\"department_id\":1,\"location_id\":1,\"room_or_area\":null,\"assigned_user_id\":null,\"assigned_department_id\":null,\"assigned_location_id\":null,\"custodian_name\":null,\"brand\":\"Baxter\",\"model\":\"Sigma Spectrum\",\"serial_number\":\"BAX-INF-2001\",\"manufacturer\":\"Baxter\",\"purchase_date\":\"2024-03-02T00:00:00.000000Z\",\"warranty_start\":\"2024-03-02T00:00:00.000000Z\",\"warranty_end\":\"2027-03-01T00:00:00.000000Z\",\"purchase_cost\":\"650000.00\",\"depreciation_method\":\"straight_line\",\"useful_life_years\":7,\"residual_value\":\"0.00\",\"condition_status\":\"good\",\"asset_status\":\"available\",\"image_path\":null,\"notes\":null,\"last_issued_at\":null,\"last_returned_at\":null,\"created_by\":1,\"updated_by\":1}}', NULL, '2026-04-05 16:30:33', '2026-04-05 16:30:33'),
(58, 'default', 'created', 'App\\Models\\Asset', 'created', 4, NULL, NULL, '{\"attributes\":{\"asset_uuid\":\"a178e82d-6b6f-42bf-ae32-53361ec6ae90\",\"asset_name\":\"Terumo Syringe Pump 01\",\"asset_code\":\"AST-BDRU-000001\",\"tag_number\":null,\"barcode_value\":null,\"qr_value\":null,\"asset_category_id\":9,\"supplier_id\":2,\"department_id\":3,\"location_id\":4,\"room_or_area\":null,\"assigned_user_id\":null,\"assigned_department_id\":null,\"assigned_location_id\":null,\"custodian_name\":null,\"brand\":\"Terumo\",\"model\":\"TE-SS830\",\"serial_number\":\"TER-SYR-3001\",\"manufacturer\":\"Terumo\",\"purchase_date\":\"2024-04-10T00:00:00.000000Z\",\"warranty_start\":\"2024-04-10T00:00:00.000000Z\",\"warranty_end\":\"2027-04-09T00:00:00.000000Z\",\"purchase_cost\":\"420000.00\",\"depreciation_method\":\"straight_line\",\"useful_life_years\":7,\"residual_value\":\"0.00\",\"condition_status\":\"good\",\"asset_status\":\"available\",\"image_path\":null,\"notes\":null,\"last_issued_at\":null,\"last_returned_at\":null,\"created_by\":1,\"updated_by\":1}}', NULL, '2026-04-05 16:30:34', '2026-04-05 16:30:34'),
(59, 'default', 'created', 'App\\Models\\Asset', 'created', 5, NULL, NULL, '{\"attributes\":{\"asset_uuid\":\"a178e82e-a2ec-4689-bf1b-0e03f70d443a\",\"asset_name\":\"GE Patient Monitor 01\",\"asset_code\":\"AST-BICU-000004\",\"tag_number\":null,\"barcode_value\":null,\"qr_value\":null,\"asset_category_id\":10,\"supplier_id\":2,\"department_id\":1,\"location_id\":1,\"room_or_area\":null,\"assigned_user_id\":null,\"assigned_department_id\":null,\"assigned_location_id\":null,\"custodian_name\":null,\"brand\":\"GE\",\"model\":\"B105\",\"serial_number\":\"GE-MON-4001\",\"manufacturer\":\"GE Healthcare\",\"purchase_date\":\"2023-12-21T00:00:00.000000Z\",\"warranty_start\":\"2023-12-21T00:00:00.000000Z\",\"warranty_end\":\"2026-12-20T00:00:00.000000Z\",\"purchase_cost\":\"890000.00\",\"depreciation_method\":\"straight_line\",\"useful_life_years\":7,\"residual_value\":\"0.00\",\"condition_status\":\"good\",\"asset_status\":\"available\",\"image_path\":null,\"notes\":null,\"last_issued_at\":null,\"last_returned_at\":null,\"created_by\":1,\"updated_by\":1}}', NULL, '2026-04-05 16:30:35', '2026-04-05 16:30:35'),
(60, 'default', 'created', 'App\\Models\\Asset', 'created', 6, NULL, NULL, '{\"attributes\":{\"asset_uuid\":\"a178e82f-fe4e-4b42-b636-487f5215881f\",\"asset_name\":\"GE Patient Monitor 02\",\"asset_code\":\"AST-BWRD-000001\",\"tag_number\":null,\"barcode_value\":null,\"qr_value\":null,\"asset_category_id\":10,\"supplier_id\":2,\"department_id\":2,\"location_id\":3,\"room_or_area\":null,\"assigned_user_id\":null,\"assigned_department_id\":null,\"assigned_location_id\":null,\"custodian_name\":null,\"brand\":\"GE\",\"model\":\"B105\",\"serial_number\":\"GE-MON-4002\",\"manufacturer\":\"GE Healthcare\",\"purchase_date\":\"2023-12-21T00:00:00.000000Z\",\"warranty_start\":\"2023-12-21T00:00:00.000000Z\",\"warranty_end\":\"2026-12-20T00:00:00.000000Z\",\"purchase_cost\":\"890000.00\",\"depreciation_method\":\"straight_line\",\"useful_life_years\":7,\"residual_value\":\"0.00\",\"condition_status\":\"good\",\"asset_status\":\"available\",\"image_path\":null,\"notes\":null,\"last_issued_at\":null,\"last_returned_at\":null,\"created_by\":1,\"updated_by\":1}}', NULL, '2026-04-05 16:30:36', '2026-04-05 16:30:36'),
(61, 'default', 'created', 'App\\Models\\Asset', 'created', 7, NULL, NULL, '{\"attributes\":{\"asset_uuid\":\"a178e831-0782-4830-b671-635f7126eab7\",\"asset_name\":\"Hillrom Burn ICU Bed 01\",\"asset_code\":\"AST-BICU-000005\",\"tag_number\":null,\"barcode_value\":null,\"qr_value\":null,\"asset_category_id\":11,\"supplier_id\":2,\"department_id\":1,\"location_id\":1,\"room_or_area\":null,\"assigned_user_id\":null,\"assigned_department_id\":null,\"assigned_location_id\":null,\"custodian_name\":null,\"brand\":\"Hillrom\",\"model\":\"TotalCare\",\"serial_number\":\"HIL-BED-5001\",\"manufacturer\":\"Hillrom\",\"purchase_date\":\"2022-08-18T00:00:00.000000Z\",\"warranty_start\":\"2022-08-18T00:00:00.000000Z\",\"warranty_end\":\"2027-08-17T00:00:00.000000Z\",\"purchase_cost\":\"3500000.00\",\"depreciation_method\":\"straight_line\",\"useful_life_years\":7,\"residual_value\":\"0.00\",\"condition_status\":\"good\",\"asset_status\":\"available\",\"image_path\":null,\"notes\":null,\"last_issued_at\":null,\"last_returned_at\":null,\"created_by\":1,\"updated_by\":1}}', NULL, '2026-04-05 16:30:37', '2026-04-05 16:30:37'),
(62, 'default', 'created', 'App\\Models\\Asset', 'created', 8, NULL, NULL, '{\"attributes\":{\"asset_uuid\":\"a178e832-b826-4d61-b352-7c17c0165bda\",\"asset_name\":\"Hillrom Burn ICU Bed 02\",\"asset_code\":\"AST-BICU-000006\",\"tag_number\":null,\"barcode_value\":null,\"qr_value\":null,\"asset_category_id\":11,\"supplier_id\":2,\"department_id\":1,\"location_id\":2,\"room_or_area\":null,\"assigned_user_id\":null,\"assigned_department_id\":null,\"assigned_location_id\":null,\"custodian_name\":null,\"brand\":\"Hillrom\",\"model\":\"TotalCare\",\"serial_number\":\"HIL-BED-5002\",\"manufacturer\":\"Hillrom\",\"purchase_date\":\"2022-08-18T00:00:00.000000Z\",\"warranty_start\":\"2022-08-18T00:00:00.000000Z\",\"warranty_end\":\"2027-08-17T00:00:00.000000Z\",\"purchase_cost\":\"3500000.00\",\"depreciation_method\":\"straight_line\",\"useful_life_years\":7,\"residual_value\":\"0.00\",\"condition_status\":\"good\",\"asset_status\":\"available\",\"image_path\":null,\"notes\":null,\"last_issued_at\":null,\"last_returned_at\":null,\"created_by\":1,\"updated_by\":1}}', NULL, '2026-04-05 16:30:39', '2026-04-05 16:30:39'),
(63, 'default', 'created', 'App\\Models\\Asset', 'created', 9, NULL, NULL, '{\"attributes\":{\"asset_uuid\":\"a178e836-4ed7-4f15-8f01-489138b0470c\",\"asset_name\":\"Burn Dressing Trolley Alpha\",\"asset_code\":\"AST-BDRU-000002\",\"tag_number\":null,\"barcode_value\":null,\"qr_value\":null,\"asset_category_id\":12,\"supplier_id\":3,\"department_id\":3,\"location_id\":4,\"room_or_area\":null,\"assigned_user_id\":null,\"assigned_department_id\":null,\"assigned_location_id\":null,\"custodian_name\":null,\"brand\":\"SteriSafe\",\"model\":\"BT-12\",\"serial_number\":\"SST-DTR-6001\",\"manufacturer\":\"SteriSafe\",\"purchase_date\":\"2024-02-05T00:00:00.000000Z\",\"warranty_start\":\"2024-02-05T00:00:00.000000Z\",\"warranty_end\":\"2026-02-04T00:00:00.000000Z\",\"purchase_cost\":\"185000.00\",\"depreciation_method\":\"straight_line\",\"useful_life_years\":7,\"residual_value\":\"0.00\",\"condition_status\":\"good\",\"asset_status\":\"available\",\"image_path\":null,\"notes\":null,\"last_issued_at\":null,\"last_returned_at\":null,\"created_by\":1,\"updated_by\":1}}', NULL, '2026-04-05 16:30:40', '2026-04-05 16:30:40'),
(64, 'default', 'created', 'App\\Models\\Asset', 'created', 10, NULL, NULL, '{\"attributes\":{\"asset_uuid\":\"a178e839-3d84-47e5-9d82-32ded59cb740\",\"asset_name\":\"Burn Dressing Trolley Bravo\",\"asset_code\":\"AST-BDRU-000003\",\"tag_number\":null,\"barcode_value\":null,\"qr_value\":null,\"asset_category_id\":12,\"supplier_id\":3,\"department_id\":3,\"location_id\":4,\"room_or_area\":null,\"assigned_user_id\":null,\"assigned_department_id\":null,\"assigned_location_id\":null,\"custodian_name\":null,\"brand\":\"SteriSafe\",\"model\":\"BT-12\",\"serial_number\":\"SST-DTR-6002\",\"manufacturer\":\"SteriSafe\",\"purchase_date\":\"2024-02-05T00:00:00.000000Z\",\"warranty_start\":\"2024-02-05T00:00:00.000000Z\",\"warranty_end\":\"2026-02-04T00:00:00.000000Z\",\"purchase_cost\":\"185000.00\",\"depreciation_method\":\"straight_line\",\"useful_life_years\":7,\"residual_value\":\"0.00\",\"condition_status\":\"good\",\"asset_status\":\"available\",\"image_path\":null,\"notes\":null,\"last_issued_at\":null,\"last_returned_at\":null,\"created_by\":1,\"updated_by\":1}}', NULL, '2026-04-05 16:30:45', '2026-04-05 16:30:45'),
(65, 'default', 'created', 'App\\Models\\Asset', 'created', 11, NULL, NULL, '{\"attributes\":{\"asset_uuid\":\"a178e83f-2127-45c9-b444-23449d0769b9\",\"asset_name\":\"Steam Autoclave 01\",\"asset_code\":\"AST-CBST-000001\",\"tag_number\":null,\"barcode_value\":null,\"qr_value\":null,\"asset_category_id\":13,\"supplier_id\":3,\"department_id\":4,\"location_id\":5,\"room_or_area\":null,\"assigned_user_id\":null,\"assigned_department_id\":null,\"assigned_location_id\":null,\"custodian_name\":null,\"brand\":\"Getinge\",\"model\":\"HS66\",\"serial_number\":\"GET-AUT-7001\",\"manufacturer\":\"Getinge\",\"purchase_date\":\"2023-05-11T00:00:00.000000Z\",\"warranty_start\":\"2023-05-11T00:00:00.000000Z\",\"warranty_end\":\"2026-05-10T00:00:00.000000Z\",\"purchase_cost\":\"2700000.00\",\"depreciation_method\":\"straight_line\",\"useful_life_years\":7,\"residual_value\":\"0.00\",\"condition_status\":\"good\",\"asset_status\":\"available\",\"image_path\":null,\"notes\":null,\"last_issued_at\":null,\"last_returned_at\":null,\"created_by\":1,\"updated_by\":1}}', NULL, '2026-04-05 16:30:46', '2026-04-05 16:30:46'),
(66, 'default', 'created', 'App\\Models\\Asset', 'created', 12, NULL, NULL, '{\"attributes\":{\"asset_uuid\":\"a178e840-e2a3-4661-8c81-b2711a586632\",\"asset_name\":\"Steam Autoclave 02\",\"asset_code\":\"AST-CBST-000002\",\"tag_number\":null,\"barcode_value\":null,\"qr_value\":null,\"asset_category_id\":13,\"supplier_id\":3,\"department_id\":4,\"location_id\":5,\"room_or_area\":null,\"assigned_user_id\":null,\"assigned_department_id\":null,\"assigned_location_id\":null,\"custodian_name\":null,\"brand\":\"Getinge\",\"model\":\"HS66\",\"serial_number\":\"GET-AUT-7002\",\"manufacturer\":\"Getinge\",\"purchase_date\":\"2023-05-11T00:00:00.000000Z\",\"warranty_start\":\"2023-05-11T00:00:00.000000Z\",\"warranty_end\":\"2026-05-10T00:00:00.000000Z\",\"purchase_cost\":\"2700000.00\",\"depreciation_method\":\"straight_line\",\"useful_life_years\":7,\"residual_value\":\"0.00\",\"condition_status\":\"good\",\"asset_status\":\"available\",\"image_path\":null,\"notes\":null,\"last_issued_at\":null,\"last_returned_at\":null,\"created_by\":1,\"updated_by\":1}}', NULL, '2026-04-05 16:30:47', '2026-04-05 16:30:47'),
(67, 'default', 'created', 'App\\Models\\Asset', 'created', 13, NULL, NULL, '{\"attributes\":{\"asset_uuid\":\"a178e843-67b5-428a-a7e1-b2e9f23f31e2\",\"asset_name\":\"Portable Suction Machine 01\",\"asset_code\":\"AST-BICU-000007\",\"tag_number\":null,\"barcode_value\":null,\"qr_value\":null,\"asset_category_id\":14,\"supplier_id\":2,\"department_id\":1,\"location_id\":1,\"room_or_area\":null,\"assigned_user_id\":null,\"assigned_department_id\":null,\"assigned_location_id\":null,\"custodian_name\":null,\"brand\":\"Laerdal\",\"model\":\"LSU\",\"serial_number\":\"LAE-SUC-8001\",\"manufacturer\":\"Laerdal\",\"purchase_date\":\"2024-06-01T00:00:00.000000Z\",\"warranty_start\":\"2024-06-01T00:00:00.000000Z\",\"warranty_end\":\"2027-05-31T00:00:00.000000Z\",\"purchase_cost\":\"320000.00\",\"depreciation_method\":\"straight_line\",\"useful_life_years\":7,\"residual_value\":\"0.00\",\"condition_status\":\"good\",\"asset_status\":\"available\",\"image_path\":null,\"notes\":null,\"last_issued_at\":null,\"last_returned_at\":null,\"created_by\":1,\"updated_by\":1}}', NULL, '2026-04-05 16:30:49', '2026-04-05 16:30:49'),
(68, 'default', 'created', 'App\\Models\\Asset', 'created', 14, NULL, NULL, '{\"attributes\":{\"asset_uuid\":\"a178e847-86bf-421a-88a0-ef9942be2e4a\",\"asset_name\":\"Portable Suction Machine 02\",\"asset_code\":\"AST-BWRD-000002\",\"tag_number\":null,\"barcode_value\":null,\"qr_value\":null,\"asset_category_id\":14,\"supplier_id\":2,\"department_id\":2,\"location_id\":3,\"room_or_area\":null,\"assigned_user_id\":null,\"assigned_department_id\":null,\"assigned_location_id\":null,\"custodian_name\":null,\"brand\":\"Laerdal\",\"model\":\"LSU\",\"serial_number\":\"LAE-SUC-8002\",\"manufacturer\":\"Laerdal\",\"purchase_date\":\"2024-06-01T00:00:00.000000Z\",\"warranty_start\":\"2024-06-01T00:00:00.000000Z\",\"warranty_end\":\"2027-05-31T00:00:00.000000Z\",\"purchase_cost\":\"320000.00\",\"depreciation_method\":\"straight_line\",\"useful_life_years\":7,\"residual_value\":\"0.00\",\"condition_status\":\"good\",\"asset_status\":\"available\",\"image_path\":null,\"notes\":null,\"last_issued_at\":null,\"last_returned_at\":null,\"created_by\":1,\"updated_by\":1}}', NULL, '2026-04-05 16:30:53', '2026-04-05 16:30:53'),
(69, 'default', 'created', 'App\\Models\\Asset', 'created', 15, NULL, NULL, '{\"attributes\":{\"asset_uuid\":\"a178e84b-80f0-48d2-a849-5afa457e17a9\",\"asset_name\":\"Oxygen Flow Meter 01\",\"asset_code\":\"AST-BICU-000008\",\"tag_number\":null,\"barcode_value\":null,\"qr_value\":null,\"asset_category_id\":15,\"supplier_id\":2,\"department_id\":1,\"location_id\":1,\"room_or_area\":null,\"assigned_user_id\":null,\"assigned_department_id\":null,\"assigned_location_id\":null,\"custodian_name\":null,\"brand\":\"Precision\",\"model\":\"Flow-300\",\"serial_number\":\"PRC-OXY-9001\",\"manufacturer\":\"Precision Medical\",\"purchase_date\":\"2024-07-12T00:00:00.000000Z\",\"warranty_start\":\"2024-07-12T00:00:00.000000Z\",\"warranty_end\":\"2026-07-11T00:00:00.000000Z\",\"purchase_cost\":\"68000.00\",\"depreciation_method\":\"straight_line\",\"useful_life_years\":7,\"residual_value\":\"0.00\",\"condition_status\":\"good\",\"asset_status\":\"available\",\"image_path\":null,\"notes\":null,\"last_issued_at\":null,\"last_returned_at\":null,\"created_by\":1,\"updated_by\":1}}', NULL, '2026-04-05 16:30:54', '2026-04-05 16:30:54'),
(70, 'default', 'created', 'App\\Models\\Asset', 'created', 16, NULL, NULL, '{\"attributes\":{\"asset_uuid\":\"a178e84d-c449-4de9-ba95-63166cffc8ea\",\"asset_name\":\"Oxygen Flow Meter 02\",\"asset_code\":\"AST-BWRD-000003\",\"tag_number\":null,\"barcode_value\":null,\"qr_value\":null,\"asset_category_id\":15,\"supplier_id\":2,\"department_id\":2,\"location_id\":3,\"room_or_area\":null,\"assigned_user_id\":null,\"assigned_department_id\":null,\"assigned_location_id\":null,\"custodian_name\":null,\"brand\":\"Precision\",\"model\":\"Flow-300\",\"serial_number\":\"PRC-OXY-9002\",\"manufacturer\":\"Precision Medical\",\"purchase_date\":\"2024-07-12T00:00:00.000000Z\",\"warranty_start\":\"2024-07-12T00:00:00.000000Z\",\"warranty_end\":\"2026-07-11T00:00:00.000000Z\",\"purchase_cost\":\"68000.00\",\"depreciation_method\":\"straight_line\",\"useful_life_years\":7,\"residual_value\":\"0.00\",\"condition_status\":\"good\",\"asset_status\":\"available\",\"image_path\":null,\"notes\":null,\"last_issued_at\":null,\"last_returned_at\":null,\"created_by\":1,\"updated_by\":1}}', NULL, '2026-04-05 16:30:56', '2026-04-05 16:30:56'),
(71, 'default', 'created', 'App\\Models\\Asset', 'created', 17, NULL, NULL, '{\"attributes\":{\"asset_uuid\":\"a178e84f-a49f-4f67-8057-491b3c506708\",\"asset_name\":\"Medication Refrigerator 01\",\"asset_code\":\"AST-BPH-000001\",\"tag_number\":null,\"barcode_value\":null,\"qr_value\":null,\"asset_category_id\":19,\"supplier_id\":3,\"department_id\":6,\"location_id\":8,\"room_or_area\":null,\"assigned_user_id\":null,\"assigned_department_id\":null,\"assigned_location_id\":null,\"custodian_name\":null,\"brand\":\"Haier\",\"model\":\"HYC-290\",\"serial_number\":\"HAI-REF-1101\",\"manufacturer\":\"Haier Biomedical\",\"purchase_date\":\"2024-01-25T00:00:00.000000Z\",\"warranty_start\":\"2024-01-25T00:00:00.000000Z\",\"warranty_end\":\"2027-01-24T00:00:00.000000Z\",\"purchase_cost\":\"460000.00\",\"depreciation_method\":\"straight_line\",\"useful_life_years\":7,\"residual_value\":\"0.00\",\"condition_status\":\"good\",\"asset_status\":\"available\",\"image_path\":null,\"notes\":null,\"last_issued_at\":null,\"last_returned_at\":null,\"created_by\":1,\"updated_by\":1}}', NULL, '2026-04-05 16:30:57', '2026-04-05 16:30:57'),
(72, 'default', 'created', 'App\\Models\\Asset', 'created', 18, NULL, NULL, '{\"attributes\":{\"asset_uuid\":\"a178e851-0abf-40df-a068-116fc15a3ded\",\"asset_name\":\"Burn Ward Tablet 01\",\"asset_code\":\"AST-BWRD-000004\",\"tag_number\":null,\"barcode_value\":null,\"qr_value\":null,\"asset_category_id\":16,\"supplier_id\":2,\"department_id\":2,\"location_id\":3,\"room_or_area\":null,\"assigned_user_id\":null,\"assigned_department_id\":null,\"assigned_location_id\":null,\"custodian_name\":null,\"brand\":\"Samsung\",\"model\":\"Tab Active\",\"serial_number\":\"SAM-TAB-1201\",\"manufacturer\":\"Samsung\",\"purchase_date\":\"2024-08-10T00:00:00.000000Z\",\"warranty_start\":\"2024-08-10T00:00:00.000000Z\",\"warranty_end\":\"2026-08-09T00:00:00.000000Z\",\"purchase_cost\":\"165000.00\",\"depreciation_method\":\"straight_line\",\"useful_life_years\":7,\"residual_value\":\"0.00\",\"condition_status\":\"good\",\"asset_status\":\"available\",\"image_path\":null,\"notes\":null,\"last_issued_at\":null,\"last_returned_at\":null,\"created_by\":1,\"updated_by\":1}}', NULL, '2026-04-05 16:30:58', '2026-04-05 16:30:58'),
(73, 'default', 'created', 'App\\Models\\Asset', 'created', 19, NULL, NULL, '{\"attributes\":{\"asset_uuid\":\"a178e852-70fe-4721-ad35-f093268986e1\",\"asset_name\":\"Burn Ward Tablet 02\",\"asset_code\":\"AST-BICU-000009\",\"tag_number\":null,\"barcode_value\":null,\"qr_value\":null,\"asset_category_id\":16,\"supplier_id\":2,\"department_id\":1,\"location_id\":1,\"room_or_area\":null,\"assigned_user_id\":null,\"assigned_department_id\":null,\"assigned_location_id\":null,\"custodian_name\":null,\"brand\":\"Samsung\",\"model\":\"Tab Active\",\"serial_number\":\"SAM-TAB-1202\",\"manufacturer\":\"Samsung\",\"purchase_date\":\"2024-08-10T00:00:00.000000Z\",\"warranty_start\":\"2024-08-10T00:00:00.000000Z\",\"warranty_end\":\"2026-08-09T00:00:00.000000Z\",\"purchase_cost\":\"165000.00\",\"depreciation_method\":\"straight_line\",\"useful_life_years\":7,\"residual_value\":\"0.00\",\"condition_status\":\"good\",\"asset_status\":\"available\",\"image_path\":null,\"notes\":null,\"last_issued_at\":null,\"last_returned_at\":null,\"created_by\":1,\"updated_by\":1}}', NULL, '2026-04-05 16:30:58', '2026-04-05 16:30:58'),
(74, 'default', 'created', 'App\\Models\\Asset', 'created', 20, NULL, NULL, '{\"attributes\":{\"asset_uuid\":\"a178e853-dc73-4f68-922a-31a196dafafa\",\"asset_name\":\"USB Barcode Scanner 01\",\"asset_code\":\"AST-CBST-000003\",\"tag_number\":null,\"barcode_value\":null,\"qr_value\":null,\"asset_category_id\":17,\"supplier_id\":2,\"department_id\":4,\"location_id\":5,\"room_or_area\":null,\"assigned_user_id\":null,\"assigned_department_id\":null,\"assigned_location_id\":null,\"custodian_name\":null,\"brand\":\"Zebra\",\"model\":\"DS2208\",\"serial_number\":\"ZEB-SCN-1301\",\"manufacturer\":\"Zebra\",\"purchase_date\":\"2024-08-18T00:00:00.000000Z\",\"warranty_start\":\"2024-08-18T00:00:00.000000Z\",\"warranty_end\":\"2026-08-17T00:00:00.000000Z\",\"purchase_cost\":\"45000.00\",\"depreciation_method\":\"straight_line\",\"useful_life_years\":7,\"residual_value\":\"0.00\",\"condition_status\":\"good\",\"asset_status\":\"available\",\"image_path\":null,\"notes\":null,\"last_issued_at\":null,\"last_returned_at\":null,\"created_by\":1,\"updated_by\":1}}', NULL, '2026-04-05 16:31:00', '2026-04-05 16:31:00'),
(75, 'default', 'created', 'App\\Models\\Asset', 'created', 21, NULL, NULL, '{\"attributes\":{\"asset_uuid\":\"a178e854-c8b1-4744-b137-c9424691702c\",\"asset_name\":\"USB Barcode Scanner 02\",\"asset_code\":\"AST-CBST-000004\",\"tag_number\":null,\"barcode_value\":null,\"qr_value\":null,\"asset_category_id\":17,\"supplier_id\":2,\"department_id\":4,\"location_id\":6,\"room_or_area\":null,\"assigned_user_id\":null,\"assigned_department_id\":null,\"assigned_location_id\":null,\"custodian_name\":null,\"brand\":\"Zebra\",\"model\":\"DS2208\",\"serial_number\":\"ZEB-SCN-1302\",\"manufacturer\":\"Zebra\",\"purchase_date\":\"2024-08-18T00:00:00.000000Z\",\"warranty_start\":\"2024-08-18T00:00:00.000000Z\",\"warranty_end\":\"2026-08-17T00:00:00.000000Z\",\"purchase_cost\":\"45000.00\",\"depreciation_method\":\"straight_line\",\"useful_life_years\":7,\"residual_value\":\"0.00\",\"condition_status\":\"good\",\"asset_status\":\"available\",\"image_path\":null,\"notes\":null,\"last_issued_at\":null,\"last_returned_at\":null,\"created_by\":1,\"updated_by\":1}}', NULL, '2026-04-05 16:31:00', '2026-04-05 16:31:00'),
(76, 'default', 'created', 'App\\Models\\Asset', 'created', 22, NULL, NULL, '{\"attributes\":{\"asset_uuid\":\"a178e856-c34e-4ed5-a7bd-0ae90506f4fa\",\"asset_name\":\"Laser Printer 01\",\"asset_code\":\"AST-PROC-000001\",\"tag_number\":null,\"barcode_value\":null,\"qr_value\":null,\"asset_category_id\":18,\"supplier_id\":2,\"department_id\":7,\"location_id\":7,\"room_or_area\":null,\"assigned_user_id\":null,\"assigned_department_id\":null,\"assigned_location_id\":null,\"custodian_name\":null,\"brand\":\"HP\",\"model\":\"LaserJet Pro\",\"serial_number\":\"HP-PRN-1401\",\"manufacturer\":\"HP\",\"purchase_date\":\"2023-09-14T00:00:00.000000Z\",\"warranty_start\":\"2023-09-14T00:00:00.000000Z\",\"warranty_end\":\"2026-09-13T00:00:00.000000Z\",\"purchase_cost\":\"78000.00\",\"depreciation_method\":\"straight_line\",\"useful_life_years\":7,\"residual_value\":\"0.00\",\"condition_status\":\"good\",\"asset_status\":\"available\",\"image_path\":null,\"notes\":null,\"last_issued_at\":null,\"last_returned_at\":null,\"created_by\":1,\"updated_by\":1}}', NULL, '2026-04-05 16:31:02', '2026-04-05 16:31:02'),
(77, 'default', 'created', 'App\\Models\\Asset', 'created', 23, NULL, NULL, '{\"attributes\":{\"asset_uuid\":\"a178e859-505b-4268-afb6-cb128ef68c37\",\"asset_name\":\"Laser Printer 02\",\"asset_code\":\"AST-FIN-000001\",\"tag_number\":null,\"barcode_value\":null,\"qr_value\":null,\"asset_category_id\":18,\"supplier_id\":2,\"department_id\":8,\"location_id\":7,\"room_or_area\":null,\"assigned_user_id\":null,\"assigned_department_id\":null,\"assigned_location_id\":null,\"custodian_name\":null,\"brand\":\"HP\",\"model\":\"LaserJet Pro\",\"serial_number\":\"HP-PRN-1402\",\"manufacturer\":\"HP\",\"purchase_date\":\"2023-09-14T00:00:00.000000Z\",\"warranty_start\":\"2023-09-14T00:00:00.000000Z\",\"warranty_end\":\"2026-09-13T00:00:00.000000Z\",\"purchase_cost\":\"78000.00\",\"depreciation_method\":\"straight_line\",\"useful_life_years\":7,\"residual_value\":\"0.00\",\"condition_status\":\"good\",\"asset_status\":\"available\",\"image_path\":null,\"notes\":null,\"last_issued_at\":null,\"last_returned_at\":null,\"created_by\":1,\"updated_by\":1}}', NULL, '2026-04-05 16:31:03', '2026-04-05 16:31:03'),
(78, 'default', 'created', 'App\\Models\\Asset', 'created', 24, NULL, NULL, '{\"attributes\":{\"asset_uuid\":\"a178e85a-2ca9-4b85-b7d1-f3b946cb21e9\",\"asset_name\":\"UPS Unit 01\",\"asset_code\":\"AST-BICU-000010\",\"tag_number\":null,\"barcode_value\":null,\"qr_value\":null,\"asset_category_id\":20,\"supplier_id\":2,\"department_id\":1,\"location_id\":1,\"room_or_area\":null,\"assigned_user_id\":null,\"assigned_department_id\":null,\"assigned_location_id\":null,\"custodian_name\":null,\"brand\":\"APC\",\"model\":\"Smart-UPS 3000\",\"serial_number\":\"APC-UPS-1501\",\"manufacturer\":\"APC\",\"purchase_date\":\"2023-06-06T00:00:00.000000Z\",\"warranty_start\":\"2023-06-06T00:00:00.000000Z\",\"warranty_end\":\"2026-06-05T00:00:00.000000Z\",\"purchase_cost\":\"210000.00\",\"depreciation_method\":\"straight_line\",\"useful_life_years\":7,\"residual_value\":\"0.00\",\"condition_status\":\"good\",\"asset_status\":\"available\",\"image_path\":null,\"notes\":null,\"last_issued_at\":null,\"last_returned_at\":null,\"created_by\":1,\"updated_by\":1}}', NULL, '2026-04-05 16:31:03', '2026-04-05 16:31:03'),
(79, 'default', 'created', 'App\\Models\\Asset', 'created', 25, NULL, NULL, '{\"attributes\":{\"asset_uuid\":\"a178e85a-cd63-42de-9345-e990ad6b3d92\",\"asset_name\":\"UPS Unit 02\",\"asset_code\":\"AST-BPH-000002\",\"tag_number\":null,\"barcode_value\":null,\"qr_value\":null,\"asset_category_id\":20,\"supplier_id\":2,\"department_id\":6,\"location_id\":8,\"room_or_area\":null,\"assigned_user_id\":null,\"assigned_department_id\":null,\"assigned_location_id\":null,\"custodian_name\":null,\"brand\":\"APC\",\"model\":\"Smart-UPS 3000\",\"serial_number\":\"APC-UPS-1502\",\"manufacturer\":\"APC\",\"purchase_date\":\"2023-06-06T00:00:00.000000Z\",\"warranty_start\":\"2023-06-06T00:00:00.000000Z\",\"warranty_end\":\"2026-06-05T00:00:00.000000Z\",\"purchase_cost\":\"210000.00\",\"depreciation_method\":\"straight_line\",\"useful_life_years\":7,\"residual_value\":\"0.00\",\"condition_status\":\"good\",\"asset_status\":\"available\",\"image_path\":null,\"notes\":null,\"last_issued_at\":null,\"last_returned_at\":null,\"created_by\":1,\"updated_by\":1}}', NULL, '2026-04-05 16:31:05', '2026-04-05 16:31:05'),
(80, 'default', 'created', 'App\\Models\\Asset', 'created', 26, NULL, NULL, '{\"attributes\":{\"asset_uuid\":\"a178e860-4756-4f35-a316-7dc389474efd\",\"asset_name\":\"Fire Extinguisher Cart 01\",\"asset_code\":\"AST-BICU-000011\",\"tag_number\":null,\"barcode_value\":null,\"qr_value\":null,\"asset_category_id\":21,\"supplier_id\":3,\"department_id\":1,\"location_id\":2,\"room_or_area\":null,\"assigned_user_id\":null,\"assigned_department_id\":null,\"assigned_location_id\":null,\"custodian_name\":null,\"brand\":\"SafetyFirst\",\"model\":\"Dry Powder 6kg\",\"serial_number\":\"SAF-FSE-1601\",\"manufacturer\":\"SafetyFirst\",\"purchase_date\":\"2024-01-09T00:00:00.000000Z\",\"warranty_start\":\"2024-01-09T00:00:00.000000Z\",\"warranty_end\":\"2027-01-08T00:00:00.000000Z\",\"purchase_cost\":\"38000.00\",\"depreciation_method\":\"straight_line\",\"useful_life_years\":7,\"residual_value\":\"0.00\",\"condition_status\":\"good\",\"asset_status\":\"available\",\"image_path\":null,\"notes\":null,\"last_issued_at\":null,\"last_returned_at\":null,\"created_by\":1,\"updated_by\":1}}', NULL, '2026-04-05 16:31:08', '2026-04-05 16:31:08'),
(81, 'default', 'created', 'App\\Models\\Asset', 'created', 27, NULL, NULL, '{\"attributes\":{\"asset_uuid\":\"a178e863-6678-4800-a330-8b962ddedd42\",\"asset_name\":\"Fire Extinguisher Cart 02\",\"asset_code\":\"AST-BWRD-000005\",\"tag_number\":null,\"barcode_value\":null,\"qr_value\":null,\"asset_category_id\":21,\"supplier_id\":3,\"department_id\":2,\"location_id\":3,\"room_or_area\":null,\"assigned_user_id\":null,\"assigned_department_id\":null,\"assigned_location_id\":null,\"custodian_name\":null,\"brand\":\"SafetyFirst\",\"model\":\"Dry Powder 6kg\",\"serial_number\":\"SAF-FSE-1602\",\"manufacturer\":\"SafetyFirst\",\"purchase_date\":\"2024-01-09T00:00:00.000000Z\",\"warranty_start\":\"2024-01-09T00:00:00.000000Z\",\"warranty_end\":\"2027-01-08T00:00:00.000000Z\",\"purchase_cost\":\"38000.00\",\"depreciation_method\":\"straight_line\",\"useful_life_years\":7,\"residual_value\":\"0.00\",\"condition_status\":\"good\",\"asset_status\":\"available\",\"image_path\":null,\"notes\":null,\"last_issued_at\":null,\"last_returned_at\":null,\"created_by\":1,\"updated_by\":1}}', NULL, '2026-04-05 16:31:10', '2026-04-05 16:31:10'),
(82, 'default', 'created', 'App\\Models\\Asset', 'created', 28, NULL, NULL, '{\"attributes\":{\"asset_uuid\":\"a178e864-f2e1-430b-b883-274fc19bd77d\",\"asset_name\":\"Biomedical Workshop Tablet\",\"asset_code\":\"AST-BME-000001\",\"tag_number\":null,\"barcode_value\":null,\"qr_value\":null,\"asset_category_id\":16,\"supplier_id\":2,\"department_id\":5,\"location_id\":9,\"room_or_area\":null,\"assigned_user_id\":null,\"assigned_department_id\":null,\"assigned_location_id\":null,\"custodian_name\":null,\"brand\":\"Samsung\",\"model\":\"Tab Active\",\"serial_number\":\"SAM-TAB-1203\",\"manufacturer\":\"Samsung\",\"purchase_date\":\"2024-08-10T00:00:00.000000Z\",\"warranty_start\":\"2024-08-10T00:00:00.000000Z\",\"warranty_end\":\"2026-08-09T00:00:00.000000Z\",\"purchase_cost\":\"165000.00\",\"depreciation_method\":\"straight_line\",\"useful_life_years\":7,\"residual_value\":\"0.00\",\"condition_status\":\"good\",\"asset_status\":\"available\",\"image_path\":null,\"notes\":null,\"last_issued_at\":null,\"last_returned_at\":null,\"created_by\":1,\"updated_by\":1}}', NULL, '2026-04-05 16:31:11', '2026-04-05 16:31:11'),
(83, 'default', 'created', 'App\\Models\\AssetTag', 'created', 1, NULL, NULL, '{\"attributes\":{\"asset_id\":1,\"tag_number\":\"BC-KORT-BICU-EQP-000001\",\"tag_format\":\"BC-KORT-[DEPARTMENT]-[TYPE]-[SEQUENCE]\",\"barcode_value\":\"BC-KORT-BICU-EQP-000001\",\"qr_value\":\"http:\\/\\/localhost\\/assets\\/1\",\"printed_count\":0,\"last_printed_at\":null,\"is_active\":true,\"created_by\":1,\"updated_by\":1}}', NULL, '2026-04-05 16:31:15', '2026-04-05 16:31:15'),
(84, 'default', 'updated', 'App\\Models\\Asset', 'updated', 1, NULL, NULL, '{\"attributes\":{\"tag_number\":\"BC-KORT-BICU-EQP-000001\",\"barcode_value\":\"BC-KORT-BICU-EQP-000001\",\"qr_value\":\"http:\\/\\/localhost\\/assets\\/1\"},\"old\":{\"tag_number\":null,\"barcode_value\":null,\"qr_value\":null}}', NULL, '2026-04-05 16:31:17', '2026-04-05 16:31:17'),
(85, 'assets', 'Asset tag generated', 'App\\Models\\Asset', 'tag-generated', 1, 'App\\Models\\User', 1, '{\"tag_number\":\"BC-KORT-BICU-EQP-000001\",\"barcode_value\":\"BC-KORT-BICU-EQP-000001\",\"qr_value\":\"http:\\/\\/localhost\\/assets\\/1\"}', NULL, '2026-04-05 16:31:19', '2026-04-05 16:31:19'),
(86, 'default', 'created', 'App\\Models\\AssetTag', 'created', 2, NULL, NULL, '{\"attributes\":{\"asset_id\":2,\"tag_number\":\"BC-KORT-BICU-EQP-000002\",\"tag_format\":\"BC-KORT-[DEPARTMENT]-[TYPE]-[SEQUENCE]\",\"barcode_value\":\"BC-KORT-BICU-EQP-000002\",\"qr_value\":\"http:\\/\\/localhost\\/assets\\/2\",\"printed_count\":0,\"last_printed_at\":null,\"is_active\":true,\"created_by\":1,\"updated_by\":1}}', NULL, '2026-04-05 16:31:21', '2026-04-05 16:31:21'),
(87, 'default', 'updated', 'App\\Models\\Asset', 'updated', 2, NULL, NULL, '{\"attributes\":{\"tag_number\":\"BC-KORT-BICU-EQP-000002\",\"barcode_value\":\"BC-KORT-BICU-EQP-000002\",\"qr_value\":\"http:\\/\\/localhost\\/assets\\/2\"},\"old\":{\"tag_number\":null,\"barcode_value\":null,\"qr_value\":null}}', NULL, '2026-04-05 16:31:21', '2026-04-05 16:31:21'),
(88, 'assets', 'Asset tag generated', 'App\\Models\\Asset', 'tag-generated', 2, 'App\\Models\\User', 1, '{\"tag_number\":\"BC-KORT-BICU-EQP-000002\",\"barcode_value\":\"BC-KORT-BICU-EQP-000002\",\"qr_value\":\"http:\\/\\/localhost\\/assets\\/2\"}', NULL, '2026-04-05 16:31:21', '2026-04-05 16:31:21'),
(89, 'default', 'created', 'App\\Models\\AssetTag', 'created', 3, NULL, NULL, '{\"attributes\":{\"asset_id\":3,\"tag_number\":\"BC-KORT-BICU-EQP-000003\",\"tag_format\":\"BC-KORT-[DEPARTMENT]-[TYPE]-[SEQUENCE]\",\"barcode_value\":\"BC-KORT-BICU-EQP-000003\",\"qr_value\":\"http:\\/\\/localhost\\/assets\\/3\",\"printed_count\":0,\"last_printed_at\":null,\"is_active\":true,\"created_by\":1,\"updated_by\":1}}', NULL, '2026-04-05 16:31:22', '2026-04-05 16:31:22'),
(90, 'default', 'updated', 'App\\Models\\Asset', 'updated', 3, NULL, NULL, '{\"attributes\":{\"tag_number\":\"BC-KORT-BICU-EQP-000003\",\"barcode_value\":\"BC-KORT-BICU-EQP-000003\",\"qr_value\":\"http:\\/\\/localhost\\/assets\\/3\"},\"old\":{\"tag_number\":null,\"barcode_value\":null,\"qr_value\":null}}', NULL, '2026-04-05 16:31:23', '2026-04-05 16:31:23'),
(91, 'assets', 'Asset tag generated', 'App\\Models\\Asset', 'tag-generated', 3, 'App\\Models\\User', 1, '{\"tag_number\":\"BC-KORT-BICU-EQP-000003\",\"barcode_value\":\"BC-KORT-BICU-EQP-000003\",\"qr_value\":\"http:\\/\\/localhost\\/assets\\/3\"}', NULL, '2026-04-05 16:31:23', '2026-04-05 16:31:23'),
(92, 'default', 'created', 'App\\Models\\AssetTag', 'created', 4, NULL, NULL, '{\"attributes\":{\"asset_id\":4,\"tag_number\":\"BC-KORT-BDRU-EQP-000001\",\"tag_format\":\"BC-KORT-[DEPARTMENT]-[TYPE]-[SEQUENCE]\",\"barcode_value\":\"BC-KORT-BDRU-EQP-000001\",\"qr_value\":\"http:\\/\\/localhost\\/assets\\/4\",\"printed_count\":0,\"last_printed_at\":null,\"is_active\":true,\"created_by\":1,\"updated_by\":1}}', NULL, '2026-04-05 16:31:24', '2026-04-05 16:31:24'),
(93, 'default', 'updated', 'App\\Models\\Asset', 'updated', 4, NULL, NULL, '{\"attributes\":{\"tag_number\":\"BC-KORT-BDRU-EQP-000001\",\"barcode_value\":\"BC-KORT-BDRU-EQP-000001\",\"qr_value\":\"http:\\/\\/localhost\\/assets\\/4\"},\"old\":{\"tag_number\":null,\"barcode_value\":null,\"qr_value\":null}}', NULL, '2026-04-05 16:31:24', '2026-04-05 16:31:24'),
(94, 'assets', 'Asset tag generated', 'App\\Models\\Asset', 'tag-generated', 4, 'App\\Models\\User', 1, '{\"tag_number\":\"BC-KORT-BDRU-EQP-000001\",\"barcode_value\":\"BC-KORT-BDRU-EQP-000001\",\"qr_value\":\"http:\\/\\/localhost\\/assets\\/4\"}', NULL, '2026-04-05 16:31:24', '2026-04-05 16:31:24'),
(95, 'default', 'created', 'App\\Models\\AssetTag', 'created', 5, NULL, NULL, '{\"attributes\":{\"asset_id\":5,\"tag_number\":\"BC-KORT-BICU-EQP-000004\",\"tag_format\":\"BC-KORT-[DEPARTMENT]-[TYPE]-[SEQUENCE]\",\"barcode_value\":\"BC-KORT-BICU-EQP-000004\",\"qr_value\":\"http:\\/\\/localhost\\/assets\\/5\",\"printed_count\":0,\"last_printed_at\":null,\"is_active\":true,\"created_by\":1,\"updated_by\":1}}', NULL, '2026-04-05 16:31:25', '2026-04-05 16:31:25'),
(96, 'default', 'updated', 'App\\Models\\Asset', 'updated', 5, NULL, NULL, '{\"attributes\":{\"tag_number\":\"BC-KORT-BICU-EQP-000004\",\"barcode_value\":\"BC-KORT-BICU-EQP-000004\",\"qr_value\":\"http:\\/\\/localhost\\/assets\\/5\"},\"old\":{\"tag_number\":null,\"barcode_value\":null,\"qr_value\":null}}', NULL, '2026-04-05 16:31:25', '2026-04-05 16:31:25'),
(97, 'assets', 'Asset tag generated', 'App\\Models\\Asset', 'tag-generated', 5, 'App\\Models\\User', 1, '{\"tag_number\":\"BC-KORT-BICU-EQP-000004\",\"barcode_value\":\"BC-KORT-BICU-EQP-000004\",\"qr_value\":\"http:\\/\\/localhost\\/assets\\/5\"}', NULL, '2026-04-05 16:31:25', '2026-04-05 16:31:25'),
(98, 'default', 'created', 'App\\Models\\AssetTag', 'created', 6, NULL, NULL, '{\"attributes\":{\"asset_id\":6,\"tag_number\":\"BC-KORT-BWRD-EQP-000001\",\"tag_format\":\"BC-KORT-[DEPARTMENT]-[TYPE]-[SEQUENCE]\",\"barcode_value\":\"BC-KORT-BWRD-EQP-000001\",\"qr_value\":\"http:\\/\\/localhost\\/assets\\/6\",\"printed_count\":0,\"last_printed_at\":null,\"is_active\":true,\"created_by\":1,\"updated_by\":1}}', NULL, '2026-04-05 16:31:26', '2026-04-05 16:31:26'),
(99, 'default', 'updated', 'App\\Models\\Asset', 'updated', 6, NULL, NULL, '{\"attributes\":{\"tag_number\":\"BC-KORT-BWRD-EQP-000001\",\"barcode_value\":\"BC-KORT-BWRD-EQP-000001\",\"qr_value\":\"http:\\/\\/localhost\\/assets\\/6\"},\"old\":{\"tag_number\":null,\"barcode_value\":null,\"qr_value\":null}}', NULL, '2026-04-05 16:31:26', '2026-04-05 16:31:26'),
(100, 'assets', 'Asset tag generated', 'App\\Models\\Asset', 'tag-generated', 6, 'App\\Models\\User', 1, '{\"tag_number\":\"BC-KORT-BWRD-EQP-000001\",\"barcode_value\":\"BC-KORT-BWRD-EQP-000001\",\"qr_value\":\"http:\\/\\/localhost\\/assets\\/6\"}', NULL, '2026-04-05 16:31:26', '2026-04-05 16:31:26'),
(101, 'default', 'created', 'App\\Models\\AssetTag', 'created', 7, NULL, NULL, '{\"attributes\":{\"asset_id\":7,\"tag_number\":\"BC-KORT-BICU-EQP-000005\",\"tag_format\":\"BC-KORT-[DEPARTMENT]-[TYPE]-[SEQUENCE]\",\"barcode_value\":\"BC-KORT-BICU-EQP-000005\",\"qr_value\":\"http:\\/\\/localhost\\/assets\\/7\",\"printed_count\":0,\"last_printed_at\":null,\"is_active\":true,\"created_by\":1,\"updated_by\":1}}', NULL, '2026-04-05 16:31:27', '2026-04-05 16:31:27'),
(102, 'default', 'updated', 'App\\Models\\Asset', 'updated', 7, NULL, NULL, '{\"attributes\":{\"tag_number\":\"BC-KORT-BICU-EQP-000005\",\"barcode_value\":\"BC-KORT-BICU-EQP-000005\",\"qr_value\":\"http:\\/\\/localhost\\/assets\\/7\"},\"old\":{\"tag_number\":null,\"barcode_value\":null,\"qr_value\":null}}', NULL, '2026-04-05 16:31:27', '2026-04-05 16:31:27'),
(103, 'assets', 'Asset tag generated', 'App\\Models\\Asset', 'tag-generated', 7, 'App\\Models\\User', 1, '{\"tag_number\":\"BC-KORT-BICU-EQP-000005\",\"barcode_value\":\"BC-KORT-BICU-EQP-000005\",\"qr_value\":\"http:\\/\\/localhost\\/assets\\/7\"}', NULL, '2026-04-05 16:31:27', '2026-04-05 16:31:27'),
(104, 'default', 'created', 'App\\Models\\AssetTag', 'created', 8, NULL, NULL, '{\"attributes\":{\"asset_id\":8,\"tag_number\":\"BC-KORT-BICU-EQP-000006\",\"tag_format\":\"BC-KORT-[DEPARTMENT]-[TYPE]-[SEQUENCE]\",\"barcode_value\":\"BC-KORT-BICU-EQP-000006\",\"qr_value\":\"http:\\/\\/localhost\\/assets\\/8\",\"printed_count\":0,\"last_printed_at\":null,\"is_active\":true,\"created_by\":1,\"updated_by\":1}}', NULL, '2026-04-05 16:31:28', '2026-04-05 16:31:28'),
(105, 'default', 'updated', 'App\\Models\\Asset', 'updated', 8, NULL, NULL, '{\"attributes\":{\"tag_number\":\"BC-KORT-BICU-EQP-000006\",\"barcode_value\":\"BC-KORT-BICU-EQP-000006\",\"qr_value\":\"http:\\/\\/localhost\\/assets\\/8\"},\"old\":{\"tag_number\":null,\"barcode_value\":null,\"qr_value\":null}}', NULL, '2026-04-05 16:31:28', '2026-04-05 16:31:28'),
(106, 'assets', 'Asset tag generated', 'App\\Models\\Asset', 'tag-generated', 8, 'App\\Models\\User', 1, '{\"tag_number\":\"BC-KORT-BICU-EQP-000006\",\"barcode_value\":\"BC-KORT-BICU-EQP-000006\",\"qr_value\":\"http:\\/\\/localhost\\/assets\\/8\"}', NULL, '2026-04-05 16:31:28', '2026-04-05 16:31:28'),
(107, 'default', 'created', 'App\\Models\\AssetTag', 'created', 9, NULL, NULL, '{\"attributes\":{\"asset_id\":9,\"tag_number\":\"BC-KORT-BDRU-EQP-000002\",\"tag_format\":\"BC-KORT-[DEPARTMENT]-[TYPE]-[SEQUENCE]\",\"barcode_value\":\"BC-KORT-BDRU-EQP-000002\",\"qr_value\":\"http:\\/\\/localhost\\/assets\\/9\",\"printed_count\":0,\"last_printed_at\":null,\"is_active\":true,\"created_by\":1,\"updated_by\":1}}', NULL, '2026-04-05 16:31:28', '2026-04-05 16:31:28'),
(108, 'default', 'updated', 'App\\Models\\Asset', 'updated', 9, NULL, NULL, '{\"attributes\":{\"tag_number\":\"BC-KORT-BDRU-EQP-000002\",\"barcode_value\":\"BC-KORT-BDRU-EQP-000002\",\"qr_value\":\"http:\\/\\/localhost\\/assets\\/9\"},\"old\":{\"tag_number\":null,\"barcode_value\":null,\"qr_value\":null}}', NULL, '2026-04-05 16:31:28', '2026-04-05 16:31:28'),
(109, 'assets', 'Asset tag generated', 'App\\Models\\Asset', 'tag-generated', 9, 'App\\Models\\User', 1, '{\"tag_number\":\"BC-KORT-BDRU-EQP-000002\",\"barcode_value\":\"BC-KORT-BDRU-EQP-000002\",\"qr_value\":\"http:\\/\\/localhost\\/assets\\/9\"}', NULL, '2026-04-05 16:31:28', '2026-04-05 16:31:28'),
(110, 'default', 'created', 'App\\Models\\AssetTag', 'created', 10, NULL, NULL, '{\"attributes\":{\"asset_id\":10,\"tag_number\":\"BC-KORT-BDRU-EQP-000003\",\"tag_format\":\"BC-KORT-[DEPARTMENT]-[TYPE]-[SEQUENCE]\",\"barcode_value\":\"BC-KORT-BDRU-EQP-000003\",\"qr_value\":\"http:\\/\\/localhost\\/assets\\/10\",\"printed_count\":0,\"last_printed_at\":null,\"is_active\":true,\"created_by\":1,\"updated_by\":1}}', NULL, '2026-04-05 16:31:28', '2026-04-05 16:31:28'),
(111, 'default', 'updated', 'App\\Models\\Asset', 'updated', 10, NULL, NULL, '{\"attributes\":{\"tag_number\":\"BC-KORT-BDRU-EQP-000003\",\"barcode_value\":\"BC-KORT-BDRU-EQP-000003\",\"qr_value\":\"http:\\/\\/localhost\\/assets\\/10\"},\"old\":{\"tag_number\":null,\"barcode_value\":null,\"qr_value\":null}}', NULL, '2026-04-05 16:31:28', '2026-04-05 16:31:28'),
(112, 'assets', 'Asset tag generated', 'App\\Models\\Asset', 'tag-generated', 10, 'App\\Models\\User', 1, '{\"tag_number\":\"BC-KORT-BDRU-EQP-000003\",\"barcode_value\":\"BC-KORT-BDRU-EQP-000003\",\"qr_value\":\"http:\\/\\/localhost\\/assets\\/10\"}', NULL, '2026-04-05 16:31:28', '2026-04-05 16:31:28'),
(113, 'default', 'created', 'App\\Models\\AssetTag', 'created', 11, NULL, NULL, '{\"attributes\":{\"asset_id\":11,\"tag_number\":\"BC-KORT-CBST-EQP-000001\",\"tag_format\":\"BC-KORT-[DEPARTMENT]-[TYPE]-[SEQUENCE]\",\"barcode_value\":\"BC-KORT-CBST-EQP-000001\",\"qr_value\":\"http:\\/\\/localhost\\/assets\\/11\",\"printed_count\":0,\"last_printed_at\":null,\"is_active\":true,\"created_by\":1,\"updated_by\":1}}', NULL, '2026-04-05 16:31:28', '2026-04-05 16:31:28'),
(114, 'default', 'updated', 'App\\Models\\Asset', 'updated', 11, NULL, NULL, '{\"attributes\":{\"tag_number\":\"BC-KORT-CBST-EQP-000001\",\"barcode_value\":\"BC-KORT-CBST-EQP-000001\",\"qr_value\":\"http:\\/\\/localhost\\/assets\\/11\"},\"old\":{\"tag_number\":null,\"barcode_value\":null,\"qr_value\":null}}', NULL, '2026-04-05 16:31:29', '2026-04-05 16:31:29'),
(115, 'assets', 'Asset tag generated', 'App\\Models\\Asset', 'tag-generated', 11, 'App\\Models\\User', 1, '{\"tag_number\":\"BC-KORT-CBST-EQP-000001\",\"barcode_value\":\"BC-KORT-CBST-EQP-000001\",\"qr_value\":\"http:\\/\\/localhost\\/assets\\/11\"}', NULL, '2026-04-05 16:31:29', '2026-04-05 16:31:29'),
(116, 'default', 'created', 'App\\Models\\AssetTag', 'created', 12, NULL, NULL, '{\"attributes\":{\"asset_id\":12,\"tag_number\":\"BC-KORT-CBST-EQP-000002\",\"tag_format\":\"BC-KORT-[DEPARTMENT]-[TYPE]-[SEQUENCE]\",\"barcode_value\":\"BC-KORT-CBST-EQP-000002\",\"qr_value\":\"http:\\/\\/localhost\\/assets\\/12\",\"printed_count\":0,\"last_printed_at\":null,\"is_active\":true,\"created_by\":1,\"updated_by\":1}}', NULL, '2026-04-05 16:31:29', '2026-04-05 16:31:29'),
(117, 'default', 'updated', 'App\\Models\\Asset', 'updated', 12, NULL, NULL, '{\"attributes\":{\"tag_number\":\"BC-KORT-CBST-EQP-000002\",\"barcode_value\":\"BC-KORT-CBST-EQP-000002\",\"qr_value\":\"http:\\/\\/localhost\\/assets\\/12\"},\"old\":{\"tag_number\":null,\"barcode_value\":null,\"qr_value\":null}}', NULL, '2026-04-05 16:31:29', '2026-04-05 16:31:29'),
(118, 'assets', 'Asset tag generated', 'App\\Models\\Asset', 'tag-generated', 12, 'App\\Models\\User', 1, '{\"tag_number\":\"BC-KORT-CBST-EQP-000002\",\"barcode_value\":\"BC-KORT-CBST-EQP-000002\",\"qr_value\":\"http:\\/\\/localhost\\/assets\\/12\"}', NULL, '2026-04-05 16:31:29', '2026-04-05 16:31:29'),
(119, 'default', 'created', 'App\\Models\\AssetTag', 'created', 13, NULL, NULL, '{\"attributes\":{\"asset_id\":13,\"tag_number\":\"BC-KORT-BICU-EQP-000007\",\"tag_format\":\"BC-KORT-[DEPARTMENT]-[TYPE]-[SEQUENCE]\",\"barcode_value\":\"BC-KORT-BICU-EQP-000007\",\"qr_value\":\"http:\\/\\/localhost\\/assets\\/13\",\"printed_count\":0,\"last_printed_at\":null,\"is_active\":true,\"created_by\":1,\"updated_by\":1}}', NULL, '2026-04-05 16:31:29', '2026-04-05 16:31:29'),
(120, 'default', 'updated', 'App\\Models\\Asset', 'updated', 13, NULL, NULL, '{\"attributes\":{\"tag_number\":\"BC-KORT-BICU-EQP-000007\",\"barcode_value\":\"BC-KORT-BICU-EQP-000007\",\"qr_value\":\"http:\\/\\/localhost\\/assets\\/13\"},\"old\":{\"tag_number\":null,\"barcode_value\":null,\"qr_value\":null}}', NULL, '2026-04-05 16:31:29', '2026-04-05 16:31:29'),
(121, 'assets', 'Asset tag generated', 'App\\Models\\Asset', 'tag-generated', 13, 'App\\Models\\User', 1, '{\"tag_number\":\"BC-KORT-BICU-EQP-000007\",\"barcode_value\":\"BC-KORT-BICU-EQP-000007\",\"qr_value\":\"http:\\/\\/localhost\\/assets\\/13\"}', NULL, '2026-04-05 16:31:29', '2026-04-05 16:31:29'),
(122, 'default', 'created', 'App\\Models\\AssetTag', 'created', 14, NULL, NULL, '{\"attributes\":{\"asset_id\":14,\"tag_number\":\"BC-KORT-BWRD-EQP-000002\",\"tag_format\":\"BC-KORT-[DEPARTMENT]-[TYPE]-[SEQUENCE]\",\"barcode_value\":\"BC-KORT-BWRD-EQP-000002\",\"qr_value\":\"http:\\/\\/localhost\\/assets\\/14\",\"printed_count\":0,\"last_printed_at\":null,\"is_active\":true,\"created_by\":1,\"updated_by\":1}}', NULL, '2026-04-05 16:31:29', '2026-04-05 16:31:29'),
(123, 'default', 'updated', 'App\\Models\\Asset', 'updated', 14, NULL, NULL, '{\"attributes\":{\"tag_number\":\"BC-KORT-BWRD-EQP-000002\",\"barcode_value\":\"BC-KORT-BWRD-EQP-000002\",\"qr_value\":\"http:\\/\\/localhost\\/assets\\/14\"},\"old\":{\"tag_number\":null,\"barcode_value\":null,\"qr_value\":null}}', NULL, '2026-04-05 16:31:29', '2026-04-05 16:31:29'),
(124, 'assets', 'Asset tag generated', 'App\\Models\\Asset', 'tag-generated', 14, 'App\\Models\\User', 1, '{\"tag_number\":\"BC-KORT-BWRD-EQP-000002\",\"barcode_value\":\"BC-KORT-BWRD-EQP-000002\",\"qr_value\":\"http:\\/\\/localhost\\/assets\\/14\"}', NULL, '2026-04-05 16:31:29', '2026-04-05 16:31:29'),
(125, 'default', 'created', 'App\\Models\\AssetTag', 'created', 15, NULL, NULL, '{\"attributes\":{\"asset_id\":15,\"tag_number\":\"BC-KORT-BICU-EQP-000008\",\"tag_format\":\"BC-KORT-[DEPARTMENT]-[TYPE]-[SEQUENCE]\",\"barcode_value\":\"BC-KORT-BICU-EQP-000008\",\"qr_value\":\"http:\\/\\/localhost\\/assets\\/15\",\"printed_count\":0,\"last_printed_at\":null,\"is_active\":true,\"created_by\":1,\"updated_by\":1}}', NULL, '2026-04-05 16:31:30', '2026-04-05 16:31:30'),
(126, 'default', 'updated', 'App\\Models\\Asset', 'updated', 15, NULL, NULL, '{\"attributes\":{\"tag_number\":\"BC-KORT-BICU-EQP-000008\",\"barcode_value\":\"BC-KORT-BICU-EQP-000008\",\"qr_value\":\"http:\\/\\/localhost\\/assets\\/15\"},\"old\":{\"tag_number\":null,\"barcode_value\":null,\"qr_value\":null}}', NULL, '2026-04-05 16:31:30', '2026-04-05 16:31:30'),
(127, 'assets', 'Asset tag generated', 'App\\Models\\Asset', 'tag-generated', 15, 'App\\Models\\User', 1, '{\"tag_number\":\"BC-KORT-BICU-EQP-000008\",\"barcode_value\":\"BC-KORT-BICU-EQP-000008\",\"qr_value\":\"http:\\/\\/localhost\\/assets\\/15\"}', NULL, '2026-04-05 16:31:30', '2026-04-05 16:31:30'),
(128, 'default', 'created', 'App\\Models\\AssetTag', 'created', 16, NULL, NULL, '{\"attributes\":{\"asset_id\":16,\"tag_number\":\"BC-KORT-BWRD-EQP-000003\",\"tag_format\":\"BC-KORT-[DEPARTMENT]-[TYPE]-[SEQUENCE]\",\"barcode_value\":\"BC-KORT-BWRD-EQP-000003\",\"qr_value\":\"http:\\/\\/localhost\\/assets\\/16\",\"printed_count\":0,\"last_printed_at\":null,\"is_active\":true,\"created_by\":1,\"updated_by\":1}}', NULL, '2026-04-05 16:31:30', '2026-04-05 16:31:30'),
(129, 'default', 'updated', 'App\\Models\\Asset', 'updated', 16, NULL, NULL, '{\"attributes\":{\"tag_number\":\"BC-KORT-BWRD-EQP-000003\",\"barcode_value\":\"BC-KORT-BWRD-EQP-000003\",\"qr_value\":\"http:\\/\\/localhost\\/assets\\/16\"},\"old\":{\"tag_number\":null,\"barcode_value\":null,\"qr_value\":null}}', NULL, '2026-04-05 16:31:30', '2026-04-05 16:31:30'),
(130, 'assets', 'Asset tag generated', 'App\\Models\\Asset', 'tag-generated', 16, 'App\\Models\\User', 1, '{\"tag_number\":\"BC-KORT-BWRD-EQP-000003\",\"barcode_value\":\"BC-KORT-BWRD-EQP-000003\",\"qr_value\":\"http:\\/\\/localhost\\/assets\\/16\"}', NULL, '2026-04-05 16:31:30', '2026-04-05 16:31:30'),
(131, 'default', 'created', 'App\\Models\\AssetTag', 'created', 17, NULL, NULL, '{\"attributes\":{\"asset_id\":17,\"tag_number\":\"BC-KORT-BPH-FAC-000001\",\"tag_format\":\"BC-KORT-[DEPARTMENT]-[TYPE]-[SEQUENCE]\",\"barcode_value\":\"BC-KORT-BPH-FAC-000001\",\"qr_value\":\"http:\\/\\/localhost\\/assets\\/17\",\"printed_count\":0,\"last_printed_at\":null,\"is_active\":true,\"created_by\":1,\"updated_by\":1}}', NULL, '2026-04-05 16:31:30', '2026-04-05 16:31:30'),
(132, 'default', 'updated', 'App\\Models\\Asset', 'updated', 17, NULL, NULL, '{\"attributes\":{\"tag_number\":\"BC-KORT-BPH-FAC-000001\",\"barcode_value\":\"BC-KORT-BPH-FAC-000001\",\"qr_value\":\"http:\\/\\/localhost\\/assets\\/17\"},\"old\":{\"tag_number\":null,\"barcode_value\":null,\"qr_value\":null}}', NULL, '2026-04-05 16:31:30', '2026-04-05 16:31:30'),
(133, 'assets', 'Asset tag generated', 'App\\Models\\Asset', 'tag-generated', 17, 'App\\Models\\User', 1, '{\"tag_number\":\"BC-KORT-BPH-FAC-000001\",\"barcode_value\":\"BC-KORT-BPH-FAC-000001\",\"qr_value\":\"http:\\/\\/localhost\\/assets\\/17\"}', NULL, '2026-04-05 16:31:31', '2026-04-05 16:31:31'),
(134, 'default', 'created', 'App\\Models\\AssetTag', 'created', 18, NULL, NULL, '{\"attributes\":{\"asset_id\":18,\"tag_number\":\"BC-KORT-BWRD-ITM-000001\",\"tag_format\":\"BC-KORT-[DEPARTMENT]-[TYPE]-[SEQUENCE]\",\"barcode_value\":\"BC-KORT-BWRD-ITM-000001\",\"qr_value\":\"http:\\/\\/localhost\\/assets\\/18\",\"printed_count\":0,\"last_printed_at\":null,\"is_active\":true,\"created_by\":1,\"updated_by\":1}}', NULL, '2026-04-05 16:31:31', '2026-04-05 16:31:31'),
(135, 'default', 'updated', 'App\\Models\\Asset', 'updated', 18, NULL, NULL, '{\"attributes\":{\"tag_number\":\"BC-KORT-BWRD-ITM-000001\",\"barcode_value\":\"BC-KORT-BWRD-ITM-000001\",\"qr_value\":\"http:\\/\\/localhost\\/assets\\/18\"},\"old\":{\"tag_number\":null,\"barcode_value\":null,\"qr_value\":null}}', NULL, '2026-04-05 16:31:31', '2026-04-05 16:31:31'),
(136, 'assets', 'Asset tag generated', 'App\\Models\\Asset', 'tag-generated', 18, 'App\\Models\\User', 1, '{\"tag_number\":\"BC-KORT-BWRD-ITM-000001\",\"barcode_value\":\"BC-KORT-BWRD-ITM-000001\",\"qr_value\":\"http:\\/\\/localhost\\/assets\\/18\"}', NULL, '2026-04-05 16:31:32', '2026-04-05 16:31:32'),
(137, 'default', 'created', 'App\\Models\\AssetTag', 'created', 19, NULL, NULL, '{\"attributes\":{\"asset_id\":19,\"tag_number\":\"BC-KORT-BICU-ITM-000001\",\"tag_format\":\"BC-KORT-[DEPARTMENT]-[TYPE]-[SEQUENCE]\",\"barcode_value\":\"BC-KORT-BICU-ITM-000001\",\"qr_value\":\"http:\\/\\/localhost\\/assets\\/19\",\"printed_count\":0,\"last_printed_at\":null,\"is_active\":true,\"created_by\":1,\"updated_by\":1}}', NULL, '2026-04-05 16:31:33', '2026-04-05 16:31:33'),
(138, 'default', 'updated', 'App\\Models\\Asset', 'updated', 19, NULL, NULL, '{\"attributes\":{\"tag_number\":\"BC-KORT-BICU-ITM-000001\",\"barcode_value\":\"BC-KORT-BICU-ITM-000001\",\"qr_value\":\"http:\\/\\/localhost\\/assets\\/19\"},\"old\":{\"tag_number\":null,\"barcode_value\":null,\"qr_value\":null}}', NULL, '2026-04-05 16:31:34', '2026-04-05 16:31:34'),
(139, 'assets', 'Asset tag generated', 'App\\Models\\Asset', 'tag-generated', 19, 'App\\Models\\User', 1, '{\"tag_number\":\"BC-KORT-BICU-ITM-000001\",\"barcode_value\":\"BC-KORT-BICU-ITM-000001\",\"qr_value\":\"http:\\/\\/localhost\\/assets\\/19\"}', NULL, '2026-04-05 16:31:35', '2026-04-05 16:31:35'),
(140, 'default', 'created', 'App\\Models\\AssetTag', 'created', 20, NULL, NULL, '{\"attributes\":{\"asset_id\":20,\"tag_number\":\"BC-KORT-CBST-ITM-000001\",\"tag_format\":\"BC-KORT-[DEPARTMENT]-[TYPE]-[SEQUENCE]\",\"barcode_value\":\"BC-KORT-CBST-ITM-000001\",\"qr_value\":\"http:\\/\\/localhost\\/assets\\/20\",\"printed_count\":0,\"last_printed_at\":null,\"is_active\":true,\"created_by\":1,\"updated_by\":1}}', NULL, '2026-04-05 16:31:37', '2026-04-05 16:31:37'),
(141, 'default', 'updated', 'App\\Models\\Asset', 'updated', 20, NULL, NULL, '{\"attributes\":{\"tag_number\":\"BC-KORT-CBST-ITM-000001\",\"barcode_value\":\"BC-KORT-CBST-ITM-000001\",\"qr_value\":\"http:\\/\\/localhost\\/assets\\/20\"},\"old\":{\"tag_number\":null,\"barcode_value\":null,\"qr_value\":null}}', NULL, '2026-04-05 16:31:38', '2026-04-05 16:31:38'),
(142, 'assets', 'Asset tag generated', 'App\\Models\\Asset', 'tag-generated', 20, 'App\\Models\\User', 1, '{\"tag_number\":\"BC-KORT-CBST-ITM-000001\",\"barcode_value\":\"BC-KORT-CBST-ITM-000001\",\"qr_value\":\"http:\\/\\/localhost\\/assets\\/20\"}', NULL, '2026-04-05 16:31:38', '2026-04-05 16:31:38'),
(143, 'default', 'updated', 'App\\Models\\AssetTag', 'updated', 1, NULL, NULL, '{\"attributes\":{\"printed_count\":1},\"old\":{\"printed_count\":0}}', NULL, '2026-04-05 16:31:39', '2026-04-05 16:31:39'),
(144, 'default', 'updated', 'App\\Models\\AssetTag', 'updated', 1, NULL, NULL, '{\"attributes\":{\"last_printed_at\":\"2026-04-05T16:31:39.000000Z\"},\"old\":{\"last_printed_at\":null}}', NULL, '2026-04-05 16:31:40', '2026-04-05 16:31:40'),
(145, 'assets', 'Asset label printed', 'App\\Models\\Asset', 'label-printed', 1, 'App\\Models\\User', 1, '{\"tag_number\":\"BC-KORT-BICU-EQP-000001\",\"printed_count\":1}', NULL, '2026-04-05 16:31:40', '2026-04-05 16:31:40'),
(146, 'default', 'updated', 'App\\Models\\AssetTag', 'updated', 2, NULL, NULL, '{\"attributes\":{\"printed_count\":1},\"old\":{\"printed_count\":0}}', NULL, '2026-04-05 16:31:40', '2026-04-05 16:31:40'),
(147, 'default', 'updated', 'App\\Models\\AssetTag', 'updated', 2, NULL, NULL, '{\"attributes\":{\"last_printed_at\":\"2026-04-05T16:31:40.000000Z\"},\"old\":{\"last_printed_at\":null}}', NULL, '2026-04-05 16:31:41', '2026-04-05 16:31:41'),
(148, 'assets', 'Asset label printed', 'App\\Models\\Asset', 'label-printed', 2, 'App\\Models\\User', 1, '{\"tag_number\":\"BC-KORT-BICU-EQP-000002\",\"printed_count\":1}', NULL, '2026-04-05 16:31:41', '2026-04-05 16:31:41'),
(149, 'default', 'created', 'App\\Models\\AssetAssignment', 'created', 1, NULL, NULL, '{\"attributes\":{\"asset_id\":1,\"assignment_type\":\"staff\",\"department_id\":1,\"location_id\":1,\"assigned_user_id\":7,\"room_or_area\":\"Ventilator Station A\",\"custodian_name\":\"Rabia Iftikhar\",\"issued_by\":1,\"received_by\":7,\"assigned_at\":\"2026-04-01T16:31:42.000000Z\",\"expected_return_at\":\"2026-04-08T16:31:42.000000Z\",\"returned_at\":null,\"status\":\"active\",\"remarks\":\"Assigned for Burn ICU bedside respiratory support.\",\"created_by\":1,\"updated_by\":1}}', NULL, '2026-04-05 16:31:42', '2026-04-05 16:31:42'),
(150, 'default', 'updated', 'App\\Models\\Asset', 'updated', 1, NULL, NULL, '{\"attributes\":{\"room_or_area\":\"Ventilator Station A\",\"assigned_user_id\":7,\"assigned_department_id\":1,\"assigned_location_id\":1,\"custodian_name\":\"Rabia Iftikhar\",\"last_issued_at\":\"2026-04-01T16:31:42.000000Z\"},\"old\":{\"room_or_area\":null,\"assigned_user_id\":null,\"assigned_department_id\":null,\"assigned_location_id\":null,\"custodian_name\":null,\"last_issued_at\":null}}', NULL, '2026-04-05 16:31:44', '2026-04-05 16:31:44'),
(151, 'default', 'updated', 'App\\Models\\Asset', 'updated', 1, NULL, NULL, '{\"attributes\":{\"asset_status\":\"in_use\"},\"old\":{\"asset_status\":\"available\"}}', NULL, '2026-04-05 16:31:45', '2026-04-05 16:31:45'),
(152, 'assets', 'Asset status changed', 'App\\Models\\Asset', 'status-changed', 1, 'App\\Models\\User', 1, '{\"old_status\":\"available\",\"new_status\":\"in_use\",\"old_condition\":\"excellent\",\"new_condition\":\"excellent\",\"reason\":\"Assigned for Burn ICU bedside respiratory support.\"}', NULL, '2026-04-05 16:31:47', '2026-04-05 16:31:47'),
(153, 'assets', 'Asset issued', 'App\\Models\\Asset', 'issued', 1, 'App\\Models\\User', 1, '{\"assignment_id\":1,\"assignment_type\":\"staff\",\"department_id\":1,\"location_id\":1,\"assigned_user_id\":7}', NULL, '2026-04-05 16:31:47', '2026-04-05 16:31:47'),
(154, 'default', 'created', 'App\\Models\\AssetAssignment', 'created', 2, NULL, NULL, '{\"attributes\":{\"asset_id\":2,\"assignment_type\":\"department\",\"department_id\":2,\"location_id\":3,\"assigned_user_id\":null,\"room_or_area\":\"Ward Monitor Bay\",\"custodian_name\":\"Nadia Rehman\",\"issued_by\":1,\"received_by\":null,\"assigned_at\":\"2026-04-02T16:31:48.000000Z\",\"expected_return_at\":\"2026-04-10T16:31:48.000000Z\",\"returned_at\":null,\"status\":\"active\",\"remarks\":\"Issued to Burn Ward for overflow critical monitoring.\",\"created_by\":1,\"updated_by\":1}}', NULL, '2026-04-05 16:31:50', '2026-04-05 16:31:50'),
(155, 'default', 'updated', 'App\\Models\\Asset', 'updated', 2, NULL, NULL, '{\"attributes\":{\"department_id\":2,\"location_id\":3,\"room_or_area\":\"Ward Monitor Bay\",\"assigned_department_id\":2,\"assigned_location_id\":3,\"custodian_name\":\"Nadia Rehman\",\"last_issued_at\":\"2026-04-02T16:31:48.000000Z\"},\"old\":{\"department_id\":1,\"location_id\":2,\"room_or_area\":null,\"assigned_department_id\":null,\"assigned_location_id\":null,\"custodian_name\":null,\"last_issued_at\":null}}', NULL, '2026-04-05 16:31:50', '2026-04-05 16:31:50'),
(156, 'default', 'updated', 'App\\Models\\Asset', 'updated', 2, NULL, NULL, '{\"attributes\":{\"asset_status\":\"in_use\"},\"old\":{\"asset_status\":\"available\"}}', NULL, '2026-04-05 16:31:50', '2026-04-05 16:31:50'),
(157, 'assets', 'Asset status changed', 'App\\Models\\Asset', 'status-changed', 2, 'App\\Models\\User', 1, '{\"old_status\":\"available\",\"new_status\":\"in_use\",\"old_condition\":\"excellent\",\"new_condition\":\"excellent\",\"reason\":\"Issued to Burn Ward for overflow critical monitoring.\"}', NULL, '2026-04-05 16:31:50', '2026-04-05 16:31:50'),
(158, 'assets', 'Asset issued', 'App\\Models\\Asset', 'issued', 2, 'App\\Models\\User', 1, '{\"assignment_id\":2,\"assignment_type\":\"department\",\"department_id\":2,\"location_id\":3,\"assigned_user_id\":null}', NULL, '2026-04-05 16:31:50', '2026-04-05 16:31:50'),
(159, 'default', 'created', 'App\\Models\\AssetAssignment', 'created', 3, NULL, NULL, '{\"attributes\":{\"asset_id\":3,\"assignment_type\":\"room\",\"department_id\":1,\"location_id\":2,\"assigned_user_id\":null,\"room_or_area\":\"Isolation Room 2\",\"custodian_name\":\"Isolation Bedside Team\",\"issued_by\":1,\"received_by\":null,\"assigned_at\":\"2026-04-03T16:31:50.000000Z\",\"expected_return_at\":\"2026-04-09T16:31:50.000000Z\",\"returned_at\":null,\"status\":\"active\",\"remarks\":\"Placed in isolation room for dedicated infusion support.\",\"created_by\":1,\"updated_by\":1}}', NULL, '2026-04-05 16:31:51', '2026-04-05 16:31:51'),
(160, 'default', 'updated', 'App\\Models\\Asset', 'updated', 3, NULL, NULL, '{\"attributes\":{\"location_id\":2,\"room_or_area\":\"Isolation Room 2\",\"assigned_department_id\":1,\"assigned_location_id\":2,\"custodian_name\":\"Isolation Bedside Team\",\"last_issued_at\":\"2026-04-03T16:31:50.000000Z\"},\"old\":{\"location_id\":1,\"room_or_area\":null,\"assigned_department_id\":null,\"assigned_location_id\":null,\"custodian_name\":null,\"last_issued_at\":null}}', NULL, '2026-04-05 16:31:51', '2026-04-05 16:31:51'),
(161, 'default', 'updated', 'App\\Models\\Asset', 'updated', 3, NULL, NULL, '{\"attributes\":{\"asset_status\":\"in_use\"},\"old\":{\"asset_status\":\"available\"}}', NULL, '2026-04-05 16:31:51', '2026-04-05 16:31:51'),
(162, 'assets', 'Asset status changed', 'App\\Models\\Asset', 'status-changed', 3, 'App\\Models\\User', 1, '{\"old_status\":\"available\",\"new_status\":\"in_use\",\"old_condition\":\"good\",\"new_condition\":\"good\",\"reason\":\"Placed in isolation room for dedicated infusion support.\"}', NULL, '2026-04-05 16:31:51', '2026-04-05 16:31:51'),
(163, 'assets', 'Asset issued', 'App\\Models\\Asset', 'issued', 3, 'App\\Models\\User', 1, '{\"assignment_id\":3,\"assignment_type\":\"room\",\"department_id\":1,\"location_id\":2,\"assigned_user_id\":null}', NULL, '2026-04-05 16:31:51', '2026-04-05 16:31:51'),
(164, 'default', 'created', 'App\\Models\\AssetAssignment', 'created', 4, NULL, NULL, '{\"attributes\":{\"asset_id\":4,\"assignment_type\":\"location\",\"department_id\":3,\"location_id\":4,\"assigned_user_id\":null,\"room_or_area\":\"Procedure Prep Zone\",\"custodian_name\":\"Burn Dressing Team\",\"issued_by\":1,\"received_by\":null,\"assigned_at\":\"2026-03-31T16:31:51.000000Z\",\"expected_return_at\":\"2026-04-04T16:31:51.000000Z\",\"returned_at\":null,\"status\":\"active\",\"remarks\":\"Allocated for dressing preparation workflow.\",\"created_by\":1,\"updated_by\":1}}', NULL, '2026-04-05 16:31:51', '2026-04-05 16:31:51'),
(165, 'default', 'updated', 'App\\Models\\Asset', 'updated', 4, NULL, NULL, '{\"attributes\":{\"room_or_area\":\"Procedure Prep Zone\",\"assigned_department_id\":3,\"assigned_location_id\":4,\"custodian_name\":\"Burn Dressing Team\",\"last_issued_at\":\"2026-03-31T16:31:51.000000Z\"},\"old\":{\"room_or_area\":null,\"assigned_department_id\":null,\"assigned_location_id\":null,\"custodian_name\":null,\"last_issued_at\":null}}', NULL, '2026-04-05 16:31:51', '2026-04-05 16:31:51'),
(166, 'default', 'updated', 'App\\Models\\Asset', 'updated', 4, NULL, NULL, '{\"attributes\":{\"asset_status\":\"in_use\"},\"old\":{\"asset_status\":\"available\"}}', NULL, '2026-04-05 16:31:51', '2026-04-05 16:31:51'),
(167, 'assets', 'Asset status changed', 'App\\Models\\Asset', 'status-changed', 4, 'App\\Models\\User', 1, '{\"old_status\":\"available\",\"new_status\":\"in_use\",\"old_condition\":\"good\",\"new_condition\":\"good\",\"reason\":\"Allocated for dressing preparation workflow.\"}', NULL, '2026-04-05 16:31:51', '2026-04-05 16:31:51'),
(168, 'assets', 'Asset issued', 'App\\Models\\Asset', 'issued', 4, 'App\\Models\\User', 1, '{\"assignment_id\":4,\"assignment_type\":\"location\",\"department_id\":3,\"location_id\":4,\"assigned_user_id\":null}', NULL, '2026-04-05 16:31:51', '2026-04-05 16:31:51'),
(169, 'default', 'updated', 'App\\Models\\AssetAssignment', 'updated', 4, NULL, NULL, '{\"attributes\":{\"received_by\":1,\"assigned_at\":\"2026-04-05T21:31:53.000000Z\",\"returned_at\":\"2026-04-04T16:31:52.000000Z\",\"status\":\"returned\",\"remarks\":\"Returned after scheduled dressing round.\"},\"old\":{\"received_by\":null,\"assigned_at\":\"2026-03-31T16:31:51.000000Z\",\"returned_at\":null,\"status\":\"active\",\"remarks\":\"Allocated for dressing preparation workflow.\"}}', NULL, '2026-04-05 16:31:53', '2026-04-05 16:31:53'),
(170, 'default', 'updated', 'App\\Models\\Asset', 'updated', 4, NULL, NULL, '{\"attributes\":{\"assigned_department_id\":null,\"assigned_location_id\":null,\"custodian_name\":null,\"last_returned_at\":\"2026-04-04T16:31:52.000000Z\"},\"old\":{\"assigned_department_id\":3,\"assigned_location_id\":4,\"custodian_name\":\"Burn Dressing Team\",\"last_returned_at\":null}}', NULL, '2026-04-05 16:31:54', '2026-04-05 16:31:54'),
(171, 'default', 'updated', 'App\\Models\\Asset', 'updated', 4, NULL, NULL, '{\"attributes\":{\"asset_status\":\"available\"},\"old\":{\"asset_status\":\"in_use\"}}', NULL, '2026-04-05 16:31:54', '2026-04-05 16:31:54'),
(172, 'assets', 'Asset status changed', 'App\\Models\\Asset', 'status-changed', 4, 'App\\Models\\User', 1, '{\"old_status\":\"in_use\",\"new_status\":\"available\",\"old_condition\":\"good\",\"new_condition\":\"good\",\"reason\":\"Returned after scheduled dressing round.\"}', NULL, '2026-04-05 16:31:54', '2026-04-05 16:31:54'),
(173, 'assets', 'Asset returned', 'App\\Models\\Asset', 'returned', 4, 'App\\Models\\User', 1, '{\"assignment_id\":4,\"returned_at\":\"2026-04-04 16:31:52\"}', NULL, '2026-04-05 16:31:54', '2026-04-05 16:31:54'),
(174, 'default', 'created', 'App\\Models\\AssetAssignment', 'created', 5, NULL, NULL, '{\"attributes\":{\"asset_id\":5,\"assignment_type\":\"location\",\"department_id\":5,\"location_id\":9,\"assigned_user_id\":null,\"room_or_area\":\"Workshop Bench\",\"custodian_name\":\"Biomedical Workshop\",\"issued_by\":1,\"received_by\":null,\"assigned_at\":\"2026-04-04T16:31:54.000000Z\",\"expected_return_at\":null,\"returned_at\":null,\"status\":\"active\",\"remarks\":\"Transferred for bench inspection after intermittent alarm.\",\"created_by\":1,\"updated_by\":1}}', NULL, '2026-04-05 16:31:57', '2026-04-05 16:31:57'),
(175, 'default', 'updated', 'App\\Models\\Asset', 'updated', 5, NULL, NULL, '{\"attributes\":{\"department_id\":5,\"location_id\":9,\"room_or_area\":\"Workshop Bench\",\"assigned_department_id\":5,\"assigned_location_id\":9,\"custodian_name\":\"Biomedical Workshop\"},\"old\":{\"department_id\":1,\"location_id\":1,\"room_or_area\":null,\"assigned_department_id\":null,\"assigned_location_id\":null,\"custodian_name\":null}}', NULL, '2026-04-05 16:31:58', '2026-04-05 16:31:58'),
(176, 'assets', 'Asset transferred', 'App\\Models\\Asset', 'transferred', 5, 'App\\Models\\User', 1, '{\"assignment_id\":5,\"assignment_type\":\"location\",\"department_id\":5,\"location_id\":9,\"assigned_user_id\":null}', NULL, '2026-04-05 16:31:58', '2026-04-05 16:31:58'),
(177, 'default', 'created', 'App\\Models\\AssetAssignment', 'created', 6, NULL, NULL, '{\"attributes\":{\"asset_id\":6,\"assignment_type\":\"staff\",\"department_id\":2,\"location_id\":3,\"assigned_user_id\":6,\"room_or_area\":\"Crash Cart Position\",\"custodian_name\":\"Nadia Rehman\",\"issued_by\":1,\"received_by\":6,\"assigned_at\":\"2026-04-03T16:31:58.000000Z\",\"expected_return_at\":\"2026-04-12T16:31:58.000000Z\",\"returned_at\":null,\"status\":\"active\",\"remarks\":\"Held by nurse supervisor for crash cart coverage.\",\"created_by\":1,\"updated_by\":1}}', NULL, '2026-04-05 16:31:59', '2026-04-05 16:31:59'),
(178, 'default', 'updated', 'App\\Models\\Asset', 'updated', 6, NULL, NULL, '{\"attributes\":{\"room_or_area\":\"Crash Cart Position\",\"assigned_user_id\":6,\"assigned_department_id\":2,\"assigned_location_id\":3,\"custodian_name\":\"Nadia Rehman\",\"last_issued_at\":\"2026-04-03T16:31:58.000000Z\"},\"old\":{\"room_or_area\":null,\"assigned_user_id\":null,\"assigned_department_id\":null,\"assigned_location_id\":null,\"custodian_name\":null,\"last_issued_at\":null}}', NULL, '2026-04-05 16:31:59', '2026-04-05 16:31:59'),
(179, 'default', 'updated', 'App\\Models\\Asset', 'updated', 6, NULL, NULL, '{\"attributes\":{\"asset_status\":\"in_use\"},\"old\":{\"asset_status\":\"available\"}}', NULL, '2026-04-05 16:31:59', '2026-04-05 16:31:59'),
(180, 'assets', 'Asset status changed', 'App\\Models\\Asset', 'status-changed', 6, 'App\\Models\\User', 1, '{\"old_status\":\"available\",\"new_status\":\"in_use\",\"old_condition\":\"good\",\"new_condition\":\"good\",\"reason\":\"Held by nurse supervisor for crash cart coverage.\"}', NULL, '2026-04-05 16:31:59', '2026-04-05 16:31:59'),
(181, 'assets', 'Asset issued', 'App\\Models\\Asset', 'issued', 6, 'App\\Models\\User', 1, '{\"assignment_id\":6,\"assignment_type\":\"staff\",\"department_id\":2,\"location_id\":3,\"assigned_user_id\":6}', NULL, '2026-04-05 16:31:59', '2026-04-05 16:31:59'),
(182, 'default', 'updated', 'App\\Models\\AssetAssignment', 'updated', 6, NULL, NULL, '{\"attributes\":{\"assigned_at\":\"2026-04-05T21:31:59.000000Z\",\"returned_at\":\"2026-04-04T16:31:59.000000Z\",\"status\":\"transferred\",\"remarks\":\"Held by nurse supervisor for crash cart coverage. Closed automatically during transfer.\"},\"old\":{\"assigned_at\":\"2026-04-03T16:31:58.000000Z\",\"returned_at\":null,\"status\":\"active\",\"remarks\":\"Held by nurse supervisor for crash cart coverage.\"}}', NULL, '2026-04-05 16:32:00', '2026-04-05 16:32:00'),
(183, 'default', 'created', 'App\\Models\\AssetAssignment', 'created', 7, NULL, NULL, '{\"attributes\":{\"asset_id\":6,\"assignment_type\":\"staff\",\"department_id\":2,\"location_id\":3,\"assigned_user_id\":7,\"room_or_area\":\"Crash Cart Position\",\"custodian_name\":\"Rabia Iftikhar\",\"issued_by\":1,\"received_by\":7,\"assigned_at\":\"2026-04-04T16:31:59.000000Z\",\"expected_return_at\":null,\"returned_at\":null,\"status\":\"active\",\"remarks\":\"Transferred to bedside staff for active patient coverage.\",\"created_by\":1,\"updated_by\":1}}', NULL, '2026-04-05 16:32:00', '2026-04-05 16:32:00'),
(184, 'default', 'updated', 'App\\Models\\Asset', 'updated', 6, NULL, NULL, '{\"attributes\":{\"assigned_user_id\":7,\"custodian_name\":\"Rabia Iftikhar\"},\"old\":{\"assigned_user_id\":6,\"custodian_name\":\"Nadia Rehman\"}}', NULL, '2026-04-05 16:32:02', '2026-04-05 16:32:02'),
(185, 'assets', 'Asset transferred', 'App\\Models\\Asset', 'transferred', 6, 'App\\Models\\User', 1, '{\"assignment_id\":7,\"assignment_type\":\"staff\",\"department_id\":2,\"location_id\":3,\"assigned_user_id\":7}', NULL, '2026-04-05 16:32:05', '2026-04-05 16:32:05'),
(186, 'default', 'updated', 'App\\Models\\Asset', 'updated', 7, NULL, NULL, '{\"attributes\":{\"asset_status\":\"under_cleaning\"},\"old\":{\"asset_status\":\"available\"}}', NULL, '2026-04-05 16:32:06', '2026-04-05 16:32:06'),
(187, 'assets', 'Asset status changed', 'App\\Models\\Asset', 'status-changed', 7, 'App\\Models\\User', 1, '{\"old_status\":\"available\",\"new_status\":\"under_cleaning\",\"old_condition\":\"good\",\"new_condition\":\"good\",\"reason\":\"Sent for terminal disinfection after isolation room use.\"}', NULL, '2026-04-05 16:32:07', '2026-04-05 16:32:07'),
(188, 'default', 'updated', 'App\\Models\\Asset', 'updated', 8, NULL, NULL, '{\"attributes\":{\"condition_status\":\"damaged\",\"asset_status\":\"out_of_order\"},\"old\":{\"condition_status\":\"good\",\"asset_status\":\"available\"}}', NULL, '2026-04-05 16:32:09', '2026-04-05 16:32:09'),
(189, 'assets', 'Asset status changed', 'App\\Models\\Asset', 'status-changed', 8, 'App\\Models\\User', 1, '{\"old_status\":\"available\",\"new_status\":\"out_of_order\",\"old_condition\":\"good\",\"new_condition\":\"damaged\",\"reason\":\"Device display intermittently failing during checks.\"}', NULL, '2026-04-05 16:32:11', '2026-04-05 16:32:11'),
(190, 'default', 'updated', 'App\\Models\\Asset', 'updated', 9, NULL, NULL, '{\"attributes\":{\"condition_status\":\"damaged\",\"asset_status\":\"under_maintenance\"},\"old\":{\"condition_status\":\"good\",\"asset_status\":\"available\"}}', NULL, '2026-04-05 16:32:12', '2026-04-05 16:32:12'),
(191, 'assets', 'Asset status changed', 'App\\Models\\Asset', 'status-changed', 9, 'App\\Models\\User', 1, '{\"old_status\":\"available\",\"new_status\":\"under_maintenance\",\"old_condition\":\"good\",\"new_condition\":\"damaged\",\"reason\":\"Wheel lock assembly requires repair review.\"}', NULL, '2026-04-05 16:32:14', '2026-04-05 16:32:14'),
(192, 'default', 'updated', 'App\\Models\\Asset', 'updated', 10, NULL, NULL, '{\"attributes\":{\"asset_status\":\"under_calibration\"},\"old\":{\"asset_status\":\"available\"}}', NULL, '2026-04-05 16:32:14', '2026-04-05 16:32:14'),
(193, 'assets', 'Asset status changed', 'App\\Models\\Asset', 'status-changed', 10, 'App\\Models\\User', 1, '{\"old_status\":\"available\",\"new_status\":\"under_calibration\",\"old_condition\":\"good\",\"new_condition\":\"good\",\"reason\":\"Scheduled calibration before next high-acuity shift cycle.\"}', NULL, '2026-04-05 16:32:15', '2026-04-05 16:32:15'),
(194, 'default', 'created', 'App\\Models\\InventoryCategory', 'created', 1, NULL, NULL, '{\"attributes\":{\"parent_id\":null,\"name\":\"Burn Dressings\",\"code\":\"CAT-BDR\",\"description\":\"Primary antimicrobial and protective dressings for burn wound coverage.\",\"is_active\":true,\"created_by\":4,\"updated_by\":4}}', NULL, '2026-04-05 16:32:18', '2026-04-05 16:32:18'),
(195, 'default', 'created', 'App\\Models\\InventoryCategory', 'created', 2, NULL, NULL, '{\"attributes\":{\"parent_id\":null,\"name\":\"Wound Care Supplies\",\"code\":\"CAT-WCS\",\"description\":\"Routine sterile wound care and procedure support items.\",\"is_active\":true,\"created_by\":4,\"updated_by\":4}}', NULL, '2026-04-05 16:32:20', '2026-04-05 16:32:20'),
(196, 'default', 'created', 'App\\Models\\InventoryCategory', 'created', 3, NULL, NULL, '{\"attributes\":{\"parent_id\":null,\"name\":\"IV and Procedure Supplies\",\"code\":\"CAT-IVP\",\"description\":\"Infusion, access, catheter, and bedside procedure stock.\",\"is_active\":true,\"created_by\":4,\"updated_by\":4}}', NULL, '2026-04-05 16:32:22', '2026-04-05 16:32:22'),
(197, 'default', 'created', 'App\\Models\\InventoryCategory', 'created', 4, NULL, NULL, '{\"attributes\":{\"parent_id\":null,\"name\":\"PPE and Infection Control\",\"code\":\"CAT-PPE\",\"description\":\"Barrier protection and infection prevention consumables.\",\"is_active\":true,\"created_by\":4,\"updated_by\":4}}', NULL, '2026-04-05 16:32:23', '2026-04-05 16:32:23'),
(198, 'default', 'created', 'App\\Models\\InventoryCategory', 'created', 5, NULL, NULL, '{\"attributes\":{\"parent_id\":null,\"name\":\"Medicines\",\"code\":\"CAT-MED\",\"description\":\"Topical and injectable medicines used in the burn center.\",\"is_active\":true,\"created_by\":4,\"updated_by\":4}}', NULL, '2026-04-05 16:32:44', '2026-04-05 16:32:44'),
(199, 'default', 'created', 'App\\Models\\InventoryCategory', 'created', 6, NULL, NULL, '{\"attributes\":{\"parent_id\":null,\"name\":\"Linen and Disposables\",\"code\":\"CAT-LIN\",\"description\":\"Disposable patient support textiles and drapes.\",\"is_active\":true,\"created_by\":4,\"updated_by\":4}}', NULL, '2026-04-05 16:32:46', '2026-04-05 16:32:46'),
(200, 'default', 'created', 'App\\Models\\InventoryCategory', 'created', 7, NULL, NULL, '{\"attributes\":{\"parent_id\":null,\"name\":\"Cleaning and Sterilization\",\"code\":\"CAT-CLS\",\"description\":\"Cleaning chemicals and sterile processing consumables.\",\"is_active\":true,\"created_by\":4,\"updated_by\":4}}', NULL, '2026-04-05 16:32:48', '2026-04-05 16:32:48');
INSERT INTO `activity_log` (`id`, `log_name`, `description`, `subject_type`, `event`, `subject_id`, `causer_type`, `causer_id`, `properties`, `batch_uuid`, `created_at`, `updated_at`) VALUES
(201, 'default', 'created', 'App\\Models\\InventoryCategory', 'created', 8, NULL, NULL, '{\"attributes\":{\"parent_id\":null,\"name\":\"Emergency Supplies\",\"code\":\"CAT-EMR\",\"description\":\"Emergency trolley and crash cart consumable sets.\",\"is_active\":true,\"created_by\":4,\"updated_by\":4}}', NULL, '2026-04-05 16:32:50', '2026-04-05 16:32:50'),
(202, 'default', 'created', 'App\\Models\\InventoryItem', 'created', 1, NULL, NULL, '{\"attributes\":{\"item_uuid\":\"a178e901-cd61-4991-a650-fdc521ebb1b1\",\"item_code\":\"INV-BDR-001\",\"barcode_value\":\"BCINV000001\",\"inventory_category_id\":1,\"item_name\":\"Silver Sulfadiazine Dressing 10x10\",\"subcategory\":\"Burn Dressings\",\"sku\":\"BDR-001\",\"unit_of_measure\":\"pack\",\"pack_size\":null,\"current_quantity\":\"0.00\",\"reserved_quantity\":\"0.00\",\"issued_quantity\":\"0.00\",\"damaged_quantity\":\"0.00\",\"quarantined_quantity\":\"0.00\",\"expired_quantity\":\"0.00\",\"supplier_id\":1,\"store_location_id\":5,\"reorder_level\":\"40.00\",\"minimum_level\":\"20.00\",\"maximum_level\":\"180.00\",\"temperature_sensitive\":false,\"sterile_item\":true,\"high_risk_item\":false,\"controlled_use\":true,\"storage_zone\":\"Sterile Rack A1\",\"is_active\":true,\"notes\":\"Silver Sulfadiazine Dressing 10x10 configured for burn center inventory control.\",\"created_by\":4,\"updated_by\":4}}', NULL, '2026-04-05 16:32:54', '2026-04-05 16:32:54'),
(203, 'default', 'created', 'App\\Models\\InventoryItem', 'created', 2, NULL, NULL, '{\"attributes\":{\"item_uuid\":\"a178e905-af4b-4899-bcb7-ac37e657989d\",\"item_code\":\"INV-BDR-002\",\"barcode_value\":\"BCINV000002\",\"inventory_category_id\":1,\"item_name\":\"Antimicrobial Foam Dressing 15x15\",\"subcategory\":\"Burn Dressings\",\"sku\":\"BDR-002\",\"unit_of_measure\":\"pack\",\"pack_size\":null,\"current_quantity\":\"0.00\",\"reserved_quantity\":\"0.00\",\"issued_quantity\":\"0.00\",\"damaged_quantity\":\"0.00\",\"quarantined_quantity\":\"0.00\",\"expired_quantity\":\"0.00\",\"supplier_id\":1,\"store_location_id\":5,\"reorder_level\":\"28.00\",\"minimum_level\":\"14.00\",\"maximum_level\":\"120.00\",\"temperature_sensitive\":false,\"sterile_item\":true,\"high_risk_item\":false,\"controlled_use\":true,\"storage_zone\":\"Sterile Rack A1\",\"is_active\":true,\"notes\":\"Antimicrobial Foam Dressing 15x15 configured for burn center inventory control.\",\"created_by\":4,\"updated_by\":4}}', NULL, '2026-04-05 16:32:56', '2026-04-05 16:32:56'),
(204, 'default', 'created', 'App\\Models\\InventoryItem', 'created', 3, NULL, NULL, '{\"attributes\":{\"item_uuid\":\"a178e906-be52-4b4e-a4da-9c75d246f80c\",\"item_code\":\"INV-BDR-003\",\"barcode_value\":\"BCINV000003\",\"inventory_category_id\":1,\"item_name\":\"Hydrogel Sheet Large\",\"subcategory\":\"Burn Dressings\",\"sku\":\"BDR-003\",\"unit_of_measure\":\"sheet\",\"pack_size\":null,\"current_quantity\":\"0.00\",\"reserved_quantity\":\"0.00\",\"issued_quantity\":\"0.00\",\"damaged_quantity\":\"0.00\",\"quarantined_quantity\":\"0.00\",\"expired_quantity\":\"0.00\",\"supplier_id\":1,\"store_location_id\":5,\"reorder_level\":\"18.00\",\"minimum_level\":\"10.00\",\"maximum_level\":\"80.00\",\"temperature_sensitive\":false,\"sterile_item\":true,\"high_risk_item\":false,\"controlled_use\":true,\"storage_zone\":\"Sterile Rack A1\",\"is_active\":true,\"notes\":\"Hydrogel Sheet Large configured for burn center inventory control.\",\"created_by\":4,\"updated_by\":4}}', NULL, '2026-04-05 16:32:57', '2026-04-05 16:32:57'),
(205, 'default', 'created', 'App\\Models\\InventoryItem', 'created', 4, NULL, NULL, '{\"attributes\":{\"item_uuid\":\"a178e908-4430-48c8-bb28-5d325b5a063a\",\"item_code\":\"INV-BDR-004\",\"barcode_value\":\"BCINV000004\",\"inventory_category_id\":1,\"item_name\":\"Paraffin Gauze Dressing\",\"subcategory\":\"Burn Dressings\",\"sku\":\"BDR-004\",\"unit_of_measure\":\"pack\",\"pack_size\":null,\"current_quantity\":\"0.00\",\"reserved_quantity\":\"0.00\",\"issued_quantity\":\"0.00\",\"damaged_quantity\":\"0.00\",\"quarantined_quantity\":\"0.00\",\"expired_quantity\":\"0.00\",\"supplier_id\":1,\"store_location_id\":5,\"reorder_level\":\"20.00\",\"minimum_level\":\"10.00\",\"maximum_level\":\"90.00\",\"temperature_sensitive\":false,\"sterile_item\":true,\"high_risk_item\":false,\"controlled_use\":true,\"storage_zone\":\"Sterile Rack A1\",\"is_active\":true,\"notes\":\"Paraffin Gauze Dressing configured for burn center inventory control.\",\"created_by\":4,\"updated_by\":4}}', NULL, '2026-04-05 16:32:58', '2026-04-05 16:32:58'),
(206, 'default', 'created', 'App\\Models\\InventoryItem', 'created', 5, NULL, NULL, '{\"attributes\":{\"item_uuid\":\"a178e909-c590-4692-a27f-6e077e1bbd6c\",\"item_code\":\"INV-BDR-005\",\"barcode_value\":\"BCINV000005\",\"inventory_category_id\":1,\"item_name\":\"Alginate Burn Dressing\",\"subcategory\":\"Burn Dressings\",\"sku\":\"BDR-005\",\"unit_of_measure\":\"pack\",\"pack_size\":null,\"current_quantity\":\"0.00\",\"reserved_quantity\":\"0.00\",\"issued_quantity\":\"0.00\",\"damaged_quantity\":\"0.00\",\"quarantined_quantity\":\"0.00\",\"expired_quantity\":\"0.00\",\"supplier_id\":1,\"store_location_id\":5,\"reorder_level\":\"16.00\",\"minimum_level\":\"8.00\",\"maximum_level\":\"70.00\",\"temperature_sensitive\":false,\"sterile_item\":true,\"high_risk_item\":false,\"controlled_use\":true,\"storage_zone\":\"Sterile Rack A1\",\"is_active\":true,\"notes\":\"Alginate Burn Dressing configured for burn center inventory control.\",\"created_by\":4,\"updated_by\":4}}', NULL, '2026-04-05 16:32:58', '2026-04-05 16:32:58'),
(207, 'default', 'created', 'App\\Models\\InventoryItem', 'created', 6, NULL, NULL, '{\"attributes\":{\"item_uuid\":\"a178e90a-193f-4012-927b-6c572f1cdc91\",\"item_code\":\"INV-BDR-006\",\"barcode_value\":\"BCINV000006\",\"inventory_category_id\":1,\"item_name\":\"Silicone Contact Layer\",\"subcategory\":\"Burn Dressings\",\"sku\":\"BDR-006\",\"unit_of_measure\":\"pack\",\"pack_size\":null,\"current_quantity\":\"0.00\",\"reserved_quantity\":\"0.00\",\"issued_quantity\":\"0.00\",\"damaged_quantity\":\"0.00\",\"quarantined_quantity\":\"0.00\",\"expired_quantity\":\"0.00\",\"supplier_id\":1,\"store_location_id\":5,\"reorder_level\":\"14.00\",\"minimum_level\":\"8.00\",\"maximum_level\":\"60.00\",\"temperature_sensitive\":false,\"sterile_item\":true,\"high_risk_item\":false,\"controlled_use\":true,\"storage_zone\":\"Sterile Rack A1\",\"is_active\":true,\"notes\":\"Silicone Contact Layer configured for burn center inventory control.\",\"created_by\":4,\"updated_by\":4}}', NULL, '2026-04-05 16:32:59', '2026-04-05 16:32:59'),
(208, 'default', 'created', 'App\\Models\\InventoryItem', 'created', 7, NULL, NULL, '{\"attributes\":{\"item_uuid\":\"a178e90a-ee47-4099-8930-da67c240b81a\",\"item_code\":\"INV-WCS-001\",\"barcode_value\":\"BCINV000007\",\"inventory_category_id\":2,\"item_name\":\"Sterile Gauze Pack\",\"subcategory\":\"Wound Care Supplies\",\"sku\":\"WCS-001\",\"unit_of_measure\":\"pack\",\"pack_size\":null,\"current_quantity\":\"0.00\",\"reserved_quantity\":\"0.00\",\"issued_quantity\":\"0.00\",\"damaged_quantity\":\"0.00\",\"quarantined_quantity\":\"0.00\",\"expired_quantity\":\"0.00\",\"supplier_id\":1,\"store_location_id\":5,\"reorder_level\":\"60.00\",\"minimum_level\":\"30.00\",\"maximum_level\":\"220.00\",\"temperature_sensitive\":false,\"sterile_item\":true,\"high_risk_item\":false,\"controlled_use\":false,\"storage_zone\":\"Procedure Shelf B2\",\"is_active\":true,\"notes\":\"Sterile Gauze Pack configured for burn center inventory control.\",\"created_by\":4,\"updated_by\":4}}', NULL, '2026-04-05 16:32:59', '2026-04-05 16:32:59'),
(209, 'default', 'created', 'App\\Models\\InventoryItem', 'created', 8, NULL, NULL, '{\"attributes\":{\"item_uuid\":\"a178e90b-f81c-44d2-b81b-2c144eee86fc\",\"item_code\":\"INV-WCS-002\",\"barcode_value\":\"BCINV000008\",\"inventory_category_id\":2,\"item_name\":\"Roller Bandage 10cm\",\"subcategory\":\"Wound Care Supplies\",\"sku\":\"WCS-002\",\"unit_of_measure\":\"roll\",\"pack_size\":null,\"current_quantity\":\"0.00\",\"reserved_quantity\":\"0.00\",\"issued_quantity\":\"0.00\",\"damaged_quantity\":\"0.00\",\"quarantined_quantity\":\"0.00\",\"expired_quantity\":\"0.00\",\"supplier_id\":1,\"store_location_id\":5,\"reorder_level\":\"35.00\",\"minimum_level\":\"20.00\",\"maximum_level\":\"140.00\",\"temperature_sensitive\":false,\"sterile_item\":true,\"high_risk_item\":false,\"controlled_use\":false,\"storage_zone\":\"Procedure Shelf B2\",\"is_active\":true,\"notes\":\"Roller Bandage 10cm configured for burn center inventory control.\",\"created_by\":4,\"updated_by\":4}}', NULL, '2026-04-05 16:33:00', '2026-04-05 16:33:00'),
(210, 'default', 'created', 'App\\Models\\InventoryItem', 'created', 9, NULL, NULL, '{\"attributes\":{\"item_uuid\":\"a178e90c-6b49-4f05-9826-0a4e6a72d7f2\",\"item_code\":\"INV-WCS-003\",\"barcode_value\":\"BCINV000009\",\"inventory_category_id\":2,\"item_name\":\"Micropore Tape 2.5cm\",\"subcategory\":\"Wound Care Supplies\",\"sku\":\"WCS-003\",\"unit_of_measure\":\"roll\",\"pack_size\":null,\"current_quantity\":\"0.00\",\"reserved_quantity\":\"0.00\",\"issued_quantity\":\"0.00\",\"damaged_quantity\":\"0.00\",\"quarantined_quantity\":\"0.00\",\"expired_quantity\":\"0.00\",\"supplier_id\":1,\"store_location_id\":5,\"reorder_level\":\"25.00\",\"minimum_level\":\"12.00\",\"maximum_level\":\"100.00\",\"temperature_sensitive\":false,\"sterile_item\":true,\"high_risk_item\":false,\"controlled_use\":false,\"storage_zone\":\"Procedure Shelf B2\",\"is_active\":true,\"notes\":\"Micropore Tape 2.5cm configured for burn center inventory control.\",\"created_by\":4,\"updated_by\":4}}', NULL, '2026-04-05 16:33:01', '2026-04-05 16:33:01'),
(211, 'default', 'created', 'App\\Models\\InventoryItem', 'created', 10, NULL, NULL, '{\"attributes\":{\"item_uuid\":\"a178e90d-edf4-411d-aac3-9b70d2a5bfb9\",\"item_code\":\"INV-WCS-004\",\"barcode_value\":\"BCINV000010\",\"inventory_category_id\":2,\"item_name\":\"Non-Adherent Pad\",\"subcategory\":\"Wound Care Supplies\",\"sku\":\"WCS-004\",\"unit_of_measure\":\"pack\",\"pack_size\":null,\"current_quantity\":\"0.00\",\"reserved_quantity\":\"0.00\",\"issued_quantity\":\"0.00\",\"damaged_quantity\":\"0.00\",\"quarantined_quantity\":\"0.00\",\"expired_quantity\":\"0.00\",\"supplier_id\":1,\"store_location_id\":5,\"reorder_level\":\"20.00\",\"minimum_level\":\"10.00\",\"maximum_level\":\"90.00\",\"temperature_sensitive\":false,\"sterile_item\":true,\"high_risk_item\":false,\"controlled_use\":false,\"storage_zone\":\"Procedure Shelf B2\",\"is_active\":true,\"notes\":\"Non-Adherent Pad configured for burn center inventory control.\",\"created_by\":4,\"updated_by\":4}}', NULL, '2026-04-05 16:33:01', '2026-04-05 16:33:01'),
(212, 'default', 'created', 'App\\Models\\InventoryItem', 'created', 11, NULL, NULL, '{\"attributes\":{\"item_uuid\":\"a178e90e-5763-48ea-9d9b-31afcdf33cc7\",\"item_code\":\"INV-WCS-005\",\"barcode_value\":\"BCINV000011\",\"inventory_category_id\":2,\"item_name\":\"Burn Debridement Kit\",\"subcategory\":\"Wound Care Supplies\",\"sku\":\"WCS-005\",\"unit_of_measure\":\"kit\",\"pack_size\":null,\"current_quantity\":\"0.00\",\"reserved_quantity\":\"0.00\",\"issued_quantity\":\"0.00\",\"damaged_quantity\":\"0.00\",\"quarantined_quantity\":\"0.00\",\"expired_quantity\":\"0.00\",\"supplier_id\":1,\"store_location_id\":5,\"reorder_level\":\"8.00\",\"minimum_level\":\"4.00\",\"maximum_level\":\"30.00\",\"temperature_sensitive\":false,\"sterile_item\":true,\"high_risk_item\":false,\"controlled_use\":false,\"storage_zone\":\"Procedure Shelf B2\",\"is_active\":true,\"notes\":\"Burn Debridement Kit configured for burn center inventory control.\",\"created_by\":4,\"updated_by\":4}}', NULL, '2026-04-05 16:33:01', '2026-04-05 16:33:01'),
(213, 'default', 'created', 'App\\Models\\InventoryItem', 'created', 12, NULL, NULL, '{\"attributes\":{\"item_uuid\":\"a178e90e-bea5-47b9-b87e-dc999026cdd6\",\"item_code\":\"INV-WCS-006\",\"barcode_value\":\"BCINV000012\",\"inventory_category_id\":2,\"item_name\":\"Saline Irrigation Set\",\"subcategory\":\"Wound Care Supplies\",\"sku\":\"WCS-006\",\"unit_of_measure\":\"set\",\"pack_size\":null,\"current_quantity\":\"0.00\",\"reserved_quantity\":\"0.00\",\"issued_quantity\":\"0.00\",\"damaged_quantity\":\"0.00\",\"quarantined_quantity\":\"0.00\",\"expired_quantity\":\"0.00\",\"supplier_id\":1,\"store_location_id\":5,\"reorder_level\":\"15.00\",\"minimum_level\":\"8.00\",\"maximum_level\":\"60.00\",\"temperature_sensitive\":false,\"sterile_item\":true,\"high_risk_item\":false,\"controlled_use\":false,\"storage_zone\":\"Procedure Shelf B2\",\"is_active\":true,\"notes\":\"Saline Irrigation Set configured for burn center inventory control.\",\"created_by\":4,\"updated_by\":4}}', NULL, '2026-04-05 16:33:02', '2026-04-05 16:33:02'),
(214, 'default', 'created', 'App\\Models\\InventoryItem', 'created', 13, NULL, NULL, '{\"attributes\":{\"item_uuid\":\"a178e910-474c-4580-9dc3-1716c983cbd8\",\"item_code\":\"INV-IVP-001\",\"barcode_value\":\"BCINV000013\",\"inventory_category_id\":3,\"item_name\":\"IV Cannula 18G\",\"subcategory\":\"IV and Procedure Supplies\",\"sku\":\"IVP-001\",\"unit_of_measure\":\"box\",\"pack_size\":\"100 units\",\"current_quantity\":\"0.00\",\"reserved_quantity\":\"0.00\",\"issued_quantity\":\"0.00\",\"damaged_quantity\":\"0.00\",\"quarantined_quantity\":\"0.00\",\"expired_quantity\":\"0.00\",\"supplier_id\":1,\"store_location_id\":5,\"reorder_level\":\"18.00\",\"minimum_level\":\"10.00\",\"maximum_level\":\"80.00\",\"temperature_sensitive\":false,\"sterile_item\":true,\"high_risk_item\":false,\"controlled_use\":false,\"storage_zone\":\"Procedure Shelf C1\",\"is_active\":true,\"notes\":\"IV Cannula 18G configured for burn center inventory control.\",\"created_by\":4,\"updated_by\":4}}', NULL, '2026-04-05 16:33:03', '2026-04-05 16:33:03'),
(215, 'default', 'created', 'App\\Models\\InventoryItem', 'created', 14, NULL, NULL, '{\"attributes\":{\"item_uuid\":\"a178e911-22d5-463a-85f6-637e10fd86f1\",\"item_code\":\"INV-IVP-002\",\"barcode_value\":\"BCINV000014\",\"inventory_category_id\":3,\"item_name\":\"IV Cannula 20G\",\"subcategory\":\"IV and Procedure Supplies\",\"sku\":\"IVP-002\",\"unit_of_measure\":\"box\",\"pack_size\":\"100 units\",\"current_quantity\":\"0.00\",\"reserved_quantity\":\"0.00\",\"issued_quantity\":\"0.00\",\"damaged_quantity\":\"0.00\",\"quarantined_quantity\":\"0.00\",\"expired_quantity\":\"0.00\",\"supplier_id\":1,\"store_location_id\":5,\"reorder_level\":\"20.00\",\"minimum_level\":\"10.00\",\"maximum_level\":\"90.00\",\"temperature_sensitive\":false,\"sterile_item\":true,\"high_risk_item\":false,\"controlled_use\":false,\"storage_zone\":\"Procedure Shelf C1\",\"is_active\":true,\"notes\":\"IV Cannula 20G configured for burn center inventory control.\",\"created_by\":4,\"updated_by\":4}}', NULL, '2026-04-05 16:33:03', '2026-04-05 16:33:03'),
(216, 'default', 'created', 'App\\Models\\InventoryItem', 'created', 15, NULL, NULL, '{\"attributes\":{\"item_uuid\":\"a178e912-759f-4155-adcb-ebc15897c266\",\"item_code\":\"INV-IVP-003\",\"barcode_value\":\"BCINV000015\",\"inventory_category_id\":3,\"item_name\":\"Syringe 5ml\",\"subcategory\":\"IV and Procedure Supplies\",\"sku\":\"IVP-003\",\"unit_of_measure\":\"box\",\"pack_size\":\"100 units\",\"current_quantity\":\"0.00\",\"reserved_quantity\":\"0.00\",\"issued_quantity\":\"0.00\",\"damaged_quantity\":\"0.00\",\"quarantined_quantity\":\"0.00\",\"expired_quantity\":\"0.00\",\"supplier_id\":1,\"store_location_id\":5,\"reorder_level\":\"40.00\",\"minimum_level\":\"20.00\",\"maximum_level\":\"180.00\",\"temperature_sensitive\":false,\"sterile_item\":true,\"high_risk_item\":false,\"controlled_use\":false,\"storage_zone\":\"Procedure Shelf C1\",\"is_active\":true,\"notes\":\"Syringe 5ml configured for burn center inventory control.\",\"created_by\":4,\"updated_by\":4}}', NULL, '2026-04-05 16:33:04', '2026-04-05 16:33:04'),
(217, 'default', 'created', 'App\\Models\\InventoryItem', 'created', 16, NULL, NULL, '{\"attributes\":{\"item_uuid\":\"a178e913-2c08-414f-af80-7f3f261dcd2e\",\"item_code\":\"INV-IVP-004\",\"barcode_value\":\"BCINV000016\",\"inventory_category_id\":3,\"item_name\":\"Syringe 10ml\",\"subcategory\":\"IV and Procedure Supplies\",\"sku\":\"IVP-004\",\"unit_of_measure\":\"box\",\"pack_size\":\"100 units\",\"current_quantity\":\"0.00\",\"reserved_quantity\":\"0.00\",\"issued_quantity\":\"0.00\",\"damaged_quantity\":\"0.00\",\"quarantined_quantity\":\"0.00\",\"expired_quantity\":\"0.00\",\"supplier_id\":1,\"store_location_id\":5,\"reorder_level\":\"22.00\",\"minimum_level\":\"10.00\",\"maximum_level\":\"120.00\",\"temperature_sensitive\":false,\"sterile_item\":true,\"high_risk_item\":false,\"controlled_use\":false,\"storage_zone\":\"Procedure Shelf C1\",\"is_active\":true,\"notes\":\"Syringe 10ml configured for burn center inventory control.\",\"created_by\":4,\"updated_by\":4}}', NULL, '2026-04-05 16:33:05', '2026-04-05 16:33:05'),
(218, 'default', 'created', 'App\\Models\\InventoryItem', 'created', 17, NULL, NULL, '{\"attributes\":{\"item_uuid\":\"a178e913-b29c-4607-8c6c-93a7d2a3055b\",\"item_code\":\"INV-IVP-005\",\"barcode_value\":\"BCINV000017\",\"inventory_category_id\":3,\"item_name\":\"Urinary Catheter 14Fr\",\"subcategory\":\"IV and Procedure Supplies\",\"sku\":\"IVP-005\",\"unit_of_measure\":\"box\",\"pack_size\":\"100 units\",\"current_quantity\":\"0.00\",\"reserved_quantity\":\"0.00\",\"issued_quantity\":\"0.00\",\"damaged_quantity\":\"0.00\",\"quarantined_quantity\":\"0.00\",\"expired_quantity\":\"0.00\",\"supplier_id\":1,\"store_location_id\":5,\"reorder_level\":\"10.00\",\"minimum_level\":\"6.00\",\"maximum_level\":\"40.00\",\"temperature_sensitive\":false,\"sterile_item\":true,\"high_risk_item\":false,\"controlled_use\":false,\"storage_zone\":\"Procedure Shelf C1\",\"is_active\":true,\"notes\":\"Urinary Catheter 14Fr configured for burn center inventory control.\",\"created_by\":4,\"updated_by\":4}}', NULL, '2026-04-05 16:33:05', '2026-04-05 16:33:05'),
(219, 'default', 'created', 'App\\Models\\InventoryItem', 'created', 18, NULL, NULL, '{\"attributes\":{\"item_uuid\":\"a178e915-2663-4c5c-9213-f5faf0607665\",\"item_code\":\"INV-IVP-006\",\"barcode_value\":\"BCINV000018\",\"inventory_category_id\":3,\"item_name\":\"Central Line Dressing Set\",\"subcategory\":\"IV and Procedure Supplies\",\"sku\":\"IVP-006\",\"unit_of_measure\":\"set\",\"pack_size\":null,\"current_quantity\":\"0.00\",\"reserved_quantity\":\"0.00\",\"issued_quantity\":\"0.00\",\"damaged_quantity\":\"0.00\",\"quarantined_quantity\":\"0.00\",\"expired_quantity\":\"0.00\",\"supplier_id\":1,\"store_location_id\":5,\"reorder_level\":\"10.00\",\"minimum_level\":\"5.00\",\"maximum_level\":\"40.00\",\"temperature_sensitive\":false,\"sterile_item\":true,\"high_risk_item\":false,\"controlled_use\":false,\"storage_zone\":\"Procedure Shelf C1\",\"is_active\":true,\"notes\":\"Central Line Dressing Set configured for burn center inventory control.\",\"created_by\":4,\"updated_by\":4}}', NULL, '2026-04-05 16:33:06', '2026-04-05 16:33:06'),
(220, 'default', 'created', 'App\\Models\\InventoryItem', 'created', 19, NULL, NULL, '{\"attributes\":{\"item_uuid\":\"a178e916-1446-49d2-a8cc-a436551b7f57\",\"item_code\":\"INV-IVP-007\",\"barcode_value\":\"BCINV000019\",\"inventory_category_id\":3,\"item_name\":\"Normal Saline 500ml\",\"subcategory\":\"IV and Procedure Supplies\",\"sku\":\"IVP-007\",\"unit_of_measure\":\"bag\",\"pack_size\":null,\"current_quantity\":\"0.00\",\"reserved_quantity\":\"0.00\",\"issued_quantity\":\"0.00\",\"damaged_quantity\":\"0.00\",\"quarantined_quantity\":\"0.00\",\"expired_quantity\":\"0.00\",\"supplier_id\":1,\"store_location_id\":5,\"reorder_level\":\"45.00\",\"minimum_level\":\"25.00\",\"maximum_level\":\"220.00\",\"temperature_sensitive\":false,\"sterile_item\":true,\"high_risk_item\":false,\"controlled_use\":false,\"storage_zone\":\"Procedure Shelf C1\",\"is_active\":true,\"notes\":\"Normal Saline 500ml configured for burn center inventory control.\",\"created_by\":4,\"updated_by\":4}}', NULL, '2026-04-05 16:33:07', '2026-04-05 16:33:07'),
(221, 'default', 'created', 'App\\Models\\InventoryItem', 'created', 20, NULL, NULL, '{\"attributes\":{\"item_uuid\":\"a178e917-cd04-4a41-a0b0-1dbd8a8cdbbb\",\"item_code\":\"INV-IVP-008\",\"barcode_value\":\"BCINV000020\",\"inventory_category_id\":3,\"item_name\":\"Ringer Lactate 500ml\",\"subcategory\":\"IV and Procedure Supplies\",\"sku\":\"IVP-008\",\"unit_of_measure\":\"bag\",\"pack_size\":null,\"current_quantity\":\"0.00\",\"reserved_quantity\":\"0.00\",\"issued_quantity\":\"0.00\",\"damaged_quantity\":\"0.00\",\"quarantined_quantity\":\"0.00\",\"expired_quantity\":\"0.00\",\"supplier_id\":1,\"store_location_id\":5,\"reorder_level\":\"40.00\",\"minimum_level\":\"20.00\",\"maximum_level\":\"200.00\",\"temperature_sensitive\":false,\"sterile_item\":true,\"high_risk_item\":false,\"controlled_use\":false,\"storage_zone\":\"Procedure Shelf C1\",\"is_active\":true,\"notes\":\"Ringer Lactate 500ml configured for burn center inventory control.\",\"created_by\":4,\"updated_by\":4}}', NULL, '2026-04-05 16:33:09', '2026-04-05 16:33:09'),
(222, 'default', 'created', 'App\\Models\\InventoryItem', 'created', 21, NULL, NULL, '{\"attributes\":{\"item_uuid\":\"a178e91a-f6e2-4f03-8e54-ad56281610cb\",\"item_code\":\"INV-PPE-001\",\"barcode_value\":\"BCINV000021\",\"inventory_category_id\":4,\"item_name\":\"N95 Mask\",\"subcategory\":\"PPE and Infection Control\",\"sku\":\"PPE-001\",\"unit_of_measure\":\"box\",\"pack_size\":\"100 units\",\"current_quantity\":\"0.00\",\"reserved_quantity\":\"0.00\",\"issued_quantity\":\"0.00\",\"damaged_quantity\":\"0.00\",\"quarantined_quantity\":\"0.00\",\"expired_quantity\":\"0.00\",\"supplier_id\":3,\"store_location_id\":6,\"reorder_level\":\"30.00\",\"minimum_level\":\"15.00\",\"maximum_level\":\"160.00\",\"temperature_sensitive\":false,\"sterile_item\":false,\"high_risk_item\":false,\"controlled_use\":false,\"storage_zone\":\"Infection Control Rack D1\",\"is_active\":true,\"notes\":\"N95 Mask configured for burn center inventory control.\",\"created_by\":4,\"updated_by\":4}}', NULL, '2026-04-05 16:33:10', '2026-04-05 16:33:10'),
(223, 'default', 'created', 'App\\Models\\InventoryItem', 'created', 22, NULL, NULL, '{\"attributes\":{\"item_uuid\":\"a178e91c-ce1f-4ad1-ab6e-df310d580cf3\",\"item_code\":\"INV-PPE-002\",\"barcode_value\":\"BCINV000022\",\"inventory_category_id\":4,\"item_name\":\"Surgical Mask\",\"subcategory\":\"PPE and Infection Control\",\"sku\":\"PPE-002\",\"unit_of_measure\":\"box\",\"pack_size\":\"100 units\",\"current_quantity\":\"0.00\",\"reserved_quantity\":\"0.00\",\"issued_quantity\":\"0.00\",\"damaged_quantity\":\"0.00\",\"quarantined_quantity\":\"0.00\",\"expired_quantity\":\"0.00\",\"supplier_id\":3,\"store_location_id\":6,\"reorder_level\":\"40.00\",\"minimum_level\":\"20.00\",\"maximum_level\":\"200.00\",\"temperature_sensitive\":false,\"sterile_item\":false,\"high_risk_item\":false,\"controlled_use\":false,\"storage_zone\":\"Infection Control Rack D1\",\"is_active\":true,\"notes\":\"Surgical Mask configured for burn center inventory control.\",\"created_by\":4,\"updated_by\":4}}', NULL, '2026-04-05 16:33:11', '2026-04-05 16:33:11'),
(224, 'default', 'created', 'App\\Models\\InventoryItem', 'created', 23, NULL, NULL, '{\"attributes\":{\"item_uuid\":\"a178e91d-b7c4-4456-a75b-fee826047786\",\"item_code\":\"INV-PPE-003\",\"barcode_value\":\"BCINV000023\",\"inventory_category_id\":4,\"item_name\":\"Sterile Gloves Medium\",\"subcategory\":\"PPE and Infection Control\",\"sku\":\"PPE-003\",\"unit_of_measure\":\"box\",\"pack_size\":\"100 units\",\"current_quantity\":\"0.00\",\"reserved_quantity\":\"0.00\",\"issued_quantity\":\"0.00\",\"damaged_quantity\":\"0.00\",\"quarantined_quantity\":\"0.00\",\"expired_quantity\":\"0.00\",\"supplier_id\":3,\"store_location_id\":6,\"reorder_level\":\"28.00\",\"minimum_level\":\"14.00\",\"maximum_level\":\"150.00\",\"temperature_sensitive\":false,\"sterile_item\":false,\"high_risk_item\":false,\"controlled_use\":false,\"storage_zone\":\"Infection Control Rack D1\",\"is_active\":true,\"notes\":\"Sterile Gloves Medium configured for burn center inventory control.\",\"created_by\":4,\"updated_by\":4}}', NULL, '2026-04-05 16:33:12', '2026-04-05 16:33:12'),
(225, 'default', 'created', 'App\\Models\\InventoryItem', 'created', 24, NULL, NULL, '{\"attributes\":{\"item_uuid\":\"a178e91e-e72e-4a10-87eb-17207095a8f4\",\"item_code\":\"INV-PPE-004\",\"barcode_value\":\"BCINV000024\",\"inventory_category_id\":4,\"item_name\":\"Sterile Gloves Large\",\"subcategory\":\"PPE and Infection Control\",\"sku\":\"PPE-004\",\"unit_of_measure\":\"box\",\"pack_size\":\"100 units\",\"current_quantity\":\"0.00\",\"reserved_quantity\":\"0.00\",\"issued_quantity\":\"0.00\",\"damaged_quantity\":\"0.00\",\"quarantined_quantity\":\"0.00\",\"expired_quantity\":\"0.00\",\"supplier_id\":3,\"store_location_id\":6,\"reorder_level\":\"24.00\",\"minimum_level\":\"12.00\",\"maximum_level\":\"130.00\",\"temperature_sensitive\":false,\"sterile_item\":false,\"high_risk_item\":false,\"controlled_use\":false,\"storage_zone\":\"Infection Control Rack D1\",\"is_active\":true,\"notes\":\"Sterile Gloves Large configured for burn center inventory control.\",\"created_by\":4,\"updated_by\":4}}', NULL, '2026-04-05 16:33:13', '2026-04-05 16:33:13'),
(226, 'default', 'created', 'App\\Models\\InventoryItem', 'created', 25, NULL, NULL, '{\"attributes\":{\"item_uuid\":\"a178e91f-c0bc-448e-940d-e0ffd86878d3\",\"item_code\":\"INV-PPE-005\",\"barcode_value\":\"BCINV000025\",\"inventory_category_id\":4,\"item_name\":\"Face Shield\",\"subcategory\":\"PPE and Infection Control\",\"sku\":\"PPE-005\",\"unit_of_measure\":\"unit\",\"pack_size\":null,\"current_quantity\":\"0.00\",\"reserved_quantity\":\"0.00\",\"issued_quantity\":\"0.00\",\"damaged_quantity\":\"0.00\",\"quarantined_quantity\":\"0.00\",\"expired_quantity\":\"0.00\",\"supplier_id\":3,\"store_location_id\":6,\"reorder_level\":\"10.00\",\"minimum_level\":\"5.00\",\"maximum_level\":\"50.00\",\"temperature_sensitive\":false,\"sterile_item\":false,\"high_risk_item\":false,\"controlled_use\":false,\"storage_zone\":\"Infection Control Rack D1\",\"is_active\":true,\"notes\":\"Face Shield configured for burn center inventory control.\",\"created_by\":4,\"updated_by\":4}}', NULL, '2026-04-05 16:33:13', '2026-04-05 16:33:13'),
(227, 'default', 'created', 'App\\Models\\InventoryItem', 'created', 26, NULL, NULL, '{\"attributes\":{\"item_uuid\":\"a178e921-9374-4b8e-a305-3e62d5bc55fe\",\"item_code\":\"INV-PPE-006\",\"barcode_value\":\"BCINV000026\",\"inventory_category_id\":4,\"item_name\":\"Disposable Gown\",\"subcategory\":\"PPE and Infection Control\",\"sku\":\"PPE-006\",\"unit_of_measure\":\"pack\",\"pack_size\":null,\"current_quantity\":\"0.00\",\"reserved_quantity\":\"0.00\",\"issued_quantity\":\"0.00\",\"damaged_quantity\":\"0.00\",\"quarantined_quantity\":\"0.00\",\"expired_quantity\":\"0.00\",\"supplier_id\":3,\"store_location_id\":6,\"reorder_level\":\"20.00\",\"minimum_level\":\"10.00\",\"maximum_level\":\"100.00\",\"temperature_sensitive\":false,\"sterile_item\":false,\"high_risk_item\":false,\"controlled_use\":false,\"storage_zone\":\"Infection Control Rack D1\",\"is_active\":true,\"notes\":\"Disposable Gown configured for burn center inventory control.\",\"created_by\":4,\"updated_by\":4}}', NULL, '2026-04-05 16:33:14', '2026-04-05 16:33:14'),
(228, 'default', 'created', 'App\\Models\\InventoryItem', 'created', 27, NULL, NULL, '{\"attributes\":{\"item_uuid\":\"a178e922-a29b-4fcf-b3d7-9b596c0729b5\",\"item_code\":\"INV-MED-001\",\"barcode_value\":\"BCINV000027\",\"inventory_category_id\":5,\"item_name\":\"Silver Sulfadiazine Cream 500g\",\"subcategory\":\"Medicines\",\"sku\":\"MED-001\",\"unit_of_measure\":\"jar\",\"pack_size\":null,\"current_quantity\":\"0.00\",\"reserved_quantity\":\"0.00\",\"issued_quantity\":\"0.00\",\"damaged_quantity\":\"0.00\",\"quarantined_quantity\":\"0.00\",\"expired_quantity\":\"0.00\",\"supplier_id\":1,\"store_location_id\":8,\"reorder_level\":\"18.00\",\"minimum_level\":\"10.00\",\"maximum_level\":\"80.00\",\"temperature_sensitive\":true,\"sterile_item\":false,\"high_risk_item\":false,\"controlled_use\":true,\"storage_zone\":\"Cold Chain Shelf P1\",\"is_active\":true,\"notes\":\"Silver Sulfadiazine Cream 500g configured for burn center inventory control.\",\"created_by\":4,\"updated_by\":4}}', NULL, '2026-04-05 16:33:15', '2026-04-05 16:33:15'),
(229, 'default', 'created', 'App\\Models\\InventoryItem', 'created', 28, NULL, NULL, '{\"attributes\":{\"item_uuid\":\"a178e923-f42e-492c-9440-602eb6349cf5\",\"item_code\":\"INV-MED-002\",\"barcode_value\":\"BCINV000028\",\"inventory_category_id\":5,\"item_name\":\"Mafenide Acetate Cream\",\"subcategory\":\"Medicines\",\"sku\":\"MED-002\",\"unit_of_measure\":\"tube\",\"pack_size\":null,\"current_quantity\":\"0.00\",\"reserved_quantity\":\"0.00\",\"issued_quantity\":\"0.00\",\"damaged_quantity\":\"0.00\",\"quarantined_quantity\":\"0.00\",\"expired_quantity\":\"0.00\",\"supplier_id\":1,\"store_location_id\":8,\"reorder_level\":\"12.00\",\"minimum_level\":\"6.00\",\"maximum_level\":\"50.00\",\"temperature_sensitive\":true,\"sterile_item\":false,\"high_risk_item\":false,\"controlled_use\":true,\"storage_zone\":\"Cold Chain Shelf P1\",\"is_active\":true,\"notes\":\"Mafenide Acetate Cream configured for burn center inventory control.\",\"created_by\":4,\"updated_by\":4}}', NULL, '2026-04-05 16:33:16', '2026-04-05 16:33:16'),
(230, 'default', 'created', 'App\\Models\\InventoryItem', 'created', 29, NULL, NULL, '{\"attributes\":{\"item_uuid\":\"a178e924-8d37-4195-a9f2-add874e0dcb7\",\"item_code\":\"INV-MED-003\",\"barcode_value\":\"BCINV000029\",\"inventory_category_id\":5,\"item_name\":\"Povidone Iodine Solution 500ml\",\"subcategory\":\"Medicines\",\"sku\":\"MED-003\",\"unit_of_measure\":\"bottle\",\"pack_size\":null,\"current_quantity\":\"0.00\",\"reserved_quantity\":\"0.00\",\"issued_quantity\":\"0.00\",\"damaged_quantity\":\"0.00\",\"quarantined_quantity\":\"0.00\",\"expired_quantity\":\"0.00\",\"supplier_id\":1,\"store_location_id\":8,\"reorder_level\":\"15.00\",\"minimum_level\":\"8.00\",\"maximum_level\":\"60.00\",\"temperature_sensitive\":true,\"sterile_item\":false,\"high_risk_item\":false,\"controlled_use\":true,\"storage_zone\":\"Cold Chain Shelf P1\",\"is_active\":true,\"notes\":\"Povidone Iodine Solution 500ml configured for burn center inventory control.\",\"created_by\":4,\"updated_by\":4}}', NULL, '2026-04-05 16:33:16', '2026-04-05 16:33:16'),
(231, 'default', 'created', 'App\\Models\\InventoryItem', 'created', 30, NULL, NULL, '{\"attributes\":{\"item_uuid\":\"a178e928-1cd6-4501-b427-2b4948d39252\",\"item_code\":\"INV-MED-004\",\"barcode_value\":\"BCINV000030\",\"inventory_category_id\":5,\"item_name\":\"Chlorhexidine Skin Prep\",\"subcategory\":\"Medicines\",\"sku\":\"MED-004\",\"unit_of_measure\":\"bottle\",\"pack_size\":null,\"current_quantity\":\"0.00\",\"reserved_quantity\":\"0.00\",\"issued_quantity\":\"0.00\",\"damaged_quantity\":\"0.00\",\"quarantined_quantity\":\"0.00\",\"expired_quantity\":\"0.00\",\"supplier_id\":1,\"store_location_id\":8,\"reorder_level\":\"10.00\",\"minimum_level\":\"5.00\",\"maximum_level\":\"40.00\",\"temperature_sensitive\":true,\"sterile_item\":false,\"high_risk_item\":false,\"controlled_use\":true,\"storage_zone\":\"Cold Chain Shelf P1\",\"is_active\":true,\"notes\":\"Chlorhexidine Skin Prep configured for burn center inventory control.\",\"created_by\":4,\"updated_by\":4}}', NULL, '2026-04-05 16:33:19', '2026-04-05 16:33:19'),
(232, 'default', 'created', 'App\\Models\\InventoryItem', 'created', 31, NULL, NULL, '{\"attributes\":{\"item_uuid\":\"a178e929-fe03-4950-9bd8-9403d339c469\",\"item_code\":\"INV-MED-005\",\"barcode_value\":\"BCINV000031\",\"inventory_category_id\":5,\"item_name\":\"Topical Lidocaine Gel\",\"subcategory\":\"Medicines\",\"sku\":\"MED-005\",\"unit_of_measure\":\"tube\",\"pack_size\":null,\"current_quantity\":\"0.00\",\"reserved_quantity\":\"0.00\",\"issued_quantity\":\"0.00\",\"damaged_quantity\":\"0.00\",\"quarantined_quantity\":\"0.00\",\"expired_quantity\":\"0.00\",\"supplier_id\":1,\"store_location_id\":8,\"reorder_level\":\"10.00\",\"minimum_level\":\"5.00\",\"maximum_level\":\"40.00\",\"temperature_sensitive\":true,\"sterile_item\":false,\"high_risk_item\":false,\"controlled_use\":true,\"storage_zone\":\"Cold Chain Shelf P1\",\"is_active\":true,\"notes\":\"Topical Lidocaine Gel configured for burn center inventory control.\",\"created_by\":4,\"updated_by\":4}}', NULL, '2026-04-05 16:33:20', '2026-04-05 16:33:20'),
(233, 'default', 'created', 'App\\Models\\InventoryItem', 'created', 32, NULL, NULL, '{\"attributes\":{\"item_uuid\":\"a178e92b-90bb-4a2d-8e9b-42b5cacbebb3\",\"item_code\":\"INV-MED-006\",\"barcode_value\":\"BCINV000032\",\"inventory_category_id\":5,\"item_name\":\"Paracetamol IV 1g\",\"subcategory\":\"Medicines\",\"sku\":\"MED-006\",\"unit_of_measure\":\"vial\",\"pack_size\":null,\"current_quantity\":\"0.00\",\"reserved_quantity\":\"0.00\",\"issued_quantity\":\"0.00\",\"damaged_quantity\":\"0.00\",\"quarantined_quantity\":\"0.00\",\"expired_quantity\":\"0.00\",\"supplier_id\":1,\"store_location_id\":8,\"reorder_level\":\"25.00\",\"minimum_level\":\"12.00\",\"maximum_level\":\"100.00\",\"temperature_sensitive\":true,\"sterile_item\":false,\"high_risk_item\":false,\"controlled_use\":true,\"storage_zone\":\"Cold Chain Shelf P1\",\"is_active\":true,\"notes\":\"Paracetamol IV 1g configured for burn center inventory control.\",\"created_by\":4,\"updated_by\":4}}', NULL, '2026-04-05 16:33:21', '2026-04-05 16:33:21'),
(234, 'default', 'created', 'App\\Models\\InventoryItem', 'created', 33, NULL, NULL, '{\"attributes\":{\"item_uuid\":\"a178e92b-d5ca-4cbf-a99a-4aef670c7705\",\"item_code\":\"INV-LIN-001\",\"barcode_value\":\"BCINV000033\",\"inventory_category_id\":6,\"item_name\":\"Burn Sheet Disposable\",\"subcategory\":\"Linen and Disposables\",\"sku\":\"LIN-001\",\"unit_of_measure\":\"pack\",\"pack_size\":null,\"current_quantity\":\"0.00\",\"reserved_quantity\":\"0.00\",\"issued_quantity\":\"0.00\",\"damaged_quantity\":\"0.00\",\"quarantined_quantity\":\"0.00\",\"expired_quantity\":\"0.00\",\"supplier_id\":3,\"store_location_id\":6,\"reorder_level\":\"20.00\",\"minimum_level\":\"10.00\",\"maximum_level\":\"100.00\",\"temperature_sensitive\":false,\"sterile_item\":false,\"high_risk_item\":false,\"controlled_use\":false,\"storage_zone\":\"Disposable Rack E2\",\"is_active\":true,\"notes\":\"Burn Sheet Disposable configured for burn center inventory control.\",\"created_by\":4,\"updated_by\":4}}', NULL, '2026-04-05 16:33:21', '2026-04-05 16:33:21'),
(235, 'default', 'created', 'App\\Models\\InventoryItem', 'created', 34, NULL, NULL, '{\"attributes\":{\"item_uuid\":\"a178e92c-95b0-43cf-adb9-06c8f30d06e8\",\"item_code\":\"INV-LIN-002\",\"barcode_value\":\"BCINV000034\",\"inventory_category_id\":6,\"item_name\":\"Sterile Drape Large\",\"subcategory\":\"Linen and Disposables\",\"sku\":\"LIN-002\",\"unit_of_measure\":\"pack\",\"pack_size\":null,\"current_quantity\":\"0.00\",\"reserved_quantity\":\"0.00\",\"issued_quantity\":\"0.00\",\"damaged_quantity\":\"0.00\",\"quarantined_quantity\":\"0.00\",\"expired_quantity\":\"0.00\",\"supplier_id\":3,\"store_location_id\":6,\"reorder_level\":\"14.00\",\"minimum_level\":\"8.00\",\"maximum_level\":\"60.00\",\"temperature_sensitive\":false,\"sterile_item\":false,\"high_risk_item\":false,\"controlled_use\":false,\"storage_zone\":\"Disposable Rack E2\",\"is_active\":true,\"notes\":\"Sterile Drape Large configured for burn center inventory control.\",\"created_by\":4,\"updated_by\":4}}', NULL, '2026-04-05 16:33:22', '2026-04-05 16:33:22'),
(236, 'default', 'created', 'App\\Models\\InventoryItem', 'created', 35, NULL, NULL, '{\"attributes\":{\"item_uuid\":\"a178e92d-beca-4dde-9cb2-7847572c5ea0\",\"item_code\":\"INV-LIN-003\",\"barcode_value\":\"BCINV000035\",\"inventory_category_id\":6,\"item_name\":\"Pillow Cover Disposable\",\"subcategory\":\"Linen and Disposables\",\"sku\":\"LIN-003\",\"unit_of_measure\":\"pack\",\"pack_size\":null,\"current_quantity\":\"0.00\",\"reserved_quantity\":\"0.00\",\"issued_quantity\":\"0.00\",\"damaged_quantity\":\"0.00\",\"quarantined_quantity\":\"0.00\",\"expired_quantity\":\"0.00\",\"supplier_id\":3,\"store_location_id\":6,\"reorder_level\":\"16.00\",\"minimum_level\":\"8.00\",\"maximum_level\":\"70.00\",\"temperature_sensitive\":false,\"sterile_item\":false,\"high_risk_item\":false,\"controlled_use\":false,\"storage_zone\":\"Disposable Rack E2\",\"is_active\":true,\"notes\":\"Pillow Cover Disposable configured for burn center inventory control.\",\"created_by\":4,\"updated_by\":4}}', NULL, '2026-04-05 16:33:22', '2026-04-05 16:33:22'),
(237, 'default', 'created', 'App\\Models\\InventoryItem', 'created', 36, NULL, NULL, '{\"attributes\":{\"item_uuid\":\"a178e92e-42ee-4d53-b263-29b555ea43b6\",\"item_code\":\"INV-LIN-004\",\"barcode_value\":\"BCINV000036\",\"inventory_category_id\":6,\"item_name\":\"Draw Sheet Sterile\",\"subcategory\":\"Linen and Disposables\",\"sku\":\"LIN-004\",\"unit_of_measure\":\"pack\",\"pack_size\":null,\"current_quantity\":\"0.00\",\"reserved_quantity\":\"0.00\",\"issued_quantity\":\"0.00\",\"damaged_quantity\":\"0.00\",\"quarantined_quantity\":\"0.00\",\"expired_quantity\":\"0.00\",\"supplier_id\":3,\"store_location_id\":6,\"reorder_level\":\"12.00\",\"minimum_level\":\"6.00\",\"maximum_level\":\"50.00\",\"temperature_sensitive\":false,\"sterile_item\":false,\"high_risk_item\":false,\"controlled_use\":false,\"storage_zone\":\"Disposable Rack E2\",\"is_active\":true,\"notes\":\"Draw Sheet Sterile configured for burn center inventory control.\",\"created_by\":4,\"updated_by\":4}}', NULL, '2026-04-05 16:33:23', '2026-04-05 16:33:23'),
(238, 'default', 'created', 'App\\Models\\InventoryItem', 'created', 37, NULL, NULL, '{\"attributes\":{\"item_uuid\":\"a178e92f-3723-436e-af93-4b976d188ec0\",\"item_code\":\"INV-CLS-001\",\"barcode_value\":\"BCINV000037\",\"inventory_category_id\":7,\"item_name\":\"Disinfectant Solution 5L\",\"subcategory\":\"Cleaning and Sterilization\",\"sku\":\"CLS-001\",\"unit_of_measure\":\"can\",\"pack_size\":null,\"current_quantity\":\"0.00\",\"reserved_quantity\":\"0.00\",\"issued_quantity\":\"0.00\",\"damaged_quantity\":\"0.00\",\"quarantined_quantity\":\"0.00\",\"expired_quantity\":\"0.00\",\"supplier_id\":3,\"store_location_id\":6,\"reorder_level\":\"12.00\",\"minimum_level\":\"6.00\",\"maximum_level\":\"40.00\",\"temperature_sensitive\":false,\"sterile_item\":false,\"high_risk_item\":false,\"controlled_use\":false,\"storage_zone\":\"Cleaning Shelf F1\",\"is_active\":true,\"notes\":\"Disinfectant Solution 5L configured for burn center inventory control.\",\"created_by\":4,\"updated_by\":4}}', NULL, '2026-04-05 16:33:23', '2026-04-05 16:33:23'),
(239, 'default', 'created', 'App\\Models\\InventoryItem', 'created', 38, NULL, NULL, '{\"attributes\":{\"item_uuid\":\"a178e92f-f9b6-4c07-9e40-0590e8437df0\",\"item_code\":\"INV-CLS-002\",\"barcode_value\":\"BCINV000038\",\"inventory_category_id\":7,\"item_name\":\"Enzymatic Cleaner 1L\",\"subcategory\":\"Cleaning and Sterilization\",\"sku\":\"CLS-002\",\"unit_of_measure\":\"bottle\",\"pack_size\":null,\"current_quantity\":\"0.00\",\"reserved_quantity\":\"0.00\",\"issued_quantity\":\"0.00\",\"damaged_quantity\":\"0.00\",\"quarantined_quantity\":\"0.00\",\"expired_quantity\":\"0.00\",\"supplier_id\":3,\"store_location_id\":6,\"reorder_level\":\"10.00\",\"minimum_level\":\"5.00\",\"maximum_level\":\"30.00\",\"temperature_sensitive\":false,\"sterile_item\":false,\"high_risk_item\":false,\"controlled_use\":false,\"storage_zone\":\"Cleaning Shelf F1\",\"is_active\":true,\"notes\":\"Enzymatic Cleaner 1L configured for burn center inventory control.\",\"created_by\":4,\"updated_by\":4}}', NULL, '2026-04-05 16:33:24', '2026-04-05 16:33:24'),
(240, 'default', 'created', 'App\\Models\\InventoryItem', 'created', 39, NULL, NULL, '{\"attributes\":{\"item_uuid\":\"a178e930-baaa-4ac5-8180-d3b65b108153\",\"item_code\":\"INV-CLS-003\",\"barcode_value\":\"BCINV000039\",\"inventory_category_id\":7,\"item_name\":\"Sterilization Wrap Roll\",\"subcategory\":\"Cleaning and Sterilization\",\"sku\":\"CLS-003\",\"unit_of_measure\":\"roll\",\"pack_size\":null,\"current_quantity\":\"0.00\",\"reserved_quantity\":\"0.00\",\"issued_quantity\":\"0.00\",\"damaged_quantity\":\"0.00\",\"quarantined_quantity\":\"0.00\",\"expired_quantity\":\"0.00\",\"supplier_id\":3,\"store_location_id\":6,\"reorder_level\":\"8.00\",\"minimum_level\":\"4.00\",\"maximum_level\":\"24.00\",\"temperature_sensitive\":false,\"sterile_item\":false,\"high_risk_item\":false,\"controlled_use\":false,\"storage_zone\":\"Cleaning Shelf F1\",\"is_active\":true,\"notes\":\"Sterilization Wrap Roll configured for burn center inventory control.\",\"created_by\":4,\"updated_by\":4}}', NULL, '2026-04-05 16:33:24', '2026-04-05 16:33:24'),
(241, 'default', 'created', 'App\\Models\\InventoryItem', 'created', 40, NULL, NULL, '{\"attributes\":{\"item_uuid\":\"a178e931-e0f1-42a3-b2ec-341128819728\",\"item_code\":\"INV-CLS-004\",\"barcode_value\":\"BCINV000040\",\"inventory_category_id\":7,\"item_name\":\"Surface Wipe Pack\",\"subcategory\":\"Cleaning and Sterilization\",\"sku\":\"CLS-004\",\"unit_of_measure\":\"pack\",\"pack_size\":null,\"current_quantity\":\"0.00\",\"reserved_quantity\":\"0.00\",\"issued_quantity\":\"0.00\",\"damaged_quantity\":\"0.00\",\"quarantined_quantity\":\"0.00\",\"expired_quantity\":\"0.00\",\"supplier_id\":3,\"store_location_id\":6,\"reorder_level\":\"18.00\",\"minimum_level\":\"8.00\",\"maximum_level\":\"80.00\",\"temperature_sensitive\":false,\"sterile_item\":false,\"high_risk_item\":false,\"controlled_use\":false,\"storage_zone\":\"Cleaning Shelf F1\",\"is_active\":true,\"notes\":\"Surface Wipe Pack configured for burn center inventory control.\",\"created_by\":4,\"updated_by\":4}}', NULL, '2026-04-05 16:33:25', '2026-04-05 16:33:25'),
(242, 'default', 'created', 'App\\Models\\InventoryItem', 'created', 41, NULL, NULL, '{\"attributes\":{\"item_uuid\":\"a178e932-c7a9-46fd-bccd-7cb62a8104c4\",\"item_code\":\"INV-EMR-001\",\"barcode_value\":\"BCINV000041\",\"inventory_category_id\":8,\"item_name\":\"Crash Cart Burn Kit\",\"subcategory\":\"Emergency Supplies\",\"sku\":\"EMR-001\",\"unit_of_measure\":\"kit\",\"pack_size\":null,\"current_quantity\":\"0.00\",\"reserved_quantity\":\"0.00\",\"issued_quantity\":\"0.00\",\"damaged_quantity\":\"0.00\",\"quarantined_quantity\":\"0.00\",\"expired_quantity\":\"0.00\",\"supplier_id\":1,\"store_location_id\":7,\"reorder_level\":\"5.00\",\"minimum_level\":\"2.00\",\"maximum_level\":\"20.00\",\"temperature_sensitive\":false,\"sterile_item\":false,\"high_risk_item\":true,\"controlled_use\":true,\"storage_zone\":\"Emergency Reserve Cage\",\"is_active\":true,\"notes\":\"Crash Cart Burn Kit configured for burn center inventory control.\",\"created_by\":4,\"updated_by\":4}}', NULL, '2026-04-05 16:33:26', '2026-04-05 16:33:26'),
(243, 'default', 'created', 'App\\Models\\InventoryItem', 'created', 42, NULL, NULL, '{\"attributes\":{\"item_uuid\":\"a178e935-455f-4ed3-a539-d82753ba2fd7\",\"item_code\":\"INV-EMR-002\",\"barcode_value\":\"BCINV000042\",\"inventory_category_id\":8,\"item_name\":\"Emergency Airway Pack\",\"subcategory\":\"Emergency Supplies\",\"sku\":\"EMR-002\",\"unit_of_measure\":\"pack\",\"pack_size\":null,\"current_quantity\":\"0.00\",\"reserved_quantity\":\"0.00\",\"issued_quantity\":\"0.00\",\"damaged_quantity\":\"0.00\",\"quarantined_quantity\":\"0.00\",\"expired_quantity\":\"0.00\",\"supplier_id\":1,\"store_location_id\":7,\"reorder_level\":\"6.00\",\"minimum_level\":\"3.00\",\"maximum_level\":\"24.00\",\"temperature_sensitive\":false,\"sterile_item\":false,\"high_risk_item\":true,\"controlled_use\":true,\"storage_zone\":\"Emergency Reserve Cage\",\"is_active\":true,\"notes\":\"Emergency Airway Pack configured for burn center inventory control.\",\"created_by\":4,\"updated_by\":4}}', NULL, '2026-04-05 16:33:27', '2026-04-05 16:33:27'),
(244, 'default', 'created', 'App\\Models\\InventoryItem', 'created', 43, NULL, NULL, '{\"attributes\":{\"item_uuid\":\"a178e936-06c8-4bd9-bf2e-6a7344e35087\",\"item_code\":\"INV-EMR-003\",\"barcode_value\":\"BCINV000043\",\"inventory_category_id\":8,\"item_name\":\"Resuscitation Syringe Kit\",\"subcategory\":\"Emergency Supplies\",\"sku\":\"EMR-003\",\"unit_of_measure\":\"kit\",\"pack_size\":null,\"current_quantity\":\"0.00\",\"reserved_quantity\":\"0.00\",\"issued_quantity\":\"0.00\",\"damaged_quantity\":\"0.00\",\"quarantined_quantity\":\"0.00\",\"expired_quantity\":\"0.00\",\"supplier_id\":1,\"store_location_id\":7,\"reorder_level\":\"6.00\",\"minimum_level\":\"3.00\",\"maximum_level\":\"24.00\",\"temperature_sensitive\":false,\"sterile_item\":false,\"high_risk_item\":true,\"controlled_use\":true,\"storage_zone\":\"Emergency Reserve Cage\",\"is_active\":true,\"notes\":\"Resuscitation Syringe Kit configured for burn center inventory control.\",\"created_by\":4,\"updated_by\":4}}', NULL, '2026-04-05 16:33:27', '2026-04-05 16:33:27'),
(245, 'default', 'created', 'App\\Models\\InventoryItem', 'created', 44, NULL, NULL, '{\"attributes\":{\"item_uuid\":\"a178e936-454a-40d3-96d8-77a80eae382e\",\"item_code\":\"INV-EMR-004\",\"barcode_value\":\"BCINV000044\",\"inventory_category_id\":8,\"item_name\":\"Burn Trolley Consumable Set\",\"subcategory\":\"Emergency Supplies\",\"sku\":\"EMR-004\",\"unit_of_measure\":\"set\",\"pack_size\":null,\"current_quantity\":\"0.00\",\"reserved_quantity\":\"0.00\",\"issued_quantity\":\"0.00\",\"damaged_quantity\":\"0.00\",\"quarantined_quantity\":\"0.00\",\"expired_quantity\":\"0.00\",\"supplier_id\":1,\"store_location_id\":7,\"reorder_level\":\"8.00\",\"minimum_level\":\"4.00\",\"maximum_level\":\"30.00\",\"temperature_sensitive\":false,\"sterile_item\":false,\"high_risk_item\":true,\"controlled_use\":true,\"storage_zone\":\"Emergency Reserve Cage\",\"is_active\":true,\"notes\":\"Burn Trolley Consumable Set configured for burn center inventory control.\",\"created_by\":4,\"updated_by\":4}}', NULL, '2026-04-05 16:33:29', '2026-04-05 16:33:29'),
(246, 'default', 'created', 'App\\Models\\StockReceipt', 'created', 1, NULL, NULL, '{\"attributes\":{\"receipt_number\":\"RCV-20260308-0001\",\"supplier_id\":1,\"department_id\":4,\"store_location_id\":5,\"receipt_date\":\"2026-03-08T00:00:00.000000Z\",\"invoice_reference\":\"INV-SEED-74\",\"delivery_note_number\":\"DN-SEED-283\",\"received_by\":4,\"remarks\":\"Initial Phase 3 stock receipt seed.\",\"status\":\"posted\",\"created_by\":4,\"updated_by\":4}}', NULL, '2026-04-05 16:33:33', '2026-04-05 16:33:33'),
(247, 'default', 'created', 'App\\Models\\InventoryBatch', 'created', 1, NULL, NULL, '{\"attributes\":{\"inventory_item_id\":1,\"batch_number\":\"SILVERSU-A\",\"lot_number\":null,\"manufacture_date\":\"2026-02-05T00:00:00.000000Z\",\"expiry_date\":\"2026-10-05T00:00:00.000000Z\",\"unit_cost\":\"620.00\",\"received_quantity\":\"0.00\",\"available_quantity\":\"0.00\",\"reserved_quantity\":\"0.00\",\"issued_quantity\":\"0.00\",\"returned_quantity\":\"0.00\",\"damaged_quantity\":\"0.00\",\"quarantined_quantity\":\"0.00\",\"expired_quantity\":\"0.00\",\"status\":\"active\",\"supplier_id\":1,\"received_at\":\"2026-03-08T00:00:00.000000Z\",\"store_location_id\":5,\"storage_zone\":\"Sterile Rack A1\",\"notes\":\"Seeded for realistic burn center stock control.\",\"created_by\":4,\"updated_by\":4}}', NULL, '2026-04-05 16:33:34', '2026-04-05 16:33:34'),
(248, 'default', 'updated', 'App\\Models\\InventoryBatch', 'updated', 1, NULL, NULL, '{\"attributes\":{\"received_quantity\":\"0.00\",\"available_quantity\":\"0.00\",\"reserved_quantity\":\"0.00\",\"issued_quantity\":\"0.00\",\"returned_quantity\":\"0.00\",\"damaged_quantity\":\"0.00\",\"quarantined_quantity\":\"0.00\",\"expired_quantity\":\"0.00\",\"status\":\"exhausted\"},\"old\":{\"received_quantity\":null,\"available_quantity\":null,\"reserved_quantity\":null,\"issued_quantity\":null,\"returned_quantity\":null,\"damaged_quantity\":null,\"quarantined_quantity\":null,\"expired_quantity\":null,\"status\":null}}', NULL, '2026-04-05 16:33:34', '2026-04-05 16:33:34'),
(249, 'default', 'updated', 'App\\Models\\InventoryBatch', 'updated', 1, NULL, NULL, '{\"attributes\":{\"received_quantity\":\"90.00\",\"available_quantity\":\"90.00\",\"reserved_quantity\":\"0.00\",\"issued_quantity\":\"0.00\",\"returned_quantity\":\"0.00\",\"damaged_quantity\":\"0.00\",\"quarantined_quantity\":\"0.00\",\"expired_quantity\":\"0.00\"},\"old\":{\"received_quantity\":null,\"available_quantity\":null,\"reserved_quantity\":null,\"issued_quantity\":null,\"returned_quantity\":null,\"damaged_quantity\":null,\"quarantined_quantity\":null,\"expired_quantity\":null}}', NULL, '2026-04-05 16:33:34', '2026-04-05 16:33:34'),
(250, 'default', 'updated', 'App\\Models\\InventoryBatch', 'updated', 1, NULL, NULL, '{\"attributes\":{\"reserved_quantity\":\"0.00\",\"issued_quantity\":\"0.00\",\"returned_quantity\":\"0.00\",\"damaged_quantity\":\"0.00\",\"quarantined_quantity\":\"0.00\",\"expired_quantity\":\"0.00\",\"status\":\"active\"},\"old\":{\"reserved_quantity\":null,\"issued_quantity\":null,\"returned_quantity\":null,\"damaged_quantity\":null,\"quarantined_quantity\":null,\"expired_quantity\":null,\"status\":\"exhausted\"}}', NULL, '2026-04-05 16:33:35', '2026-04-05 16:33:35'),
(251, 'default', 'updated', 'App\\Models\\InventoryItem', 'updated', 1, NULL, NULL, '{\"attributes\":{\"current_quantity\":\"90.00\"},\"old\":{\"current_quantity\":\"0.00\"}}', NULL, '2026-04-05 16:33:35', '2026-04-05 16:33:35'),
(252, 'default', 'created', 'App\\Models\\StockReceiptItem', 'created', 1, NULL, NULL, '{\"attributes\":{\"stock_receipt_id\":1,\"inventory_item_id\":1,\"inventory_batch_id\":1,\"batch_number\":\"SILVERSU-A\",\"manufacture_date\":\"2026-02-05T00:00:00.000000Z\",\"expiry_date\":\"2026-10-05T00:00:00.000000Z\",\"quantity\":\"90.00\",\"unit_cost\":\"620.00\",\"line_total\":\"55800.00\",\"storage_zone\":\"Sterile Rack A1\",\"remarks\":\"Seeded for realistic burn center stock control.\"}}', NULL, '2026-04-05 16:33:36', '2026-04-05 16:33:36'),
(253, 'default', 'created', 'App\\Models\\InventoryTransaction', 'created', 1, NULL, NULL, '{\"attributes\":{\"inventory_item_id\":1,\"inventory_batch_id\":1,\"transaction_type\":\"received\",\"quantity\":\"90.00\",\"unit_of_measure\":\"pack\",\"before_quantity\":\"0.00\",\"after_quantity\":\"90.00\",\"before_batch_quantity\":\"0.00\",\"after_batch_quantity\":\"90.00\",\"from_location_id\":null,\"to_location_id\":5,\"from_department_id\":null,\"to_department_id\":4,\"issued_to_user_id\":null,\"received_from_user_id\":null,\"reference_type\":\"App\\\\Models\\\\StockReceipt\",\"reference_id\":1,\"reference_number\":\"RCV-20260308-0001\",\"transaction_datetime\":\"2026-03-08T00:00:00.000000Z\",\"remarks\":\"Seeded for realistic burn center stock control.\",\"performed_by\":4}}', NULL, '2026-04-05 16:33:38', '2026-04-05 16:33:38'),
(254, 'inventory', 'Stock received', 'App\\Models\\InventoryItem', 'stock-received', 1, 'App\\Models\\User', 4, '{\"receipt_id\":1,\"receipt_item_id\":1,\"batch_id\":1,\"quantity\":90}', NULL, '2026-04-05 16:33:38', '2026-04-05 16:33:38'),
(255, 'default', 'created', 'App\\Models\\InventoryBatch', 'created', 2, NULL, NULL, '{\"attributes\":{\"inventory_item_id\":2,\"batch_number\":\"ANTIMICR-A\",\"lot_number\":null,\"manufacture_date\":\"2026-02-05T00:00:00.000000Z\",\"expiry_date\":\"2026-10-05T00:00:00.000000Z\",\"unit_cost\":\"620.00\",\"received_quantity\":\"0.00\",\"available_quantity\":\"0.00\",\"reserved_quantity\":\"0.00\",\"issued_quantity\":\"0.00\",\"returned_quantity\":\"0.00\",\"damaged_quantity\":\"0.00\",\"quarantined_quantity\":\"0.00\",\"expired_quantity\":\"0.00\",\"status\":\"active\",\"supplier_id\":1,\"received_at\":\"2026-03-08T00:00:00.000000Z\",\"store_location_id\":5,\"storage_zone\":\"Sterile Rack A1\",\"notes\":\"Seeded for realistic burn center stock control.\",\"created_by\":4,\"updated_by\":4}}', NULL, '2026-04-05 16:33:38', '2026-04-05 16:33:38'),
(256, 'default', 'updated', 'App\\Models\\InventoryBatch', 'updated', 2, NULL, NULL, '{\"attributes\":{\"received_quantity\":\"0.00\",\"available_quantity\":\"0.00\",\"reserved_quantity\":\"0.00\",\"issued_quantity\":\"0.00\",\"returned_quantity\":\"0.00\",\"damaged_quantity\":\"0.00\",\"quarantined_quantity\":\"0.00\",\"expired_quantity\":\"0.00\",\"status\":\"exhausted\"},\"old\":{\"received_quantity\":null,\"available_quantity\":null,\"reserved_quantity\":null,\"issued_quantity\":null,\"returned_quantity\":null,\"damaged_quantity\":null,\"quarantined_quantity\":null,\"expired_quantity\":null,\"status\":null}}', NULL, '2026-04-05 16:33:38', '2026-04-05 16:33:38'),
(257, 'default', 'updated', 'App\\Models\\InventoryBatch', 'updated', 2, NULL, NULL, '{\"attributes\":{\"received_quantity\":\"35.00\",\"available_quantity\":\"35.00\",\"reserved_quantity\":\"0.00\",\"issued_quantity\":\"0.00\",\"returned_quantity\":\"0.00\",\"damaged_quantity\":\"0.00\",\"quarantined_quantity\":\"0.00\",\"expired_quantity\":\"0.00\"},\"old\":{\"received_quantity\":null,\"available_quantity\":null,\"reserved_quantity\":null,\"issued_quantity\":null,\"returned_quantity\":null,\"damaged_quantity\":null,\"quarantined_quantity\":null,\"expired_quantity\":null}}', NULL, '2026-04-05 16:33:38', '2026-04-05 16:33:38'),
(258, 'default', 'updated', 'App\\Models\\InventoryBatch', 'updated', 2, NULL, NULL, '{\"attributes\":{\"reserved_quantity\":\"0.00\",\"issued_quantity\":\"0.00\",\"returned_quantity\":\"0.00\",\"damaged_quantity\":\"0.00\",\"quarantined_quantity\":\"0.00\",\"expired_quantity\":\"0.00\",\"status\":\"active\"},\"old\":{\"reserved_quantity\":null,\"issued_quantity\":null,\"returned_quantity\":null,\"damaged_quantity\":null,\"quarantined_quantity\":null,\"expired_quantity\":null,\"status\":\"exhausted\"}}', NULL, '2026-04-05 16:33:38', '2026-04-05 16:33:38'),
(259, 'default', 'updated', 'App\\Models\\InventoryItem', 'updated', 2, NULL, NULL, '{\"attributes\":{\"current_quantity\":\"35.00\"},\"old\":{\"current_quantity\":\"0.00\"}}', NULL, '2026-04-05 16:33:39', '2026-04-05 16:33:39'),
(260, 'default', 'created', 'App\\Models\\StockReceiptItem', 'created', 2, NULL, NULL, '{\"attributes\":{\"stock_receipt_id\":1,\"inventory_item_id\":2,\"inventory_batch_id\":2,\"batch_number\":\"ANTIMICR-A\",\"manufacture_date\":\"2026-02-05T00:00:00.000000Z\",\"expiry_date\":\"2026-10-05T00:00:00.000000Z\",\"quantity\":\"35.00\",\"unit_cost\":\"620.00\",\"line_total\":\"21700.00\",\"storage_zone\":\"Sterile Rack A1\",\"remarks\":\"Seeded for realistic burn center stock control.\"}}', NULL, '2026-04-05 16:33:39', '2026-04-05 16:33:39'),
(261, 'default', 'created', 'App\\Models\\InventoryTransaction', 'created', 2, NULL, NULL, '{\"attributes\":{\"inventory_item_id\":2,\"inventory_batch_id\":2,\"transaction_type\":\"received\",\"quantity\":\"35.00\",\"unit_of_measure\":\"pack\",\"before_quantity\":\"0.00\",\"after_quantity\":\"35.00\",\"before_batch_quantity\":\"0.00\",\"after_batch_quantity\":\"35.00\",\"from_location_id\":null,\"to_location_id\":5,\"from_department_id\":null,\"to_department_id\":4,\"issued_to_user_id\":null,\"received_from_user_id\":null,\"reference_type\":\"App\\\\Models\\\\StockReceipt\",\"reference_id\":1,\"reference_number\":\"RCV-20260308-0001\",\"transaction_datetime\":\"2026-03-08T00:00:00.000000Z\",\"remarks\":\"Seeded for realistic burn center stock control.\",\"performed_by\":4}}', NULL, '2026-04-05 16:33:39', '2026-04-05 16:33:39'),
(262, 'inventory', 'Stock received', 'App\\Models\\InventoryItem', 'stock-received', 2, 'App\\Models\\User', 4, '{\"receipt_id\":1,\"receipt_item_id\":2,\"batch_id\":2,\"quantity\":35}', NULL, '2026-04-05 16:33:40', '2026-04-05 16:33:40'),
(263, 'default', 'created', 'App\\Models\\InventoryBatch', 'created', 3, NULL, NULL, '{\"attributes\":{\"inventory_item_id\":3,\"batch_number\":\"HYDROGEL-A\",\"lot_number\":null,\"manufacture_date\":\"2026-02-05T00:00:00.000000Z\",\"expiry_date\":\"2026-10-05T00:00:00.000000Z\",\"unit_cost\":\"620.00\",\"received_quantity\":\"0.00\",\"available_quantity\":\"0.00\",\"reserved_quantity\":\"0.00\",\"issued_quantity\":\"0.00\",\"returned_quantity\":\"0.00\",\"damaged_quantity\":\"0.00\",\"quarantined_quantity\":\"0.00\",\"expired_quantity\":\"0.00\",\"status\":\"active\",\"supplier_id\":1,\"received_at\":\"2026-03-08T00:00:00.000000Z\",\"store_location_id\":5,\"storage_zone\":\"Sterile Rack A1\",\"notes\":\"Seeded for realistic burn center stock control.\",\"created_by\":4,\"updated_by\":4}}', NULL, '2026-04-05 16:33:40', '2026-04-05 16:33:40'),
(264, 'default', 'updated', 'App\\Models\\InventoryBatch', 'updated', 3, NULL, NULL, '{\"attributes\":{\"received_quantity\":\"0.00\",\"available_quantity\":\"0.00\",\"reserved_quantity\":\"0.00\",\"issued_quantity\":\"0.00\",\"returned_quantity\":\"0.00\",\"damaged_quantity\":\"0.00\",\"quarantined_quantity\":\"0.00\",\"expired_quantity\":\"0.00\",\"status\":\"exhausted\"},\"old\":{\"received_quantity\":null,\"available_quantity\":null,\"reserved_quantity\":null,\"issued_quantity\":null,\"returned_quantity\":null,\"damaged_quantity\":null,\"quarantined_quantity\":null,\"expired_quantity\":null,\"status\":null}}', NULL, '2026-04-05 16:33:40', '2026-04-05 16:33:40'),
(265, 'default', 'updated', 'App\\Models\\InventoryBatch', 'updated', 3, NULL, NULL, '{\"attributes\":{\"received_quantity\":\"35.00\",\"available_quantity\":\"35.00\",\"reserved_quantity\":\"0.00\",\"issued_quantity\":\"0.00\",\"returned_quantity\":\"0.00\",\"damaged_quantity\":\"0.00\",\"quarantined_quantity\":\"0.00\",\"expired_quantity\":\"0.00\"},\"old\":{\"received_quantity\":null,\"available_quantity\":null,\"reserved_quantity\":null,\"issued_quantity\":null,\"returned_quantity\":null,\"damaged_quantity\":null,\"quarantined_quantity\":null,\"expired_quantity\":null}}', NULL, '2026-04-05 16:33:40', '2026-04-05 16:33:40'),
(266, 'default', 'updated', 'App\\Models\\InventoryBatch', 'updated', 3, NULL, NULL, '{\"attributes\":{\"reserved_quantity\":\"0.00\",\"issued_quantity\":\"0.00\",\"returned_quantity\":\"0.00\",\"damaged_quantity\":\"0.00\",\"quarantined_quantity\":\"0.00\",\"expired_quantity\":\"0.00\",\"status\":\"active\"},\"old\":{\"reserved_quantity\":null,\"issued_quantity\":null,\"returned_quantity\":null,\"damaged_quantity\":null,\"quarantined_quantity\":null,\"expired_quantity\":null,\"status\":\"exhausted\"}}', NULL, '2026-04-05 16:33:40', '2026-04-05 16:33:40'),
(267, 'default', 'updated', 'App\\Models\\InventoryItem', 'updated', 3, NULL, NULL, '{\"attributes\":{\"current_quantity\":\"35.00\"},\"old\":{\"current_quantity\":\"0.00\"}}', NULL, '2026-04-05 16:33:40', '2026-04-05 16:33:40'),
(268, 'default', 'created', 'App\\Models\\StockReceiptItem', 'created', 3, NULL, NULL, '{\"attributes\":{\"stock_receipt_id\":1,\"inventory_item_id\":3,\"inventory_batch_id\":3,\"batch_number\":\"HYDROGEL-A\",\"manufacture_date\":\"2026-02-05T00:00:00.000000Z\",\"expiry_date\":\"2026-10-05T00:00:00.000000Z\",\"quantity\":\"35.00\",\"unit_cost\":\"620.00\",\"line_total\":\"21700.00\",\"storage_zone\":\"Sterile Rack A1\",\"remarks\":\"Seeded for realistic burn center stock control.\"}}', NULL, '2026-04-05 16:33:41', '2026-04-05 16:33:41'),
(269, 'default', 'created', 'App\\Models\\InventoryTransaction', 'created', 3, NULL, NULL, '{\"attributes\":{\"inventory_item_id\":3,\"inventory_batch_id\":3,\"transaction_type\":\"received\",\"quantity\":\"35.00\",\"unit_of_measure\":\"sheet\",\"before_quantity\":\"0.00\",\"after_quantity\":\"35.00\",\"before_batch_quantity\":\"0.00\",\"after_batch_quantity\":\"35.00\",\"from_location_id\":null,\"to_location_id\":5,\"from_department_id\":null,\"to_department_id\":4,\"issued_to_user_id\":null,\"received_from_user_id\":null,\"reference_type\":\"App\\\\Models\\\\StockReceipt\",\"reference_id\":1,\"reference_number\":\"RCV-20260308-0001\",\"transaction_datetime\":\"2026-03-08T00:00:00.000000Z\",\"remarks\":\"Seeded for realistic burn center stock control.\",\"performed_by\":4}}', NULL, '2026-04-05 16:33:41', '2026-04-05 16:33:41'),
(270, 'inventory', 'Stock received', 'App\\Models\\InventoryItem', 'stock-received', 3, 'App\\Models\\User', 4, '{\"receipt_id\":1,\"receipt_item_id\":3,\"batch_id\":3,\"quantity\":35}', NULL, '2026-04-05 16:33:41', '2026-04-05 16:33:41'),
(271, 'default', 'created', 'App\\Models\\InventoryBatch', 'created', 4, NULL, NULL, '{\"attributes\":{\"inventory_item_id\":4,\"batch_number\":\"PARAFFIN-A\",\"lot_number\":null,\"manufacture_date\":\"2026-02-05T00:00:00.000000Z\",\"expiry_date\":\"2026-10-05T00:00:00.000000Z\",\"unit_cost\":\"620.00\",\"received_quantity\":\"0.00\",\"available_quantity\":\"0.00\",\"reserved_quantity\":\"0.00\",\"issued_quantity\":\"0.00\",\"returned_quantity\":\"0.00\",\"damaged_quantity\":\"0.00\",\"quarantined_quantity\":\"0.00\",\"expired_quantity\":\"0.00\",\"status\":\"active\",\"supplier_id\":1,\"received_at\":\"2026-03-08T00:00:00.000000Z\",\"store_location_id\":5,\"storage_zone\":\"Sterile Rack A1\",\"notes\":\"Seeded for realistic burn center stock control.\",\"created_by\":4,\"updated_by\":4}}', NULL, '2026-04-05 16:33:41', '2026-04-05 16:33:41'),
(272, 'default', 'updated', 'App\\Models\\InventoryBatch', 'updated', 4, NULL, NULL, '{\"attributes\":{\"received_quantity\":\"0.00\",\"available_quantity\":\"0.00\",\"reserved_quantity\":\"0.00\",\"issued_quantity\":\"0.00\",\"returned_quantity\":\"0.00\",\"damaged_quantity\":\"0.00\",\"quarantined_quantity\":\"0.00\",\"expired_quantity\":\"0.00\",\"status\":\"exhausted\"},\"old\":{\"received_quantity\":null,\"available_quantity\":null,\"reserved_quantity\":null,\"issued_quantity\":null,\"returned_quantity\":null,\"damaged_quantity\":null,\"quarantined_quantity\":null,\"expired_quantity\":null,\"status\":null}}', NULL, '2026-04-05 16:33:41', '2026-04-05 16:33:41'),
(273, 'default', 'updated', 'App\\Models\\InventoryBatch', 'updated', 4, NULL, NULL, '{\"attributes\":{\"received_quantity\":\"35.00\",\"available_quantity\":\"35.00\",\"reserved_quantity\":\"0.00\",\"issued_quantity\":\"0.00\",\"returned_quantity\":\"0.00\",\"damaged_quantity\":\"0.00\",\"quarantined_quantity\":\"0.00\",\"expired_quantity\":\"0.00\"},\"old\":{\"received_quantity\":null,\"available_quantity\":null,\"reserved_quantity\":null,\"issued_quantity\":null,\"returned_quantity\":null,\"damaged_quantity\":null,\"quarantined_quantity\":null,\"expired_quantity\":null}}', NULL, '2026-04-05 16:33:41', '2026-04-05 16:33:41'),
(274, 'default', 'updated', 'App\\Models\\InventoryBatch', 'updated', 4, NULL, NULL, '{\"attributes\":{\"reserved_quantity\":\"0.00\",\"issued_quantity\":\"0.00\",\"returned_quantity\":\"0.00\",\"damaged_quantity\":\"0.00\",\"quarantined_quantity\":\"0.00\",\"expired_quantity\":\"0.00\",\"status\":\"active\"},\"old\":{\"reserved_quantity\":null,\"issued_quantity\":null,\"returned_quantity\":null,\"damaged_quantity\":null,\"quarantined_quantity\":null,\"expired_quantity\":null,\"status\":\"exhausted\"}}', NULL, '2026-04-05 16:33:41', '2026-04-05 16:33:41'),
(275, 'default', 'updated', 'App\\Models\\InventoryItem', 'updated', 4, NULL, NULL, '{\"attributes\":{\"current_quantity\":\"35.00\"},\"old\":{\"current_quantity\":\"0.00\"}}', NULL, '2026-04-05 16:33:41', '2026-04-05 16:33:41'),
(276, 'default', 'created', 'App\\Models\\StockReceiptItem', 'created', 4, NULL, NULL, '{\"attributes\":{\"stock_receipt_id\":1,\"inventory_item_id\":4,\"inventory_batch_id\":4,\"batch_number\":\"PARAFFIN-A\",\"manufacture_date\":\"2026-02-05T00:00:00.000000Z\",\"expiry_date\":\"2026-10-05T00:00:00.000000Z\",\"quantity\":\"35.00\",\"unit_cost\":\"620.00\",\"line_total\":\"21700.00\",\"storage_zone\":\"Sterile Rack A1\",\"remarks\":\"Seeded for realistic burn center stock control.\"}}', NULL, '2026-04-05 16:33:41', '2026-04-05 16:33:41'),
(277, 'default', 'created', 'App\\Models\\InventoryTransaction', 'created', 4, NULL, NULL, '{\"attributes\":{\"inventory_item_id\":4,\"inventory_batch_id\":4,\"transaction_type\":\"received\",\"quantity\":\"35.00\",\"unit_of_measure\":\"pack\",\"before_quantity\":\"0.00\",\"after_quantity\":\"35.00\",\"before_batch_quantity\":\"0.00\",\"after_batch_quantity\":\"35.00\",\"from_location_id\":null,\"to_location_id\":5,\"from_department_id\":null,\"to_department_id\":4,\"issued_to_user_id\":null,\"received_from_user_id\":null,\"reference_type\":\"App\\\\Models\\\\StockReceipt\",\"reference_id\":1,\"reference_number\":\"RCV-20260308-0001\",\"transaction_datetime\":\"2026-03-08T00:00:00.000000Z\",\"remarks\":\"Seeded for realistic burn center stock control.\",\"performed_by\":4}}', NULL, '2026-04-05 16:33:42', '2026-04-05 16:33:42'),
(278, 'inventory', 'Stock received', 'App\\Models\\InventoryItem', 'stock-received', 4, 'App\\Models\\User', 4, '{\"receipt_id\":1,\"receipt_item_id\":4,\"batch_id\":4,\"quantity\":35}', NULL, '2026-04-05 16:33:42', '2026-04-05 16:33:42'),
(279, 'default', 'created', 'App\\Models\\InventoryBatch', 'created', 5, NULL, NULL, '{\"attributes\":{\"inventory_item_id\":5,\"batch_number\":\"ALGINATE-A\",\"lot_number\":null,\"manufacture_date\":\"2026-02-05T00:00:00.000000Z\",\"expiry_date\":\"2026-10-05T00:00:00.000000Z\",\"unit_cost\":\"620.00\",\"received_quantity\":\"0.00\",\"available_quantity\":\"0.00\",\"reserved_quantity\":\"0.00\",\"issued_quantity\":\"0.00\",\"returned_quantity\":\"0.00\",\"damaged_quantity\":\"0.00\",\"quarantined_quantity\":\"0.00\",\"expired_quantity\":\"0.00\",\"status\":\"active\",\"supplier_id\":1,\"received_at\":\"2026-03-08T00:00:00.000000Z\",\"store_location_id\":5,\"storage_zone\":\"Sterile Rack A1\",\"notes\":\"Seeded for realistic burn center stock control.\",\"created_by\":4,\"updated_by\":4}}', NULL, '2026-04-05 16:33:42', '2026-04-05 16:33:42'),
(280, 'default', 'updated', 'App\\Models\\InventoryBatch', 'updated', 5, NULL, NULL, '{\"attributes\":{\"received_quantity\":\"0.00\",\"available_quantity\":\"0.00\",\"reserved_quantity\":\"0.00\",\"issued_quantity\":\"0.00\",\"returned_quantity\":\"0.00\",\"damaged_quantity\":\"0.00\",\"quarantined_quantity\":\"0.00\",\"expired_quantity\":\"0.00\",\"status\":\"exhausted\"},\"old\":{\"received_quantity\":null,\"available_quantity\":null,\"reserved_quantity\":null,\"issued_quantity\":null,\"returned_quantity\":null,\"damaged_quantity\":null,\"quarantined_quantity\":null,\"expired_quantity\":null,\"status\":null}}', NULL, '2026-04-05 16:33:42', '2026-04-05 16:33:42'),
(281, 'default', 'updated', 'App\\Models\\InventoryBatch', 'updated', 5, NULL, NULL, '{\"attributes\":{\"received_quantity\":\"35.00\",\"available_quantity\":\"35.00\",\"reserved_quantity\":\"0.00\",\"issued_quantity\":\"0.00\",\"returned_quantity\":\"0.00\",\"damaged_quantity\":\"0.00\",\"quarantined_quantity\":\"0.00\",\"expired_quantity\":\"0.00\"},\"old\":{\"received_quantity\":null,\"available_quantity\":null,\"reserved_quantity\":null,\"issued_quantity\":null,\"returned_quantity\":null,\"damaged_quantity\":null,\"quarantined_quantity\":null,\"expired_quantity\":null}}', NULL, '2026-04-05 16:33:42', '2026-04-05 16:33:42'),
(282, 'default', 'updated', 'App\\Models\\InventoryBatch', 'updated', 5, NULL, NULL, '{\"attributes\":{\"reserved_quantity\":\"0.00\",\"issued_quantity\":\"0.00\",\"returned_quantity\":\"0.00\",\"damaged_quantity\":\"0.00\",\"quarantined_quantity\":\"0.00\",\"expired_quantity\":\"0.00\",\"status\":\"active\"},\"old\":{\"reserved_quantity\":null,\"issued_quantity\":null,\"returned_quantity\":null,\"damaged_quantity\":null,\"quarantined_quantity\":null,\"expired_quantity\":null,\"status\":\"exhausted\"}}', NULL, '2026-04-05 16:33:42', '2026-04-05 16:33:42'),
(283, 'default', 'updated', 'App\\Models\\InventoryItem', 'updated', 5, NULL, NULL, '{\"attributes\":{\"current_quantity\":\"35.00\"},\"old\":{\"current_quantity\":\"0.00\"}}', NULL, '2026-04-05 16:33:42', '2026-04-05 16:33:42'),
(284, 'default', 'created', 'App\\Models\\StockReceiptItem', 'created', 5, NULL, NULL, '{\"attributes\":{\"stock_receipt_id\":1,\"inventory_item_id\":5,\"inventory_batch_id\":5,\"batch_number\":\"ALGINATE-A\",\"manufacture_date\":\"2026-02-05T00:00:00.000000Z\",\"expiry_date\":\"2026-10-05T00:00:00.000000Z\",\"quantity\":\"35.00\",\"unit_cost\":\"620.00\",\"line_total\":\"21700.00\",\"storage_zone\":\"Sterile Rack A1\",\"remarks\":\"Seeded for realistic burn center stock control.\"}}', NULL, '2026-04-05 16:33:42', '2026-04-05 16:33:42'),
(285, 'default', 'created', 'App\\Models\\InventoryTransaction', 'created', 5, NULL, NULL, '{\"attributes\":{\"inventory_item_id\":5,\"inventory_batch_id\":5,\"transaction_type\":\"received\",\"quantity\":\"35.00\",\"unit_of_measure\":\"pack\",\"before_quantity\":\"0.00\",\"after_quantity\":\"35.00\",\"before_batch_quantity\":\"0.00\",\"after_batch_quantity\":\"35.00\",\"from_location_id\":null,\"to_location_id\":5,\"from_department_id\":null,\"to_department_id\":4,\"issued_to_user_id\":null,\"received_from_user_id\":null,\"reference_type\":\"App\\\\Models\\\\StockReceipt\",\"reference_id\":1,\"reference_number\":\"RCV-20260308-0001\",\"transaction_datetime\":\"2026-03-08T00:00:00.000000Z\",\"remarks\":\"Seeded for realistic burn center stock control.\",\"performed_by\":4}}', NULL, '2026-04-05 16:33:42', '2026-04-05 16:33:42'),
(286, 'inventory', 'Stock received', 'App\\Models\\InventoryItem', 'stock-received', 5, 'App\\Models\\User', 4, '{\"receipt_id\":1,\"receipt_item_id\":5,\"batch_id\":5,\"quantity\":35}', NULL, '2026-04-05 16:33:42', '2026-04-05 16:33:42'),
(287, 'default', 'created', 'App\\Models\\InventoryBatch', 'created', 6, NULL, NULL, '{\"attributes\":{\"inventory_item_id\":6,\"batch_number\":\"SILICONE-A\",\"lot_number\":null,\"manufacture_date\":\"2026-02-05T00:00:00.000000Z\",\"expiry_date\":\"2026-10-05T00:00:00.000000Z\",\"unit_cost\":\"240.00\",\"received_quantity\":\"0.00\",\"available_quantity\":\"0.00\",\"reserved_quantity\":\"0.00\",\"issued_quantity\":\"0.00\",\"returned_quantity\":\"0.00\",\"damaged_quantity\":\"0.00\",\"quarantined_quantity\":\"0.00\",\"expired_quantity\":\"0.00\",\"status\":\"active\",\"supplier_id\":1,\"received_at\":\"2026-03-08T00:00:00.000000Z\",\"store_location_id\":5,\"storage_zone\":\"Sterile Rack A1\",\"notes\":\"Seeded for realistic burn center stock control.\",\"created_by\":4,\"updated_by\":4}}', NULL, '2026-04-05 16:33:42', '2026-04-05 16:33:42'),
(288, 'default', 'updated', 'App\\Models\\InventoryBatch', 'updated', 6, NULL, NULL, '{\"attributes\":{\"received_quantity\":\"0.00\",\"available_quantity\":\"0.00\",\"reserved_quantity\":\"0.00\",\"issued_quantity\":\"0.00\",\"returned_quantity\":\"0.00\",\"damaged_quantity\":\"0.00\",\"quarantined_quantity\":\"0.00\",\"expired_quantity\":\"0.00\",\"status\":\"exhausted\"},\"old\":{\"received_quantity\":null,\"available_quantity\":null,\"reserved_quantity\":null,\"issued_quantity\":null,\"returned_quantity\":null,\"damaged_quantity\":null,\"quarantined_quantity\":null,\"expired_quantity\":null,\"status\":null}}', NULL, '2026-04-05 16:33:42', '2026-04-05 16:33:42'),
(289, 'default', 'updated', 'App\\Models\\InventoryBatch', 'updated', 6, NULL, NULL, '{\"attributes\":{\"received_quantity\":\"35.00\",\"available_quantity\":\"35.00\",\"reserved_quantity\":\"0.00\",\"issued_quantity\":\"0.00\",\"returned_quantity\":\"0.00\",\"damaged_quantity\":\"0.00\",\"quarantined_quantity\":\"0.00\",\"expired_quantity\":\"0.00\"},\"old\":{\"received_quantity\":null,\"available_quantity\":null,\"reserved_quantity\":null,\"issued_quantity\":null,\"returned_quantity\":null,\"damaged_quantity\":null,\"quarantined_quantity\":null,\"expired_quantity\":null}}', NULL, '2026-04-05 16:33:42', '2026-04-05 16:33:42'),
(290, 'default', 'updated', 'App\\Models\\InventoryBatch', 'updated', 6, NULL, NULL, '{\"attributes\":{\"reserved_quantity\":\"0.00\",\"issued_quantity\":\"0.00\",\"returned_quantity\":\"0.00\",\"damaged_quantity\":\"0.00\",\"quarantined_quantity\":\"0.00\",\"expired_quantity\":\"0.00\",\"status\":\"active\"},\"old\":{\"reserved_quantity\":null,\"issued_quantity\":null,\"returned_quantity\":null,\"damaged_quantity\":null,\"quarantined_quantity\":null,\"expired_quantity\":null,\"status\":\"exhausted\"}}', NULL, '2026-04-05 16:33:42', '2026-04-05 16:33:42'),
(291, 'default', 'updated', 'App\\Models\\InventoryItem', 'updated', 6, NULL, NULL, '{\"attributes\":{\"current_quantity\":\"35.00\"},\"old\":{\"current_quantity\":\"0.00\"}}', NULL, '2026-04-05 16:33:42', '2026-04-05 16:33:42'),
(292, 'default', 'created', 'App\\Models\\StockReceiptItem', 'created', 6, NULL, NULL, '{\"attributes\":{\"stock_receipt_id\":1,\"inventory_item_id\":6,\"inventory_batch_id\":6,\"batch_number\":\"SILICONE-A\",\"manufacture_date\":\"2026-02-05T00:00:00.000000Z\",\"expiry_date\":\"2026-10-05T00:00:00.000000Z\",\"quantity\":\"35.00\",\"unit_cost\":\"240.00\",\"line_total\":\"8400.00\",\"storage_zone\":\"Sterile Rack A1\",\"remarks\":\"Seeded for realistic burn center stock control.\"}}', NULL, '2026-04-05 16:33:42', '2026-04-05 16:33:42'),
(293, 'default', 'created', 'App\\Models\\InventoryTransaction', 'created', 6, NULL, NULL, '{\"attributes\":{\"inventory_item_id\":6,\"inventory_batch_id\":6,\"transaction_type\":\"received\",\"quantity\":\"35.00\",\"unit_of_measure\":\"pack\",\"before_quantity\":\"0.00\",\"after_quantity\":\"35.00\",\"before_batch_quantity\":\"0.00\",\"after_batch_quantity\":\"35.00\",\"from_location_id\":null,\"to_location_id\":5,\"from_department_id\":null,\"to_department_id\":4,\"issued_to_user_id\":null,\"received_from_user_id\":null,\"reference_type\":\"App\\\\Models\\\\StockReceipt\",\"reference_id\":1,\"reference_number\":\"RCV-20260308-0001\",\"transaction_datetime\":\"2026-03-08T00:00:00.000000Z\",\"remarks\":\"Seeded for realistic burn center stock control.\",\"performed_by\":4}}', NULL, '2026-04-05 16:33:42', '2026-04-05 16:33:42'),
(294, 'inventory', 'Stock received', 'App\\Models\\InventoryItem', 'stock-received', 6, 'App\\Models\\User', 4, '{\"receipt_id\":1,\"receipt_item_id\":6,\"batch_id\":6,\"quantity\":35}', NULL, '2026-04-05 16:33:42', '2026-04-05 16:33:42'),
(295, 'default', 'created', 'App\\Models\\InventoryBatch', 'created', 7, NULL, NULL, '{\"attributes\":{\"inventory_item_id\":7,\"batch_number\":\"STERILEG-A\",\"lot_number\":null,\"manufacture_date\":\"2026-02-05T00:00:00.000000Z\",\"expiry_date\":\"2027-02-05T00:00:00.000000Z\",\"unit_cost\":\"240.00\",\"received_quantity\":\"0.00\",\"available_quantity\":\"0.00\",\"reserved_quantity\":\"0.00\",\"issued_quantity\":\"0.00\",\"returned_quantity\":\"0.00\",\"damaged_quantity\":\"0.00\",\"quarantined_quantity\":\"0.00\",\"expired_quantity\":\"0.00\",\"status\":\"active\",\"supplier_id\":1,\"received_at\":\"2026-03-08T00:00:00.000000Z\",\"store_location_id\":5,\"storage_zone\":\"Procedure Shelf B2\",\"notes\":\"Seeded for realistic burn center stock control.\",\"created_by\":4,\"updated_by\":4}}', NULL, '2026-04-05 16:33:42', '2026-04-05 16:33:42'),
(296, 'default', 'updated', 'App\\Models\\InventoryBatch', 'updated', 7, NULL, NULL, '{\"attributes\":{\"received_quantity\":\"0.00\",\"available_quantity\":\"0.00\",\"reserved_quantity\":\"0.00\",\"issued_quantity\":\"0.00\",\"returned_quantity\":\"0.00\",\"damaged_quantity\":\"0.00\",\"quarantined_quantity\":\"0.00\",\"expired_quantity\":\"0.00\",\"status\":\"exhausted\"},\"old\":{\"received_quantity\":null,\"available_quantity\":null,\"reserved_quantity\":null,\"issued_quantity\":null,\"returned_quantity\":null,\"damaged_quantity\":null,\"quarantined_quantity\":null,\"expired_quantity\":null,\"status\":null}}', NULL, '2026-04-05 16:33:42', '2026-04-05 16:33:42'),
(297, 'default', 'updated', 'App\\Models\\InventoryBatch', 'updated', 7, NULL, NULL, '{\"attributes\":{\"received_quantity\":\"40.00\",\"available_quantity\":\"40.00\",\"reserved_quantity\":\"0.00\",\"issued_quantity\":\"0.00\",\"returned_quantity\":\"0.00\",\"damaged_quantity\":\"0.00\",\"quarantined_quantity\":\"0.00\",\"expired_quantity\":\"0.00\"},\"old\":{\"received_quantity\":null,\"available_quantity\":null,\"reserved_quantity\":null,\"issued_quantity\":null,\"returned_quantity\":null,\"damaged_quantity\":null,\"quarantined_quantity\":null,\"expired_quantity\":null}}', NULL, '2026-04-05 16:33:42', '2026-04-05 16:33:42'),
(298, 'default', 'updated', 'App\\Models\\InventoryBatch', 'updated', 7, NULL, NULL, '{\"attributes\":{\"reserved_quantity\":\"0.00\",\"issued_quantity\":\"0.00\",\"returned_quantity\":\"0.00\",\"damaged_quantity\":\"0.00\",\"quarantined_quantity\":\"0.00\",\"expired_quantity\":\"0.00\",\"status\":\"active\"},\"old\":{\"reserved_quantity\":null,\"issued_quantity\":null,\"returned_quantity\":null,\"damaged_quantity\":null,\"quarantined_quantity\":null,\"expired_quantity\":null,\"status\":\"exhausted\"}}', NULL, '2026-04-05 16:33:42', '2026-04-05 16:33:42'),
(299, 'default', 'updated', 'App\\Models\\InventoryItem', 'updated', 7, NULL, NULL, '{\"attributes\":{\"current_quantity\":\"40.00\"},\"old\":{\"current_quantity\":\"0.00\"}}', NULL, '2026-04-05 16:33:42', '2026-04-05 16:33:42'),
(300, 'default', 'created', 'App\\Models\\StockReceiptItem', 'created', 7, NULL, NULL, '{\"attributes\":{\"stock_receipt_id\":1,\"inventory_item_id\":7,\"inventory_batch_id\":7,\"batch_number\":\"STERILEG-A\",\"manufacture_date\":\"2026-02-05T00:00:00.000000Z\",\"expiry_date\":\"2027-02-05T00:00:00.000000Z\",\"quantity\":\"40.00\",\"unit_cost\":\"240.00\",\"line_total\":\"9600.00\",\"storage_zone\":\"Procedure Shelf B2\",\"remarks\":\"Seeded for realistic burn center stock control.\"}}', NULL, '2026-04-05 16:33:42', '2026-04-05 16:33:42'),
(301, 'default', 'created', 'App\\Models\\InventoryTransaction', 'created', 7, NULL, NULL, '{\"attributes\":{\"inventory_item_id\":7,\"inventory_batch_id\":7,\"transaction_type\":\"received\",\"quantity\":\"40.00\",\"unit_of_measure\":\"pack\",\"before_quantity\":\"0.00\",\"after_quantity\":\"40.00\",\"before_batch_quantity\":\"0.00\",\"after_batch_quantity\":\"40.00\",\"from_location_id\":null,\"to_location_id\":5,\"from_department_id\":null,\"to_department_id\":4,\"issued_to_user_id\":null,\"received_from_user_id\":null,\"reference_type\":\"App\\\\Models\\\\StockReceipt\",\"reference_id\":1,\"reference_number\":\"RCV-20260308-0001\",\"transaction_datetime\":\"2026-03-08T00:00:00.000000Z\",\"remarks\":\"Seeded for realistic burn center stock control.\",\"performed_by\":4}}', NULL, '2026-04-05 16:33:42', '2026-04-05 16:33:42'),
(302, 'inventory', 'Stock received', 'App\\Models\\InventoryItem', 'stock-received', 7, 'App\\Models\\User', 4, '{\"receipt_id\":1,\"receipt_item_id\":7,\"batch_id\":7,\"quantity\":40}', NULL, '2026-04-05 16:33:42', '2026-04-05 16:33:42'),
(303, 'default', 'created', 'App\\Models\\InventoryBatch', 'created', 8, NULL, NULL, '{\"attributes\":{\"inventory_item_id\":8,\"batch_number\":\"ROLLERBA-A\",\"lot_number\":null,\"manufacture_date\":\"2026-02-05T00:00:00.000000Z\",\"expiry_date\":\"2027-02-05T00:00:00.000000Z\",\"unit_cost\":\"240.00\",\"received_quantity\":\"0.00\",\"available_quantity\":\"0.00\",\"reserved_quantity\":\"0.00\",\"issued_quantity\":\"0.00\",\"returned_quantity\":\"0.00\",\"damaged_quantity\":\"0.00\",\"quarantined_quantity\":\"0.00\",\"expired_quantity\":\"0.00\",\"status\":\"active\",\"supplier_id\":1,\"received_at\":\"2026-03-08T00:00:00.000000Z\",\"store_location_id\":5,\"storage_zone\":\"Procedure Shelf B2\",\"notes\":\"Seeded for realistic burn center stock control.\",\"created_by\":4,\"updated_by\":4}}', NULL, '2026-04-05 16:33:42', '2026-04-05 16:33:42'),
(304, 'default', 'updated', 'App\\Models\\InventoryBatch', 'updated', 8, NULL, NULL, '{\"attributes\":{\"received_quantity\":\"0.00\",\"available_quantity\":\"0.00\",\"reserved_quantity\":\"0.00\",\"issued_quantity\":\"0.00\",\"returned_quantity\":\"0.00\",\"damaged_quantity\":\"0.00\",\"quarantined_quantity\":\"0.00\",\"expired_quantity\":\"0.00\",\"status\":\"exhausted\"},\"old\":{\"received_quantity\":null,\"available_quantity\":null,\"reserved_quantity\":null,\"issued_quantity\":null,\"returned_quantity\":null,\"damaged_quantity\":null,\"quarantined_quantity\":null,\"expired_quantity\":null,\"status\":null}}', NULL, '2026-04-05 16:33:42', '2026-04-05 16:33:42'),
(305, 'default', 'updated', 'App\\Models\\InventoryBatch', 'updated', 8, NULL, NULL, '{\"attributes\":{\"received_quantity\":\"70.00\",\"available_quantity\":\"70.00\",\"reserved_quantity\":\"0.00\",\"issued_quantity\":\"0.00\",\"returned_quantity\":\"0.00\",\"damaged_quantity\":\"0.00\",\"quarantined_quantity\":\"0.00\",\"expired_quantity\":\"0.00\"},\"old\":{\"received_quantity\":null,\"available_quantity\":null,\"reserved_quantity\":null,\"issued_quantity\":null,\"returned_quantity\":null,\"damaged_quantity\":null,\"quarantined_quantity\":null,\"expired_quantity\":null}}', NULL, '2026-04-05 16:33:42', '2026-04-05 16:33:42'),
(306, 'default', 'updated', 'App\\Models\\InventoryBatch', 'updated', 8, NULL, NULL, '{\"attributes\":{\"reserved_quantity\":\"0.00\",\"issued_quantity\":\"0.00\",\"returned_quantity\":\"0.00\",\"damaged_quantity\":\"0.00\",\"quarantined_quantity\":\"0.00\",\"expired_quantity\":\"0.00\",\"status\":\"active\"},\"old\":{\"reserved_quantity\":null,\"issued_quantity\":null,\"returned_quantity\":null,\"damaged_quantity\":null,\"quarantined_quantity\":null,\"expired_quantity\":null,\"status\":\"exhausted\"}}', NULL, '2026-04-05 16:33:42', '2026-04-05 16:33:42'),
(307, 'default', 'updated', 'App\\Models\\InventoryItem', 'updated', 8, NULL, NULL, '{\"attributes\":{\"current_quantity\":\"70.00\"},\"old\":{\"current_quantity\":\"0.00\"}}', NULL, '2026-04-05 16:33:42', '2026-04-05 16:33:42'),
(308, 'default', 'created', 'App\\Models\\StockReceiptItem', 'created', 8, NULL, NULL, '{\"attributes\":{\"stock_receipt_id\":1,\"inventory_item_id\":8,\"inventory_batch_id\":8,\"batch_number\":\"ROLLERBA-A\",\"manufacture_date\":\"2026-02-05T00:00:00.000000Z\",\"expiry_date\":\"2027-02-05T00:00:00.000000Z\",\"quantity\":\"70.00\",\"unit_cost\":\"240.00\",\"line_total\":\"16800.00\",\"storage_zone\":\"Procedure Shelf B2\",\"remarks\":\"Seeded for realistic burn center stock control.\"}}', NULL, '2026-04-05 16:33:42', '2026-04-05 16:33:42'),
(309, 'default', 'created', 'App\\Models\\InventoryTransaction', 'created', 8, NULL, NULL, '{\"attributes\":{\"inventory_item_id\":8,\"inventory_batch_id\":8,\"transaction_type\":\"received\",\"quantity\":\"70.00\",\"unit_of_measure\":\"roll\",\"before_quantity\":\"0.00\",\"after_quantity\":\"70.00\",\"before_batch_quantity\":\"0.00\",\"after_batch_quantity\":\"70.00\",\"from_location_id\":null,\"to_location_id\":5,\"from_department_id\":null,\"to_department_id\":4,\"issued_to_user_id\":null,\"received_from_user_id\":null,\"reference_type\":\"App\\\\Models\\\\StockReceipt\",\"reference_id\":1,\"reference_number\":\"RCV-20260308-0001\",\"transaction_datetime\":\"2026-03-08T00:00:00.000000Z\",\"remarks\":\"Seeded for realistic burn center stock control.\",\"performed_by\":4}}', NULL, '2026-04-05 16:33:43', '2026-04-05 16:33:43'),
(310, 'inventory', 'Stock received', 'App\\Models\\InventoryItem', 'stock-received', 8, 'App\\Models\\User', 4, '{\"receipt_id\":1,\"receipt_item_id\":8,\"batch_id\":8,\"quantity\":70}', NULL, '2026-04-05 16:33:43', '2026-04-05 16:33:43'),
(311, 'default', 'created', 'App\\Models\\InventoryBatch', 'created', 9, NULL, NULL, '{\"attributes\":{\"inventory_item_id\":9,\"batch_number\":\"MICROPOR-A\",\"lot_number\":null,\"manufacture_date\":\"2026-02-05T00:00:00.000000Z\",\"expiry_date\":\"2027-02-05T00:00:00.000000Z\",\"unit_cost\":\"240.00\",\"received_quantity\":\"0.00\",\"available_quantity\":\"0.00\",\"reserved_quantity\":\"0.00\",\"issued_quantity\":\"0.00\",\"returned_quantity\":\"0.00\",\"damaged_quantity\":\"0.00\",\"quarantined_quantity\":\"0.00\",\"expired_quantity\":\"0.00\",\"status\":\"active\",\"supplier_id\":1,\"received_at\":\"2026-03-08T00:00:00.000000Z\",\"store_location_id\":5,\"storage_zone\":\"Procedure Shelf B2\",\"notes\":\"Seeded for realistic burn center stock control.\",\"created_by\":4,\"updated_by\":4}}', NULL, '2026-04-05 16:33:43', '2026-04-05 16:33:43'),
(312, 'default', 'updated', 'App\\Models\\InventoryBatch', 'updated', 9, NULL, NULL, '{\"attributes\":{\"received_quantity\":\"0.00\",\"available_quantity\":\"0.00\",\"reserved_quantity\":\"0.00\",\"issued_quantity\":\"0.00\",\"returned_quantity\":\"0.00\",\"damaged_quantity\":\"0.00\",\"quarantined_quantity\":\"0.00\",\"expired_quantity\":\"0.00\",\"status\":\"exhausted\"},\"old\":{\"received_quantity\":null,\"available_quantity\":null,\"reserved_quantity\":null,\"issued_quantity\":null,\"returned_quantity\":null,\"damaged_quantity\":null,\"quarantined_quantity\":null,\"expired_quantity\":null,\"status\":null}}', NULL, '2026-04-05 16:33:43', '2026-04-05 16:33:43'),
(313, 'default', 'updated', 'App\\Models\\InventoryBatch', 'updated', 9, NULL, NULL, '{\"attributes\":{\"received_quantity\":\"70.00\",\"available_quantity\":\"70.00\",\"reserved_quantity\":\"0.00\",\"issued_quantity\":\"0.00\",\"returned_quantity\":\"0.00\",\"damaged_quantity\":\"0.00\",\"quarantined_quantity\":\"0.00\",\"expired_quantity\":\"0.00\"},\"old\":{\"received_quantity\":null,\"available_quantity\":null,\"reserved_quantity\":null,\"issued_quantity\":null,\"returned_quantity\":null,\"damaged_quantity\":null,\"quarantined_quantity\":null,\"expired_quantity\":null}}', NULL, '2026-04-05 16:33:43', '2026-04-05 16:33:43'),
(314, 'default', 'updated', 'App\\Models\\InventoryBatch', 'updated', 9, NULL, NULL, '{\"attributes\":{\"reserved_quantity\":\"0.00\",\"issued_quantity\":\"0.00\",\"returned_quantity\":\"0.00\",\"damaged_quantity\":\"0.00\",\"quarantined_quantity\":\"0.00\",\"expired_quantity\":\"0.00\",\"status\":\"active\"},\"old\":{\"reserved_quantity\":null,\"issued_quantity\":null,\"returned_quantity\":null,\"damaged_quantity\":null,\"quarantined_quantity\":null,\"expired_quantity\":null,\"status\":\"exhausted\"}}', NULL, '2026-04-05 16:33:43', '2026-04-05 16:33:43'),
(315, 'default', 'updated', 'App\\Models\\InventoryItem', 'updated', 9, NULL, NULL, '{\"attributes\":{\"current_quantity\":\"70.00\"},\"old\":{\"current_quantity\":\"0.00\"}}', NULL, '2026-04-05 16:33:43', '2026-04-05 16:33:43'),
(316, 'default', 'created', 'App\\Models\\StockReceiptItem', 'created', 9, NULL, NULL, '{\"attributes\":{\"stock_receipt_id\":1,\"inventory_item_id\":9,\"inventory_batch_id\":9,\"batch_number\":\"MICROPOR-A\",\"manufacture_date\":\"2026-02-05T00:00:00.000000Z\",\"expiry_date\":\"2027-02-05T00:00:00.000000Z\",\"quantity\":\"70.00\",\"unit_cost\":\"240.00\",\"line_total\":\"16800.00\",\"storage_zone\":\"Procedure Shelf B2\",\"remarks\":\"Seeded for realistic burn center stock control.\"}}', NULL, '2026-04-05 16:33:43', '2026-04-05 16:33:43'),
(317, 'default', 'created', 'App\\Models\\InventoryTransaction', 'created', 9, NULL, NULL, '{\"attributes\":{\"inventory_item_id\":9,\"inventory_batch_id\":9,\"transaction_type\":\"received\",\"quantity\":\"70.00\",\"unit_of_measure\":\"roll\",\"before_quantity\":\"0.00\",\"after_quantity\":\"70.00\",\"before_batch_quantity\":\"0.00\",\"after_batch_quantity\":\"70.00\",\"from_location_id\":null,\"to_location_id\":5,\"from_department_id\":null,\"to_department_id\":4,\"issued_to_user_id\":null,\"received_from_user_id\":null,\"reference_type\":\"App\\\\Models\\\\StockReceipt\",\"reference_id\":1,\"reference_number\":\"RCV-20260308-0001\",\"transaction_datetime\":\"2026-03-08T00:00:00.000000Z\",\"remarks\":\"Seeded for realistic burn center stock control.\",\"performed_by\":4}}', NULL, '2026-04-05 16:33:43', '2026-04-05 16:33:43'),
(318, 'inventory', 'Stock received', 'App\\Models\\InventoryItem', 'stock-received', 9, 'App\\Models\\User', 4, '{\"receipt_id\":1,\"receipt_item_id\":9,\"batch_id\":9,\"quantity\":70}', NULL, '2026-04-05 16:33:43', '2026-04-05 16:33:43'),
(319, 'default', 'created', 'App\\Models\\InventoryBatch', 'created', 10, NULL, NULL, '{\"attributes\":{\"inventory_item_id\":10,\"batch_number\":\"NONADHER-A\",\"lot_number\":null,\"manufacture_date\":\"2026-02-05T00:00:00.000000Z\",\"expiry_date\":\"2027-02-05T00:00:00.000000Z\",\"unit_cost\":\"240.00\",\"received_quantity\":\"0.00\",\"available_quantity\":\"0.00\",\"reserved_quantity\":\"0.00\",\"issued_quantity\":\"0.00\",\"returned_quantity\":\"0.00\",\"damaged_quantity\":\"0.00\",\"quarantined_quantity\":\"0.00\",\"expired_quantity\":\"0.00\",\"status\":\"active\",\"supplier_id\":1,\"received_at\":\"2026-03-08T00:00:00.000000Z\",\"store_location_id\":5,\"storage_zone\":\"Procedure Shelf B2\",\"notes\":\"Seeded for realistic burn center stock control.\",\"created_by\":4,\"updated_by\":4}}', NULL, '2026-04-05 16:33:43', '2026-04-05 16:33:43'),
(320, 'default', 'updated', 'App\\Models\\InventoryBatch', 'updated', 10, NULL, NULL, '{\"attributes\":{\"received_quantity\":\"0.00\",\"available_quantity\":\"0.00\",\"reserved_quantity\":\"0.00\",\"issued_quantity\":\"0.00\",\"returned_quantity\":\"0.00\",\"damaged_quantity\":\"0.00\",\"quarantined_quantity\":\"0.00\",\"expired_quantity\":\"0.00\",\"status\":\"exhausted\"},\"old\":{\"received_quantity\":null,\"available_quantity\":null,\"reserved_quantity\":null,\"issued_quantity\":null,\"returned_quantity\":null,\"damaged_quantity\":null,\"quarantined_quantity\":null,\"expired_quantity\":null,\"status\":null}}', NULL, '2026-04-05 16:33:43', '2026-04-05 16:33:43'),
(321, 'default', 'updated', 'App\\Models\\InventoryBatch', 'updated', 10, NULL, NULL, '{\"attributes\":{\"received_quantity\":\"70.00\",\"available_quantity\":\"70.00\",\"reserved_quantity\":\"0.00\",\"issued_quantity\":\"0.00\",\"returned_quantity\":\"0.00\",\"damaged_quantity\":\"0.00\",\"quarantined_quantity\":\"0.00\",\"expired_quantity\":\"0.00\"},\"old\":{\"received_quantity\":null,\"available_quantity\":null,\"reserved_quantity\":null,\"issued_quantity\":null,\"returned_quantity\":null,\"damaged_quantity\":null,\"quarantined_quantity\":null,\"expired_quantity\":null}}', NULL, '2026-04-05 16:33:43', '2026-04-05 16:33:43'),
(322, 'default', 'updated', 'App\\Models\\InventoryBatch', 'updated', 10, NULL, NULL, '{\"attributes\":{\"reserved_quantity\":\"0.00\",\"issued_quantity\":\"0.00\",\"returned_quantity\":\"0.00\",\"damaged_quantity\":\"0.00\",\"quarantined_quantity\":\"0.00\",\"expired_quantity\":\"0.00\",\"status\":\"active\"},\"old\":{\"reserved_quantity\":null,\"issued_quantity\":null,\"returned_quantity\":null,\"damaged_quantity\":null,\"quarantined_quantity\":null,\"expired_quantity\":null,\"status\":\"exhausted\"}}', NULL, '2026-04-05 16:33:44', '2026-04-05 16:33:44'),
(323, 'default', 'updated', 'App\\Models\\InventoryItem', 'updated', 10, NULL, NULL, '{\"attributes\":{\"current_quantity\":\"70.00\"},\"old\":{\"current_quantity\":\"0.00\"}}', NULL, '2026-04-05 16:33:44', '2026-04-05 16:33:44'),
(324, 'default', 'created', 'App\\Models\\StockReceiptItem', 'created', 10, NULL, NULL, '{\"attributes\":{\"stock_receipt_id\":1,\"inventory_item_id\":10,\"inventory_batch_id\":10,\"batch_number\":\"NONADHER-A\",\"manufacture_date\":\"2026-02-05T00:00:00.000000Z\",\"expiry_date\":\"2027-02-05T00:00:00.000000Z\",\"quantity\":\"70.00\",\"unit_cost\":\"240.00\",\"line_total\":\"16800.00\",\"storage_zone\":\"Procedure Shelf B2\",\"remarks\":\"Seeded for realistic burn center stock control.\"}}', NULL, '2026-04-05 16:33:44', '2026-04-05 16:33:44'),
(325, 'default', 'created', 'App\\Models\\InventoryTransaction', 'created', 10, NULL, NULL, '{\"attributes\":{\"inventory_item_id\":10,\"inventory_batch_id\":10,\"transaction_type\":\"received\",\"quantity\":\"70.00\",\"unit_of_measure\":\"pack\",\"before_quantity\":\"0.00\",\"after_quantity\":\"70.00\",\"before_batch_quantity\":\"0.00\",\"after_batch_quantity\":\"70.00\",\"from_location_id\":null,\"to_location_id\":5,\"from_department_id\":null,\"to_department_id\":4,\"issued_to_user_id\":null,\"received_from_user_id\":null,\"reference_type\":\"App\\\\Models\\\\StockReceipt\",\"reference_id\":1,\"reference_number\":\"RCV-20260308-0001\",\"transaction_datetime\":\"2026-03-08T00:00:00.000000Z\",\"remarks\":\"Seeded for realistic burn center stock control.\",\"performed_by\":4}}', NULL, '2026-04-05 16:33:44', '2026-04-05 16:33:44'),
(326, 'inventory', 'Stock received', 'App\\Models\\InventoryItem', 'stock-received', 10, 'App\\Models\\User', 4, '{\"receipt_id\":1,\"receipt_item_id\":10,\"batch_id\":10,\"quantity\":70}', NULL, '2026-04-05 16:33:44', '2026-04-05 16:33:44'),
(327, 'default', 'created', 'App\\Models\\StockReceipt', 'created', 2, NULL, NULL, '{\"attributes\":{\"receipt_number\":\"RCV-20260308-0002\",\"supplier_id\":1,\"department_id\":4,\"store_location_id\":5,\"receipt_date\":\"2026-03-08T00:00:00.000000Z\",\"invoice_reference\":\"INV-SEED-34\",\"delivery_note_number\":\"DN-SEED-519\",\"received_by\":4,\"remarks\":\"Initial Phase 3 stock receipt seed.\",\"status\":\"posted\",\"created_by\":4,\"updated_by\":4}}', NULL, '2026-04-05 16:33:44', '2026-04-05 16:33:44'),
(328, 'default', 'created', 'App\\Models\\InventoryBatch', 'created', 11, NULL, NULL, '{\"attributes\":{\"inventory_item_id\":11,\"batch_number\":\"BURNDEBR-A\",\"lot_number\":null,\"manufacture_date\":\"2026-02-05T00:00:00.000000Z\",\"expiry_date\":\"2027-02-05T00:00:00.000000Z\",\"unit_cost\":\"980.00\",\"received_quantity\":\"0.00\",\"available_quantity\":\"0.00\",\"reserved_quantity\":\"0.00\",\"issued_quantity\":\"0.00\",\"returned_quantity\":\"0.00\",\"damaged_quantity\":\"0.00\",\"quarantined_quantity\":\"0.00\",\"expired_quantity\":\"0.00\",\"status\":\"active\",\"supplier_id\":1,\"received_at\":\"2026-03-08T00:00:00.000000Z\",\"store_location_id\":5,\"storage_zone\":\"Procedure Shelf B2\",\"notes\":\"Seeded for realistic burn center stock control.\",\"created_by\":4,\"updated_by\":4}}', NULL, '2026-04-05 16:33:44', '2026-04-05 16:33:44'),
(329, 'default', 'updated', 'App\\Models\\InventoryBatch', 'updated', 11, NULL, NULL, '{\"attributes\":{\"received_quantity\":\"0.00\",\"available_quantity\":\"0.00\",\"reserved_quantity\":\"0.00\",\"issued_quantity\":\"0.00\",\"returned_quantity\":\"0.00\",\"damaged_quantity\":\"0.00\",\"quarantined_quantity\":\"0.00\",\"expired_quantity\":\"0.00\",\"status\":\"exhausted\"},\"old\":{\"received_quantity\":null,\"available_quantity\":null,\"reserved_quantity\":null,\"issued_quantity\":null,\"returned_quantity\":null,\"damaged_quantity\":null,\"quarantined_quantity\":null,\"expired_quantity\":null,\"status\":null}}', NULL, '2026-04-05 16:33:44', '2026-04-05 16:33:44'),
(330, 'default', 'updated', 'App\\Models\\InventoryBatch', 'updated', 11, NULL, NULL, '{\"attributes\":{\"received_quantity\":\"40.00\",\"available_quantity\":\"40.00\",\"reserved_quantity\":\"0.00\",\"issued_quantity\":\"0.00\",\"returned_quantity\":\"0.00\",\"damaged_quantity\":\"0.00\",\"quarantined_quantity\":\"0.00\",\"expired_quantity\":\"0.00\"},\"old\":{\"received_quantity\":null,\"available_quantity\":null,\"reserved_quantity\":null,\"issued_quantity\":null,\"returned_quantity\":null,\"damaged_quantity\":null,\"quarantined_quantity\":null,\"expired_quantity\":null}}', NULL, '2026-04-05 16:33:44', '2026-04-05 16:33:44'),
(331, 'default', 'updated', 'App\\Models\\InventoryBatch', 'updated', 11, NULL, NULL, '{\"attributes\":{\"reserved_quantity\":\"0.00\",\"issued_quantity\":\"0.00\",\"returned_quantity\":\"0.00\",\"damaged_quantity\":\"0.00\",\"quarantined_quantity\":\"0.00\",\"expired_quantity\":\"0.00\",\"status\":\"active\"},\"old\":{\"reserved_quantity\":null,\"issued_quantity\":null,\"returned_quantity\":null,\"damaged_quantity\":null,\"quarantined_quantity\":null,\"expired_quantity\":null,\"status\":\"exhausted\"}}', NULL, '2026-04-05 16:33:44', '2026-04-05 16:33:44'),
(332, 'default', 'updated', 'App\\Models\\InventoryItem', 'updated', 11, NULL, NULL, '{\"attributes\":{\"current_quantity\":\"40.00\"},\"old\":{\"current_quantity\":\"0.00\"}}', NULL, '2026-04-05 16:33:44', '2026-04-05 16:33:44'),
(333, 'default', 'created', 'App\\Models\\StockReceiptItem', 'created', 11, NULL, NULL, '{\"attributes\":{\"stock_receipt_id\":2,\"inventory_item_id\":11,\"inventory_batch_id\":11,\"batch_number\":\"BURNDEBR-A\",\"manufacture_date\":\"2026-02-05T00:00:00.000000Z\",\"expiry_date\":\"2027-02-05T00:00:00.000000Z\",\"quantity\":\"40.00\",\"unit_cost\":\"980.00\",\"line_total\":\"39200.00\",\"storage_zone\":\"Procedure Shelf B2\",\"remarks\":\"Seeded for realistic burn center stock control.\"}}', NULL, '2026-04-05 16:33:44', '2026-04-05 16:33:44'),
(334, 'default', 'created', 'App\\Models\\InventoryTransaction', 'created', 11, NULL, NULL, '{\"attributes\":{\"inventory_item_id\":11,\"inventory_batch_id\":11,\"transaction_type\":\"received\",\"quantity\":\"40.00\",\"unit_of_measure\":\"kit\",\"before_quantity\":\"0.00\",\"after_quantity\":\"40.00\",\"before_batch_quantity\":\"0.00\",\"after_batch_quantity\":\"40.00\",\"from_location_id\":null,\"to_location_id\":5,\"from_department_id\":null,\"to_department_id\":4,\"issued_to_user_id\":null,\"received_from_user_id\":null,\"reference_type\":\"App\\\\Models\\\\StockReceipt\",\"reference_id\":2,\"reference_number\":\"RCV-20260308-0002\",\"transaction_datetime\":\"2026-03-08T00:00:00.000000Z\",\"remarks\":\"Seeded for realistic burn center stock control.\",\"performed_by\":4}}', NULL, '2026-04-05 16:33:45', '2026-04-05 16:33:45'),
(335, 'inventory', 'Stock received', 'App\\Models\\InventoryItem', 'stock-received', 11, 'App\\Models\\User', 4, '{\"receipt_id\":2,\"receipt_item_id\":11,\"batch_id\":11,\"quantity\":40}', NULL, '2026-04-05 16:33:45', '2026-04-05 16:33:45'),
(336, 'default', 'created', 'App\\Models\\InventoryBatch', 'created', 12, NULL, NULL, '{\"attributes\":{\"inventory_item_id\":12,\"batch_number\":\"SALINEIR-A\",\"lot_number\":null,\"manufacture_date\":\"2026-02-05T00:00:00.000000Z\",\"expiry_date\":\"2027-02-05T00:00:00.000000Z\",\"unit_cost\":\"210.00\",\"received_quantity\":\"0.00\",\"available_quantity\":\"0.00\",\"reserved_quantity\":\"0.00\",\"issued_quantity\":\"0.00\",\"returned_quantity\":\"0.00\",\"damaged_quantity\":\"0.00\",\"quarantined_quantity\":\"0.00\",\"expired_quantity\":\"0.00\",\"status\":\"active\",\"supplier_id\":1,\"received_at\":\"2026-03-08T00:00:00.000000Z\",\"store_location_id\":5,\"storage_zone\":\"Procedure Shelf B2\",\"notes\":\"Seeded for realistic burn center stock control.\",\"created_by\":4,\"updated_by\":4}}', NULL, '2026-04-05 16:33:45', '2026-04-05 16:33:45'),
(337, 'default', 'updated', 'App\\Models\\InventoryBatch', 'updated', 12, NULL, NULL, '{\"attributes\":{\"received_quantity\":\"0.00\",\"available_quantity\":\"0.00\",\"reserved_quantity\":\"0.00\",\"issued_quantity\":\"0.00\",\"returned_quantity\":\"0.00\",\"damaged_quantity\":\"0.00\",\"quarantined_quantity\":\"0.00\",\"expired_quantity\":\"0.00\",\"status\":\"exhausted\"},\"old\":{\"received_quantity\":null,\"available_quantity\":null,\"reserved_quantity\":null,\"issued_quantity\":null,\"returned_quantity\":null,\"damaged_quantity\":null,\"quarantined_quantity\":null,\"expired_quantity\":null,\"status\":null}}', NULL, '2026-04-05 16:33:45', '2026-04-05 16:33:45'),
(338, 'default', 'updated', 'App\\Models\\InventoryBatch', 'updated', 12, NULL, NULL, '{\"attributes\":{\"received_quantity\":\"40.00\",\"available_quantity\":\"40.00\",\"reserved_quantity\":\"0.00\",\"issued_quantity\":\"0.00\",\"returned_quantity\":\"0.00\",\"damaged_quantity\":\"0.00\",\"quarantined_quantity\":\"0.00\",\"expired_quantity\":\"0.00\"},\"old\":{\"received_quantity\":null,\"available_quantity\":null,\"reserved_quantity\":null,\"issued_quantity\":null,\"returned_quantity\":null,\"damaged_quantity\":null,\"quarantined_quantity\":null,\"expired_quantity\":null}}', NULL, '2026-04-05 16:33:45', '2026-04-05 16:33:45'),
(339, 'default', 'updated', 'App\\Models\\InventoryBatch', 'updated', 12, NULL, NULL, '{\"attributes\":{\"reserved_quantity\":\"0.00\",\"issued_quantity\":\"0.00\",\"returned_quantity\":\"0.00\",\"damaged_quantity\":\"0.00\",\"quarantined_quantity\":\"0.00\",\"expired_quantity\":\"0.00\",\"status\":\"active\"},\"old\":{\"reserved_quantity\":null,\"issued_quantity\":null,\"returned_quantity\":null,\"damaged_quantity\":null,\"quarantined_quantity\":null,\"expired_quantity\":null,\"status\":\"exhausted\"}}', NULL, '2026-04-05 16:33:45', '2026-04-05 16:33:45'),
(340, 'default', 'updated', 'App\\Models\\InventoryItem', 'updated', 12, NULL, NULL, '{\"attributes\":{\"current_quantity\":\"40.00\"},\"old\":{\"current_quantity\":\"0.00\"}}', NULL, '2026-04-05 16:33:45', '2026-04-05 16:33:45'),
(341, 'default', 'created', 'App\\Models\\StockReceiptItem', 'created', 12, NULL, NULL, '{\"attributes\":{\"stock_receipt_id\":2,\"inventory_item_id\":12,\"inventory_batch_id\":12,\"batch_number\":\"SALINEIR-A\",\"manufacture_date\":\"2026-02-05T00:00:00.000000Z\",\"expiry_date\":\"2027-02-05T00:00:00.000000Z\",\"quantity\":\"40.00\",\"unit_cost\":\"210.00\",\"line_total\":\"8400.00\",\"storage_zone\":\"Procedure Shelf B2\",\"remarks\":\"Seeded for realistic burn center stock control.\"}}', NULL, '2026-04-05 16:33:45', '2026-04-05 16:33:45'),
(342, 'default', 'created', 'App\\Models\\InventoryTransaction', 'created', 12, NULL, NULL, '{\"attributes\":{\"inventory_item_id\":12,\"inventory_batch_id\":12,\"transaction_type\":\"received\",\"quantity\":\"40.00\",\"unit_of_measure\":\"set\",\"before_quantity\":\"0.00\",\"after_quantity\":\"40.00\",\"before_batch_quantity\":\"0.00\",\"after_batch_quantity\":\"40.00\",\"from_location_id\":null,\"to_location_id\":5,\"from_department_id\":null,\"to_department_id\":4,\"issued_to_user_id\":null,\"received_from_user_id\":null,\"reference_type\":\"App\\\\Models\\\\StockReceipt\",\"reference_id\":2,\"reference_number\":\"RCV-20260308-0002\",\"transaction_datetime\":\"2026-03-08T00:00:00.000000Z\",\"remarks\":\"Seeded for realistic burn center stock control.\",\"performed_by\":4}}', NULL, '2026-04-05 16:33:45', '2026-04-05 16:33:45'),
(343, 'inventory', 'Stock received', 'App\\Models\\InventoryItem', 'stock-received', 12, 'App\\Models\\User', 4, '{\"receipt_id\":2,\"receipt_item_id\":12,\"batch_id\":12,\"quantity\":40}', NULL, '2026-04-05 16:33:45', '2026-04-05 16:33:45'),
(344, 'default', 'created', 'App\\Models\\InventoryBatch', 'created', 13, NULL, NULL, '{\"attributes\":{\"inventory_item_id\":13,\"batch_number\":\"IVCANNUL-A\",\"lot_number\":null,\"manufacture_date\":\"2026-02-05T00:00:00.000000Z\",\"expiry_date\":\"2027-02-05T00:00:00.000000Z\",\"unit_cost\":\"240.00\",\"received_quantity\":\"0.00\",\"available_quantity\":\"0.00\",\"reserved_quantity\":\"0.00\",\"issued_quantity\":\"0.00\",\"returned_quantity\":\"0.00\",\"damaged_quantity\":\"0.00\",\"quarantined_quantity\":\"0.00\",\"expired_quantity\":\"0.00\",\"status\":\"active\",\"supplier_id\":1,\"received_at\":\"2026-03-08T00:00:00.000000Z\",\"store_location_id\":5,\"storage_zone\":\"Procedure Shelf C1\",\"notes\":\"Seeded for realistic burn center stock control.\",\"created_by\":4,\"updated_by\":4}}', NULL, '2026-04-05 16:33:45', '2026-04-05 16:33:45'),
(345, 'default', 'updated', 'App\\Models\\InventoryBatch', 'updated', 13, NULL, NULL, '{\"attributes\":{\"received_quantity\":\"0.00\",\"available_quantity\":\"0.00\",\"reserved_quantity\":\"0.00\",\"issued_quantity\":\"0.00\",\"returned_quantity\":\"0.00\",\"damaged_quantity\":\"0.00\",\"quarantined_quantity\":\"0.00\",\"expired_quantity\":\"0.00\",\"status\":\"exhausted\"},\"old\":{\"received_quantity\":null,\"available_quantity\":null,\"reserved_quantity\":null,\"issued_quantity\":null,\"returned_quantity\":null,\"damaged_quantity\":null,\"quarantined_quantity\":null,\"expired_quantity\":null,\"status\":null}}', NULL, '2026-04-05 16:33:45', '2026-04-05 16:33:45'),
(346, 'default', 'updated', 'App\\Models\\InventoryBatch', 'updated', 13, NULL, NULL, '{\"attributes\":{\"received_quantity\":\"70.00\",\"available_quantity\":\"70.00\",\"reserved_quantity\":\"0.00\",\"issued_quantity\":\"0.00\",\"returned_quantity\":\"0.00\",\"damaged_quantity\":\"0.00\",\"quarantined_quantity\":\"0.00\",\"expired_quantity\":\"0.00\"},\"old\":{\"received_quantity\":null,\"available_quantity\":null,\"reserved_quantity\":null,\"issued_quantity\":null,\"returned_quantity\":null,\"damaged_quantity\":null,\"quarantined_quantity\":null,\"expired_quantity\":null}}', NULL, '2026-04-05 16:33:45', '2026-04-05 16:33:45'),
(347, 'default', 'updated', 'App\\Models\\InventoryBatch', 'updated', 13, NULL, NULL, '{\"attributes\":{\"reserved_quantity\":\"0.00\",\"issued_quantity\":\"0.00\",\"returned_quantity\":\"0.00\",\"damaged_quantity\":\"0.00\",\"quarantined_quantity\":\"0.00\",\"expired_quantity\":\"0.00\",\"status\":\"active\"},\"old\":{\"reserved_quantity\":null,\"issued_quantity\":null,\"returned_quantity\":null,\"damaged_quantity\":null,\"quarantined_quantity\":null,\"expired_quantity\":null,\"status\":\"exhausted\"}}', NULL, '2026-04-05 16:33:45', '2026-04-05 16:33:45'),
(348, 'default', 'updated', 'App\\Models\\InventoryItem', 'updated', 13, NULL, NULL, '{\"attributes\":{\"current_quantity\":\"70.00\"},\"old\":{\"current_quantity\":\"0.00\"}}', NULL, '2026-04-05 16:33:45', '2026-04-05 16:33:45'),
(349, 'default', 'created', 'App\\Models\\StockReceiptItem', 'created', 13, NULL, NULL, '{\"attributes\":{\"stock_receipt_id\":2,\"inventory_item_id\":13,\"inventory_batch_id\":13,\"batch_number\":\"IVCANNUL-A\",\"manufacture_date\":\"2026-02-05T00:00:00.000000Z\",\"expiry_date\":\"2027-02-05T00:00:00.000000Z\",\"quantity\":\"70.00\",\"unit_cost\":\"240.00\",\"line_total\":\"16800.00\",\"storage_zone\":\"Procedure Shelf C1\",\"remarks\":\"Seeded for realistic burn center stock control.\"}}', NULL, '2026-04-05 16:33:45', '2026-04-05 16:33:45'),
(350, 'default', 'created', 'App\\Models\\InventoryTransaction', 'created', 13, NULL, NULL, '{\"attributes\":{\"inventory_item_id\":13,\"inventory_batch_id\":13,\"transaction_type\":\"received\",\"quantity\":\"70.00\",\"unit_of_measure\":\"box\",\"before_quantity\":\"0.00\",\"after_quantity\":\"70.00\",\"before_batch_quantity\":\"0.00\",\"after_batch_quantity\":\"70.00\",\"from_location_id\":null,\"to_location_id\":5,\"from_department_id\":null,\"to_department_id\":4,\"issued_to_user_id\":null,\"received_from_user_id\":null,\"reference_type\":\"App\\\\Models\\\\StockReceipt\",\"reference_id\":2,\"reference_number\":\"RCV-20260308-0002\",\"transaction_datetime\":\"2026-03-08T00:00:00.000000Z\",\"remarks\":\"Seeded for realistic burn center stock control.\",\"performed_by\":4}}', NULL, '2026-04-05 16:33:45', '2026-04-05 16:33:45'),
(351, 'inventory', 'Stock received', 'App\\Models\\InventoryItem', 'stock-received', 13, 'App\\Models\\User', 4, '{\"receipt_id\":2,\"receipt_item_id\":13,\"batch_id\":13,\"quantity\":70}', NULL, '2026-04-05 16:33:45', '2026-04-05 16:33:45'),
(352, 'default', 'created', 'App\\Models\\InventoryBatch', 'created', 14, NULL, NULL, '{\"attributes\":{\"inventory_item_id\":14,\"batch_number\":\"IVCANNUL-A\",\"lot_number\":null,\"manufacture_date\":\"2026-02-05T00:00:00.000000Z\",\"expiry_date\":\"2027-02-05T00:00:00.000000Z\",\"unit_cost\":\"240.00\",\"received_quantity\":\"0.00\",\"available_quantity\":\"0.00\",\"reserved_quantity\":\"0.00\",\"issued_quantity\":\"0.00\",\"returned_quantity\":\"0.00\",\"damaged_quantity\":\"0.00\",\"quarantined_quantity\":\"0.00\",\"expired_quantity\":\"0.00\",\"status\":\"active\",\"supplier_id\":1,\"received_at\":\"2026-03-08T00:00:00.000000Z\",\"store_location_id\":5,\"storage_zone\":\"Procedure Shelf C1\",\"notes\":\"Seeded for realistic burn center stock control.\",\"created_by\":4,\"updated_by\":4}}', NULL, '2026-04-05 16:33:45', '2026-04-05 16:33:45'),
(353, 'default', 'updated', 'App\\Models\\InventoryBatch', 'updated', 14, NULL, NULL, '{\"attributes\":{\"received_quantity\":\"0.00\",\"available_quantity\":\"0.00\",\"reserved_quantity\":\"0.00\",\"issued_quantity\":\"0.00\",\"returned_quantity\":\"0.00\",\"damaged_quantity\":\"0.00\",\"quarantined_quantity\":\"0.00\",\"expired_quantity\":\"0.00\",\"status\":\"exhausted\"},\"old\":{\"received_quantity\":null,\"available_quantity\":null,\"reserved_quantity\":null,\"issued_quantity\":null,\"returned_quantity\":null,\"damaged_quantity\":null,\"quarantined_quantity\":null,\"expired_quantity\":null,\"status\":null}}', NULL, '2026-04-05 16:33:45', '2026-04-05 16:33:45'),
(354, 'default', 'updated', 'App\\Models\\InventoryBatch', 'updated', 14, NULL, NULL, '{\"attributes\":{\"received_quantity\":\"70.00\",\"available_quantity\":\"70.00\",\"reserved_quantity\":\"0.00\",\"issued_quantity\":\"0.00\",\"returned_quantity\":\"0.00\",\"damaged_quantity\":\"0.00\",\"quarantined_quantity\":\"0.00\",\"expired_quantity\":\"0.00\"},\"old\":{\"received_quantity\":null,\"available_quantity\":null,\"reserved_quantity\":null,\"issued_quantity\":null,\"returned_quantity\":null,\"damaged_quantity\":null,\"quarantined_quantity\":null,\"expired_quantity\":null}}', NULL, '2026-04-05 16:33:45', '2026-04-05 16:33:45'),
(355, 'default', 'updated', 'App\\Models\\InventoryBatch', 'updated', 14, NULL, NULL, '{\"attributes\":{\"reserved_quantity\":\"0.00\",\"issued_quantity\":\"0.00\",\"returned_quantity\":\"0.00\",\"damaged_quantity\":\"0.00\",\"quarantined_quantity\":\"0.00\",\"expired_quantity\":\"0.00\",\"status\":\"active\"},\"old\":{\"reserved_quantity\":null,\"issued_quantity\":null,\"returned_quantity\":null,\"damaged_quantity\":null,\"quarantined_quantity\":null,\"expired_quantity\":null,\"status\":\"exhausted\"}}', NULL, '2026-04-05 16:33:45', '2026-04-05 16:33:45'),
(356, 'default', 'updated', 'App\\Models\\InventoryItem', 'updated', 14, NULL, NULL, '{\"attributes\":{\"current_quantity\":\"70.00\"},\"old\":{\"current_quantity\":\"0.00\"}}', NULL, '2026-04-05 16:33:45', '2026-04-05 16:33:45'),
(357, 'default', 'created', 'App\\Models\\StockReceiptItem', 'created', 14, NULL, NULL, '{\"attributes\":{\"stock_receipt_id\":2,\"inventory_item_id\":14,\"inventory_batch_id\":14,\"batch_number\":\"IVCANNUL-A\",\"manufacture_date\":\"2026-02-05T00:00:00.000000Z\",\"expiry_date\":\"2027-02-05T00:00:00.000000Z\",\"quantity\":\"70.00\",\"unit_cost\":\"240.00\",\"line_total\":\"16800.00\",\"storage_zone\":\"Procedure Shelf C1\",\"remarks\":\"Seeded for realistic burn center stock control.\"}}', NULL, '2026-04-05 16:33:45', '2026-04-05 16:33:45'),
(358, 'default', 'created', 'App\\Models\\InventoryTransaction', 'created', 14, NULL, NULL, '{\"attributes\":{\"inventory_item_id\":14,\"inventory_batch_id\":14,\"transaction_type\":\"received\",\"quantity\":\"70.00\",\"unit_of_measure\":\"box\",\"before_quantity\":\"0.00\",\"after_quantity\":\"70.00\",\"before_batch_quantity\":\"0.00\",\"after_batch_quantity\":\"70.00\",\"from_location_id\":null,\"to_location_id\":5,\"from_department_id\":null,\"to_department_id\":4,\"issued_to_user_id\":null,\"received_from_user_id\":null,\"reference_type\":\"App\\\\Models\\\\StockReceipt\",\"reference_id\":2,\"reference_number\":\"RCV-20260308-0002\",\"transaction_datetime\":\"2026-03-08T00:00:00.000000Z\",\"remarks\":\"Seeded for realistic burn center stock control.\",\"performed_by\":4}}', NULL, '2026-04-05 16:33:46', '2026-04-05 16:33:46'),
(359, 'inventory', 'Stock received', 'App\\Models\\InventoryItem', 'stock-received', 14, 'App\\Models\\User', 4, '{\"receipt_id\":2,\"receipt_item_id\":14,\"batch_id\":14,\"quantity\":70}', NULL, '2026-04-05 16:33:46', '2026-04-05 16:33:46'),
(360, 'default', 'created', 'App\\Models\\InventoryBatch', 'created', 15, NULL, NULL, '{\"attributes\":{\"inventory_item_id\":15,\"batch_number\":\"SYRINGE5-A\",\"lot_number\":null,\"manufacture_date\":\"2026-02-05T00:00:00.000000Z\",\"expiry_date\":\"2027-02-05T00:00:00.000000Z\",\"unit_cost\":\"240.00\",\"received_quantity\":\"0.00\",\"available_quantity\":\"0.00\",\"reserved_quantity\":\"0.00\",\"issued_quantity\":\"0.00\",\"returned_quantity\":\"0.00\",\"damaged_quantity\":\"0.00\",\"quarantined_quantity\":\"0.00\",\"expired_quantity\":\"0.00\",\"status\":\"active\",\"supplier_id\":1,\"received_at\":\"2026-03-08T00:00:00.000000Z\",\"store_location_id\":5,\"storage_zone\":\"Procedure Shelf C1\",\"notes\":\"Seeded for realistic burn center stock control.\",\"created_by\":4,\"updated_by\":4}}', NULL, '2026-04-05 16:33:46', '2026-04-05 16:33:46'),
(361, 'default', 'updated', 'App\\Models\\InventoryBatch', 'updated', 15, NULL, NULL, '{\"attributes\":{\"received_quantity\":\"0.00\",\"available_quantity\":\"0.00\",\"reserved_quantity\":\"0.00\",\"issued_quantity\":\"0.00\",\"returned_quantity\":\"0.00\",\"damaged_quantity\":\"0.00\",\"quarantined_quantity\":\"0.00\",\"expired_quantity\":\"0.00\",\"status\":\"exhausted\"},\"old\":{\"received_quantity\":null,\"available_quantity\":null,\"reserved_quantity\":null,\"issued_quantity\":null,\"returned_quantity\":null,\"damaged_quantity\":null,\"quarantined_quantity\":null,\"expired_quantity\":null,\"status\":null}}', NULL, '2026-04-05 16:33:46', '2026-04-05 16:33:46'),
(362, 'default', 'updated', 'App\\Models\\InventoryBatch', 'updated', 15, NULL, NULL, '{\"attributes\":{\"received_quantity\":\"140.00\",\"available_quantity\":\"140.00\",\"reserved_quantity\":\"0.00\",\"issued_quantity\":\"0.00\",\"returned_quantity\":\"0.00\",\"damaged_quantity\":\"0.00\",\"quarantined_quantity\":\"0.00\",\"expired_quantity\":\"0.00\"},\"old\":{\"received_quantity\":null,\"available_quantity\":null,\"reserved_quantity\":null,\"issued_quantity\":null,\"returned_quantity\":null,\"damaged_quantity\":null,\"quarantined_quantity\":null,\"expired_quantity\":null}}', NULL, '2026-04-05 16:33:46', '2026-04-05 16:33:46'),
(363, 'default', 'updated', 'App\\Models\\InventoryBatch', 'updated', 15, NULL, NULL, '{\"attributes\":{\"reserved_quantity\":\"0.00\",\"issued_quantity\":\"0.00\",\"returned_quantity\":\"0.00\",\"damaged_quantity\":\"0.00\",\"quarantined_quantity\":\"0.00\",\"expired_quantity\":\"0.00\",\"status\":\"active\"},\"old\":{\"reserved_quantity\":null,\"issued_quantity\":null,\"returned_quantity\":null,\"damaged_quantity\":null,\"quarantined_quantity\":null,\"expired_quantity\":null,\"status\":\"exhausted\"}}', NULL, '2026-04-05 16:33:46', '2026-04-05 16:33:46'),
(364, 'default', 'updated', 'App\\Models\\InventoryItem', 'updated', 15, NULL, NULL, '{\"attributes\":{\"current_quantity\":\"140.00\"},\"old\":{\"current_quantity\":\"0.00\"}}', NULL, '2026-04-05 16:33:46', '2026-04-05 16:33:46'),
(365, 'default', 'created', 'App\\Models\\StockReceiptItem', 'created', 15, NULL, NULL, '{\"attributes\":{\"stock_receipt_id\":2,\"inventory_item_id\":15,\"inventory_batch_id\":15,\"batch_number\":\"SYRINGE5-A\",\"manufacture_date\":\"2026-02-05T00:00:00.000000Z\",\"expiry_date\":\"2027-02-05T00:00:00.000000Z\",\"quantity\":\"140.00\",\"unit_cost\":\"240.00\",\"line_total\":\"33600.00\",\"storage_zone\":\"Procedure Shelf C1\",\"remarks\":\"Seeded for realistic burn center stock control.\"}}', NULL, '2026-04-05 16:33:46', '2026-04-05 16:33:46'),
(366, 'default', 'created', 'App\\Models\\InventoryTransaction', 'created', 15, NULL, NULL, '{\"attributes\":{\"inventory_item_id\":15,\"inventory_batch_id\":15,\"transaction_type\":\"received\",\"quantity\":\"140.00\",\"unit_of_measure\":\"box\",\"before_quantity\":\"0.00\",\"after_quantity\":\"140.00\",\"before_batch_quantity\":\"0.00\",\"after_batch_quantity\":\"140.00\",\"from_location_id\":null,\"to_location_id\":5,\"from_department_id\":null,\"to_department_id\":4,\"issued_to_user_id\":null,\"received_from_user_id\":null,\"reference_type\":\"App\\\\Models\\\\StockReceipt\",\"reference_id\":2,\"reference_number\":\"RCV-20260308-0002\",\"transaction_datetime\":\"2026-03-08T00:00:00.000000Z\",\"remarks\":\"Seeded for realistic burn center stock control.\",\"performed_by\":4}}', NULL, '2026-04-05 16:33:46', '2026-04-05 16:33:46'),
(367, 'inventory', 'Stock received', 'App\\Models\\InventoryItem', 'stock-received', 15, 'App\\Models\\User', 4, '{\"receipt_id\":2,\"receipt_item_id\":15,\"batch_id\":15,\"quantity\":140}', NULL, '2026-04-05 16:33:46', '2026-04-05 16:33:46'),
(368, 'default', 'created', 'App\\Models\\InventoryBatch', 'created', 16, NULL, NULL, '{\"attributes\":{\"inventory_item_id\":16,\"batch_number\":\"SYRINGE1-A\",\"lot_number\":null,\"manufacture_date\":\"2026-02-05T00:00:00.000000Z\",\"expiry_date\":\"2027-02-05T00:00:00.000000Z\",\"unit_cost\":\"240.00\",\"received_quantity\":\"0.00\",\"available_quantity\":\"0.00\",\"reserved_quantity\":\"0.00\",\"issued_quantity\":\"0.00\",\"returned_quantity\":\"0.00\",\"damaged_quantity\":\"0.00\",\"quarantined_quantity\":\"0.00\",\"expired_quantity\":\"0.00\",\"status\":\"active\",\"supplier_id\":1,\"received_at\":\"2026-03-08T00:00:00.000000Z\",\"store_location_id\":5,\"storage_zone\":\"Procedure Shelf C1\",\"notes\":\"Seeded for realistic burn center stock control.\",\"created_by\":4,\"updated_by\":4}}', NULL, '2026-04-05 16:33:46', '2026-04-05 16:33:46'),
(369, 'default', 'updated', 'App\\Models\\InventoryBatch', 'updated', 16, NULL, NULL, '{\"attributes\":{\"received_quantity\":\"0.00\",\"available_quantity\":\"0.00\",\"reserved_quantity\":\"0.00\",\"issued_quantity\":\"0.00\",\"returned_quantity\":\"0.00\",\"damaged_quantity\":\"0.00\",\"quarantined_quantity\":\"0.00\",\"expired_quantity\":\"0.00\",\"status\":\"exhausted\"},\"old\":{\"received_quantity\":null,\"available_quantity\":null,\"reserved_quantity\":null,\"issued_quantity\":null,\"returned_quantity\":null,\"damaged_quantity\":null,\"quarantined_quantity\":null,\"expired_quantity\":null,\"status\":null}}', NULL, '2026-04-05 16:33:46', '2026-04-05 16:33:46'),
(370, 'default', 'updated', 'App\\Models\\InventoryBatch', 'updated', 16, NULL, NULL, '{\"attributes\":{\"received_quantity\":\"140.00\",\"available_quantity\":\"140.00\",\"reserved_quantity\":\"0.00\",\"issued_quantity\":\"0.00\",\"returned_quantity\":\"0.00\",\"damaged_quantity\":\"0.00\",\"quarantined_quantity\":\"0.00\",\"expired_quantity\":\"0.00\"},\"old\":{\"received_quantity\":null,\"available_quantity\":null,\"reserved_quantity\":null,\"issued_quantity\":null,\"returned_quantity\":null,\"damaged_quantity\":null,\"quarantined_quantity\":null,\"expired_quantity\":null}}', NULL, '2026-04-05 16:33:47', '2026-04-05 16:33:47'),
(371, 'default', 'updated', 'App\\Models\\InventoryBatch', 'updated', 16, NULL, NULL, '{\"attributes\":{\"reserved_quantity\":\"0.00\",\"issued_quantity\":\"0.00\",\"returned_quantity\":\"0.00\",\"damaged_quantity\":\"0.00\",\"quarantined_quantity\":\"0.00\",\"expired_quantity\":\"0.00\",\"status\":\"active\"},\"old\":{\"reserved_quantity\":null,\"issued_quantity\":null,\"returned_quantity\":null,\"damaged_quantity\":null,\"quarantined_quantity\":null,\"expired_quantity\":null,\"status\":\"exhausted\"}}', NULL, '2026-04-05 16:33:47', '2026-04-05 16:33:47'),
(372, 'default', 'updated', 'App\\Models\\InventoryItem', 'updated', 16, NULL, NULL, '{\"attributes\":{\"current_quantity\":\"140.00\"},\"old\":{\"current_quantity\":\"0.00\"}}', NULL, '2026-04-05 16:33:47', '2026-04-05 16:33:47'),
(373, 'default', 'created', 'App\\Models\\StockReceiptItem', 'created', 16, NULL, NULL, '{\"attributes\":{\"stock_receipt_id\":2,\"inventory_item_id\":16,\"inventory_batch_id\":16,\"batch_number\":\"SYRINGE1-A\",\"manufacture_date\":\"2026-02-05T00:00:00.000000Z\",\"expiry_date\":\"2027-02-05T00:00:00.000000Z\",\"quantity\":\"140.00\",\"unit_cost\":\"240.00\",\"line_total\":\"33600.00\",\"storage_zone\":\"Procedure Shelf C1\",\"remarks\":\"Seeded for realistic burn center stock control.\"}}', NULL, '2026-04-05 16:33:47', '2026-04-05 16:33:47'),
(374, 'default', 'created', 'App\\Models\\InventoryTransaction', 'created', 16, NULL, NULL, '{\"attributes\":{\"inventory_item_id\":16,\"inventory_batch_id\":16,\"transaction_type\":\"received\",\"quantity\":\"140.00\",\"unit_of_measure\":\"box\",\"before_quantity\":\"0.00\",\"after_quantity\":\"140.00\",\"before_batch_quantity\":\"0.00\",\"after_batch_quantity\":\"140.00\",\"from_location_id\":null,\"to_location_id\":5,\"from_department_id\":null,\"to_department_id\":4,\"issued_to_user_id\":null,\"received_from_user_id\":null,\"reference_type\":\"App\\\\Models\\\\StockReceipt\",\"reference_id\":2,\"reference_number\":\"RCV-20260308-0002\",\"transaction_datetime\":\"2026-03-08T00:00:00.000000Z\",\"remarks\":\"Seeded for realistic burn center stock control.\",\"performed_by\":4}}', NULL, '2026-04-05 16:33:47', '2026-04-05 16:33:47'),
(375, 'inventory', 'Stock received', 'App\\Models\\InventoryItem', 'stock-received', 16, 'App\\Models\\User', 4, '{\"receipt_id\":2,\"receipt_item_id\":16,\"batch_id\":16,\"quantity\":140}', NULL, '2026-04-05 16:33:47', '2026-04-05 16:33:47'),
(376, 'default', 'created', 'App\\Models\\InventoryBatch', 'created', 17, NULL, NULL, '{\"attributes\":{\"inventory_item_id\":17,\"batch_number\":\"URINARYC-A\",\"lot_number\":null,\"manufacture_date\":\"2026-02-05T00:00:00.000000Z\",\"expiry_date\":\"2027-02-05T00:00:00.000000Z\",\"unit_cost\":\"240.00\",\"received_quantity\":\"0.00\",\"available_quantity\":\"0.00\",\"reserved_quantity\":\"0.00\",\"issued_quantity\":\"0.00\",\"returned_quantity\":\"0.00\",\"damaged_quantity\":\"0.00\",\"quarantined_quantity\":\"0.00\",\"expired_quantity\":\"0.00\",\"status\":\"active\",\"supplier_id\":1,\"received_at\":\"2026-03-08T00:00:00.000000Z\",\"store_location_id\":5,\"storage_zone\":\"Procedure Shelf C1\",\"notes\":\"Seeded for realistic burn center stock control.\",\"created_by\":4,\"updated_by\":4}}', NULL, '2026-04-05 16:33:47', '2026-04-05 16:33:47'),
(377, 'default', 'updated', 'App\\Models\\InventoryBatch', 'updated', 17, NULL, NULL, '{\"attributes\":{\"received_quantity\":\"0.00\",\"available_quantity\":\"0.00\",\"reserved_quantity\":\"0.00\",\"issued_quantity\":\"0.00\",\"returned_quantity\":\"0.00\",\"damaged_quantity\":\"0.00\",\"quarantined_quantity\":\"0.00\",\"expired_quantity\":\"0.00\",\"status\":\"exhausted\"},\"old\":{\"received_quantity\":null,\"available_quantity\":null,\"reserved_quantity\":null,\"issued_quantity\":null,\"returned_quantity\":null,\"damaged_quantity\":null,\"quarantined_quantity\":null,\"expired_quantity\":null,\"status\":null}}', NULL, '2026-04-05 16:33:47', '2026-04-05 16:33:47'),
(378, 'default', 'updated', 'App\\Models\\InventoryBatch', 'updated', 17, NULL, NULL, '{\"attributes\":{\"received_quantity\":\"70.00\",\"available_quantity\":\"70.00\",\"reserved_quantity\":\"0.00\",\"issued_quantity\":\"0.00\",\"returned_quantity\":\"0.00\",\"damaged_quantity\":\"0.00\",\"quarantined_quantity\":\"0.00\",\"expired_quantity\":\"0.00\"},\"old\":{\"received_quantity\":null,\"available_quantity\":null,\"reserved_quantity\":null,\"issued_quantity\":null,\"returned_quantity\":null,\"damaged_quantity\":null,\"quarantined_quantity\":null,\"expired_quantity\":null}}', NULL, '2026-04-05 16:33:47', '2026-04-05 16:33:47'),
(379, 'default', 'updated', 'App\\Models\\InventoryBatch', 'updated', 17, NULL, NULL, '{\"attributes\":{\"reserved_quantity\":\"0.00\",\"issued_quantity\":\"0.00\",\"returned_quantity\":\"0.00\",\"damaged_quantity\":\"0.00\",\"quarantined_quantity\":\"0.00\",\"expired_quantity\":\"0.00\",\"status\":\"active\"},\"old\":{\"reserved_quantity\":null,\"issued_quantity\":null,\"returned_quantity\":null,\"damaged_quantity\":null,\"quarantined_quantity\":null,\"expired_quantity\":null,\"status\":\"exhausted\"}}', NULL, '2026-04-05 16:33:47', '2026-04-05 16:33:47'),
(380, 'default', 'updated', 'App\\Models\\InventoryItem', 'updated', 17, NULL, NULL, '{\"attributes\":{\"current_quantity\":\"70.00\"},\"old\":{\"current_quantity\":\"0.00\"}}', NULL, '2026-04-05 16:33:47', '2026-04-05 16:33:47'),
(381, 'default', 'created', 'App\\Models\\StockReceiptItem', 'created', 17, NULL, NULL, '{\"attributes\":{\"stock_receipt_id\":2,\"inventory_item_id\":17,\"inventory_batch_id\":17,\"batch_number\":\"URINARYC-A\",\"manufacture_date\":\"2026-02-05T00:00:00.000000Z\",\"expiry_date\":\"2027-02-05T00:00:00.000000Z\",\"quantity\":\"70.00\",\"unit_cost\":\"240.00\",\"line_total\":\"16800.00\",\"storage_zone\":\"Procedure Shelf C1\",\"remarks\":\"Seeded for realistic burn center stock control.\"}}', NULL, '2026-04-05 16:33:47', '2026-04-05 16:33:47'),
(382, 'default', 'created', 'App\\Models\\InventoryTransaction', 'created', 17, NULL, NULL, '{\"attributes\":{\"inventory_item_id\":17,\"inventory_batch_id\":17,\"transaction_type\":\"received\",\"quantity\":\"70.00\",\"unit_of_measure\":\"box\",\"before_quantity\":\"0.00\",\"after_quantity\":\"70.00\",\"before_batch_quantity\":\"0.00\",\"after_batch_quantity\":\"70.00\",\"from_location_id\":null,\"to_location_id\":5,\"from_department_id\":null,\"to_department_id\":4,\"issued_to_user_id\":null,\"received_from_user_id\":null,\"reference_type\":\"App\\\\Models\\\\StockReceipt\",\"reference_id\":2,\"reference_number\":\"RCV-20260308-0002\",\"transaction_datetime\":\"2026-03-08T00:00:00.000000Z\",\"remarks\":\"Seeded for realistic burn center stock control.\",\"performed_by\":4}}', NULL, '2026-04-05 16:33:48', '2026-04-05 16:33:48'),
(383, 'inventory', 'Stock received', 'App\\Models\\InventoryItem', 'stock-received', 17, 'App\\Models\\User', 4, '{\"receipt_id\":2,\"receipt_item_id\":17,\"batch_id\":17,\"quantity\":70}', NULL, '2026-04-05 16:33:49', '2026-04-05 16:33:49'),
(384, 'default', 'created', 'App\\Models\\InventoryBatch', 'created', 18, NULL, NULL, '{\"attributes\":{\"inventory_item_id\":18,\"batch_number\":\"CENTRALL-A\",\"lot_number\":null,\"manufacture_date\":\"2026-02-05T00:00:00.000000Z\",\"expiry_date\":\"2027-02-05T00:00:00.000000Z\",\"unit_cost\":\"620.00\",\"received_quantity\":\"0.00\",\"available_quantity\":\"0.00\",\"reserved_quantity\":\"0.00\",\"issued_quantity\":\"0.00\",\"returned_quantity\":\"0.00\",\"damaged_quantity\":\"0.00\",\"quarantined_quantity\":\"0.00\",\"expired_quantity\":\"0.00\",\"status\":\"active\",\"supplier_id\":1,\"received_at\":\"2026-03-08T00:00:00.000000Z\",\"store_location_id\":5,\"storage_zone\":\"Procedure Shelf C1\",\"notes\":\"Seeded for realistic burn center stock control.\",\"created_by\":4,\"updated_by\":4}}', NULL, '2026-04-05 16:33:50', '2026-04-05 16:33:50'),
(385, 'default', 'updated', 'App\\Models\\InventoryBatch', 'updated', 18, NULL, NULL, '{\"attributes\":{\"received_quantity\":\"0.00\",\"available_quantity\":\"0.00\",\"reserved_quantity\":\"0.00\",\"issued_quantity\":\"0.00\",\"returned_quantity\":\"0.00\",\"damaged_quantity\":\"0.00\",\"quarantined_quantity\":\"0.00\",\"expired_quantity\":\"0.00\",\"status\":\"exhausted\"},\"old\":{\"received_quantity\":null,\"available_quantity\":null,\"reserved_quantity\":null,\"issued_quantity\":null,\"returned_quantity\":null,\"damaged_quantity\":null,\"quarantined_quantity\":null,\"expired_quantity\":null,\"status\":null}}', NULL, '2026-04-05 16:33:50', '2026-04-05 16:33:50'),
(386, 'default', 'updated', 'App\\Models\\InventoryBatch', 'updated', 18, NULL, NULL, '{\"attributes\":{\"received_quantity\":\"40.00\",\"available_quantity\":\"40.00\",\"reserved_quantity\":\"0.00\",\"issued_quantity\":\"0.00\",\"returned_quantity\":\"0.00\",\"damaged_quantity\":\"0.00\",\"quarantined_quantity\":\"0.00\",\"expired_quantity\":\"0.00\"},\"old\":{\"received_quantity\":null,\"available_quantity\":null,\"reserved_quantity\":null,\"issued_quantity\":null,\"returned_quantity\":null,\"damaged_quantity\":null,\"quarantined_quantity\":null,\"expired_quantity\":null}}', NULL, '2026-04-05 16:33:50', '2026-04-05 16:33:50'),
(387, 'default', 'updated', 'App\\Models\\InventoryBatch', 'updated', 18, NULL, NULL, '{\"attributes\":{\"reserved_quantity\":\"0.00\",\"issued_quantity\":\"0.00\",\"returned_quantity\":\"0.00\",\"damaged_quantity\":\"0.00\",\"quarantined_quantity\":\"0.00\",\"expired_quantity\":\"0.00\",\"status\":\"active\"},\"old\":{\"reserved_quantity\":null,\"issued_quantity\":null,\"returned_quantity\":null,\"damaged_quantity\":null,\"quarantined_quantity\":null,\"expired_quantity\":null,\"status\":\"exhausted\"}}', NULL, '2026-04-05 16:33:50', '2026-04-05 16:33:50'),
(388, 'default', 'updated', 'App\\Models\\InventoryItem', 'updated', 18, NULL, NULL, '{\"attributes\":{\"current_quantity\":\"40.00\"},\"old\":{\"current_quantity\":\"0.00\"}}', NULL, '2026-04-05 16:33:50', '2026-04-05 16:33:50'),
(389, 'default', 'created', 'App\\Models\\StockReceiptItem', 'created', 18, NULL, NULL, '{\"attributes\":{\"stock_receipt_id\":2,\"inventory_item_id\":18,\"inventory_batch_id\":18,\"batch_number\":\"CENTRALL-A\",\"manufacture_date\":\"2026-02-05T00:00:00.000000Z\",\"expiry_date\":\"2027-02-05T00:00:00.000000Z\",\"quantity\":\"40.00\",\"unit_cost\":\"620.00\",\"line_total\":\"24800.00\",\"storage_zone\":\"Procedure Shelf C1\",\"remarks\":\"Seeded for realistic burn center stock control.\"}}', NULL, '2026-04-05 16:33:50', '2026-04-05 16:33:50'),
(390, 'default', 'created', 'App\\Models\\InventoryTransaction', 'created', 18, NULL, NULL, '{\"attributes\":{\"inventory_item_id\":18,\"inventory_batch_id\":18,\"transaction_type\":\"received\",\"quantity\":\"40.00\",\"unit_of_measure\":\"set\",\"before_quantity\":\"0.00\",\"after_quantity\":\"40.00\",\"before_batch_quantity\":\"0.00\",\"after_batch_quantity\":\"40.00\",\"from_location_id\":null,\"to_location_id\":5,\"from_department_id\":null,\"to_department_id\":4,\"issued_to_user_id\":null,\"received_from_user_id\":null,\"reference_type\":\"App\\\\Models\\\\StockReceipt\",\"reference_id\":2,\"reference_number\":\"RCV-20260308-0002\",\"transaction_datetime\":\"2026-03-08T00:00:00.000000Z\",\"remarks\":\"Seeded for realistic burn center stock control.\",\"performed_by\":4}}', NULL, '2026-04-05 16:33:50', '2026-04-05 16:33:50'),
(391, 'inventory', 'Stock received', 'App\\Models\\InventoryItem', 'stock-received', 18, 'App\\Models\\User', 4, '{\"receipt_id\":2,\"receipt_item_id\":18,\"batch_id\":18,\"quantity\":40}', NULL, '2026-04-05 16:33:50', '2026-04-05 16:33:50'),
(392, 'default', 'created', 'App\\Models\\InventoryBatch', 'created', 19, NULL, NULL, '{\"attributes\":{\"inventory_item_id\":19,\"batch_number\":\"NORMALSA-A\",\"lot_number\":null,\"manufacture_date\":\"2026-02-05T00:00:00.000000Z\",\"expiry_date\":\"2027-02-05T00:00:00.000000Z\",\"unit_cost\":\"210.00\",\"received_quantity\":\"0.00\",\"available_quantity\":\"0.00\",\"reserved_quantity\":\"0.00\",\"issued_quantity\":\"0.00\",\"returned_quantity\":\"0.00\",\"damaged_quantity\":\"0.00\",\"quarantined_quantity\":\"0.00\",\"expired_quantity\":\"0.00\",\"status\":\"active\",\"supplier_id\":1,\"received_at\":\"2026-03-08T00:00:00.000000Z\",\"store_location_id\":5,\"storage_zone\":\"Procedure Shelf C1\",\"notes\":\"Seeded for realistic burn center stock control.\",\"created_by\":4,\"updated_by\":4}}', NULL, '2026-04-05 16:33:50', '2026-04-05 16:33:50'),
(393, 'default', 'updated', 'App\\Models\\InventoryBatch', 'updated', 19, NULL, NULL, '{\"attributes\":{\"received_quantity\":\"0.00\",\"available_quantity\":\"0.00\",\"reserved_quantity\":\"0.00\",\"issued_quantity\":\"0.00\",\"returned_quantity\":\"0.00\",\"damaged_quantity\":\"0.00\",\"quarantined_quantity\":\"0.00\",\"expired_quantity\":\"0.00\",\"status\":\"exhausted\"},\"old\":{\"received_quantity\":null,\"available_quantity\":null,\"reserved_quantity\":null,\"issued_quantity\":null,\"returned_quantity\":null,\"damaged_quantity\":null,\"quarantined_quantity\":null,\"expired_quantity\":null,\"status\":null}}', NULL, '2026-04-05 16:33:50', '2026-04-05 16:33:50'),
(394, 'default', 'updated', 'App\\Models\\InventoryBatch', 'updated', 19, NULL, NULL, '{\"attributes\":{\"received_quantity\":\"120.00\",\"available_quantity\":\"120.00\",\"reserved_quantity\":\"0.00\",\"issued_quantity\":\"0.00\",\"returned_quantity\":\"0.00\",\"damaged_quantity\":\"0.00\",\"quarantined_quantity\":\"0.00\",\"expired_quantity\":\"0.00\"},\"old\":{\"received_quantity\":null,\"available_quantity\":null,\"reserved_quantity\":null,\"issued_quantity\":null,\"returned_quantity\":null,\"damaged_quantity\":null,\"quarantined_quantity\":null,\"expired_quantity\":null}}', NULL, '2026-04-05 16:33:50', '2026-04-05 16:33:50'),
(395, 'default', 'updated', 'App\\Models\\InventoryBatch', 'updated', 19, NULL, NULL, '{\"attributes\":{\"reserved_quantity\":\"0.00\",\"issued_quantity\":\"0.00\",\"returned_quantity\":\"0.00\",\"damaged_quantity\":\"0.00\",\"quarantined_quantity\":\"0.00\",\"expired_quantity\":\"0.00\",\"status\":\"active\"},\"old\":{\"reserved_quantity\":null,\"issued_quantity\":null,\"returned_quantity\":null,\"damaged_quantity\":null,\"quarantined_quantity\":null,\"expired_quantity\":null,\"status\":\"exhausted\"}}', NULL, '2026-04-05 16:33:50', '2026-04-05 16:33:50'),
(396, 'default', 'updated', 'App\\Models\\InventoryItem', 'updated', 19, NULL, NULL, '{\"attributes\":{\"current_quantity\":\"120.00\"},\"old\":{\"current_quantity\":\"0.00\"}}', NULL, '2026-04-05 16:33:50', '2026-04-05 16:33:50'),
(397, 'default', 'created', 'App\\Models\\StockReceiptItem', 'created', 19, NULL, NULL, '{\"attributes\":{\"stock_receipt_id\":2,\"inventory_item_id\":19,\"inventory_batch_id\":19,\"batch_number\":\"NORMALSA-A\",\"manufacture_date\":\"2026-02-05T00:00:00.000000Z\",\"expiry_date\":\"2027-02-05T00:00:00.000000Z\",\"quantity\":\"120.00\",\"unit_cost\":\"210.00\",\"line_total\":\"25200.00\",\"storage_zone\":\"Procedure Shelf C1\",\"remarks\":\"Seeded for realistic burn center stock control.\"}}', NULL, '2026-04-05 16:33:50', '2026-04-05 16:33:50'),
(398, 'default', 'created', 'App\\Models\\InventoryTransaction', 'created', 19, NULL, NULL, '{\"attributes\":{\"inventory_item_id\":19,\"inventory_batch_id\":19,\"transaction_type\":\"received\",\"quantity\":\"120.00\",\"unit_of_measure\":\"bag\",\"before_quantity\":\"0.00\",\"after_quantity\":\"120.00\",\"before_batch_quantity\":\"0.00\",\"after_batch_quantity\":\"120.00\",\"from_location_id\":null,\"to_location_id\":5,\"from_department_id\":null,\"to_department_id\":4,\"issued_to_user_id\":null,\"received_from_user_id\":null,\"reference_type\":\"App\\\\Models\\\\StockReceipt\",\"reference_id\":2,\"reference_number\":\"RCV-20260308-0002\",\"transaction_datetime\":\"2026-03-08T00:00:00.000000Z\",\"remarks\":\"Seeded for realistic burn center stock control.\",\"performed_by\":4}}', NULL, '2026-04-05 16:33:50', '2026-04-05 16:33:50'),
(399, 'inventory', 'Stock received', 'App\\Models\\InventoryItem', 'stock-received', 19, 'App\\Models\\User', 4, '{\"receipt_id\":2,\"receipt_item_id\":19,\"batch_id\":19,\"quantity\":120}', NULL, '2026-04-05 16:33:50', '2026-04-05 16:33:50'),
(400, 'default', 'created', 'App\\Models\\InventoryBatch', 'created', 20, NULL, NULL, '{\"attributes\":{\"inventory_item_id\":20,\"batch_number\":\"RINGERLA-A\",\"lot_number\":null,\"manufacture_date\":\"2026-02-05T00:00:00.000000Z\",\"expiry_date\":\"2027-02-05T00:00:00.000000Z\",\"unit_cost\":\"210.00\",\"received_quantity\":\"0.00\",\"available_quantity\":\"0.00\",\"reserved_quantity\":\"0.00\",\"issued_quantity\":\"0.00\",\"returned_quantity\":\"0.00\",\"damaged_quantity\":\"0.00\",\"quarantined_quantity\":\"0.00\",\"expired_quantity\":\"0.00\",\"status\":\"active\",\"supplier_id\":1,\"received_at\":\"2026-03-08T00:00:00.000000Z\",\"store_location_id\":5,\"storage_zone\":\"Procedure Shelf C1\",\"notes\":\"Seeded for realistic burn center stock control.\",\"created_by\":4,\"updated_by\":4}}', NULL, '2026-04-05 16:33:50', '2026-04-05 16:33:50');
INSERT INTO `activity_log` (`id`, `log_name`, `description`, `subject_type`, `event`, `subject_id`, `causer_type`, `causer_id`, `properties`, `batch_uuid`, `created_at`, `updated_at`) VALUES
(401, 'default', 'updated', 'App\\Models\\InventoryBatch', 'updated', 20, NULL, NULL, '{\"attributes\":{\"received_quantity\":\"0.00\",\"available_quantity\":\"0.00\",\"reserved_quantity\":\"0.00\",\"issued_quantity\":\"0.00\",\"returned_quantity\":\"0.00\",\"damaged_quantity\":\"0.00\",\"quarantined_quantity\":\"0.00\",\"expired_quantity\":\"0.00\",\"status\":\"exhausted\"},\"old\":{\"received_quantity\":null,\"available_quantity\":null,\"reserved_quantity\":null,\"issued_quantity\":null,\"returned_quantity\":null,\"damaged_quantity\":null,\"quarantined_quantity\":null,\"expired_quantity\":null,\"status\":null}}', NULL, '2026-04-05 16:33:50', '2026-04-05 16:33:50'),
(402, 'default', 'updated', 'App\\Models\\InventoryBatch', 'updated', 20, NULL, NULL, '{\"attributes\":{\"received_quantity\":\"120.00\",\"available_quantity\":\"120.00\",\"reserved_quantity\":\"0.00\",\"issued_quantity\":\"0.00\",\"returned_quantity\":\"0.00\",\"damaged_quantity\":\"0.00\",\"quarantined_quantity\":\"0.00\",\"expired_quantity\":\"0.00\"},\"old\":{\"received_quantity\":null,\"available_quantity\":null,\"reserved_quantity\":null,\"issued_quantity\":null,\"returned_quantity\":null,\"damaged_quantity\":null,\"quarantined_quantity\":null,\"expired_quantity\":null}}', NULL, '2026-04-05 16:33:50', '2026-04-05 16:33:50'),
(403, 'default', 'updated', 'App\\Models\\InventoryBatch', 'updated', 20, NULL, NULL, '{\"attributes\":{\"reserved_quantity\":\"0.00\",\"issued_quantity\":\"0.00\",\"returned_quantity\":\"0.00\",\"damaged_quantity\":\"0.00\",\"quarantined_quantity\":\"0.00\",\"expired_quantity\":\"0.00\",\"status\":\"active\"},\"old\":{\"reserved_quantity\":null,\"issued_quantity\":null,\"returned_quantity\":null,\"damaged_quantity\":null,\"quarantined_quantity\":null,\"expired_quantity\":null,\"status\":\"exhausted\"}}', NULL, '2026-04-05 16:33:50', '2026-04-05 16:33:50'),
(404, 'default', 'updated', 'App\\Models\\InventoryItem', 'updated', 20, NULL, NULL, '{\"attributes\":{\"current_quantity\":\"120.00\"},\"old\":{\"current_quantity\":\"0.00\"}}', NULL, '2026-04-05 16:33:51', '2026-04-05 16:33:51'),
(405, 'default', 'created', 'App\\Models\\StockReceiptItem', 'created', 20, NULL, NULL, '{\"attributes\":{\"stock_receipt_id\":2,\"inventory_item_id\":20,\"inventory_batch_id\":20,\"batch_number\":\"RINGERLA-A\",\"manufacture_date\":\"2026-02-05T00:00:00.000000Z\",\"expiry_date\":\"2027-02-05T00:00:00.000000Z\",\"quantity\":\"120.00\",\"unit_cost\":\"210.00\",\"line_total\":\"25200.00\",\"storage_zone\":\"Procedure Shelf C1\",\"remarks\":\"Seeded for realistic burn center stock control.\"}}', NULL, '2026-04-05 16:33:51', '2026-04-05 16:33:51'),
(406, 'default', 'created', 'App\\Models\\InventoryTransaction', 'created', 20, NULL, NULL, '{\"attributes\":{\"inventory_item_id\":20,\"inventory_batch_id\":20,\"transaction_type\":\"received\",\"quantity\":\"120.00\",\"unit_of_measure\":\"bag\",\"before_quantity\":\"0.00\",\"after_quantity\":\"120.00\",\"before_batch_quantity\":\"0.00\",\"after_batch_quantity\":\"120.00\",\"from_location_id\":null,\"to_location_id\":5,\"from_department_id\":null,\"to_department_id\":4,\"issued_to_user_id\":null,\"received_from_user_id\":null,\"reference_type\":\"App\\\\Models\\\\StockReceipt\",\"reference_id\":2,\"reference_number\":\"RCV-20260308-0002\",\"transaction_datetime\":\"2026-03-08T00:00:00.000000Z\",\"remarks\":\"Seeded for realistic burn center stock control.\",\"performed_by\":4}}', NULL, '2026-04-05 16:33:51', '2026-04-05 16:33:51'),
(407, 'inventory', 'Stock received', 'App\\Models\\InventoryItem', 'stock-received', 20, 'App\\Models\\User', 4, '{\"receipt_id\":2,\"receipt_item_id\":20,\"batch_id\":20,\"quantity\":120}', NULL, '2026-04-05 16:33:51', '2026-04-05 16:33:51'),
(408, 'default', 'created', 'App\\Models\\StockReceipt', 'created', 3, NULL, NULL, '{\"attributes\":{\"receipt_number\":\"RCV-20260308-0003\",\"supplier_id\":3,\"department_id\":4,\"store_location_id\":6,\"receipt_date\":\"2026-03-08T00:00:00.000000Z\",\"invoice_reference\":\"INV-SEED-55\",\"delivery_note_number\":\"DN-SEED-890\",\"received_by\":4,\"remarks\":\"Initial Phase 3 stock receipt seed.\",\"status\":\"posted\",\"created_by\":4,\"updated_by\":4}}', NULL, '2026-04-05 16:33:51', '2026-04-05 16:33:51'),
(409, 'default', 'created', 'App\\Models\\InventoryBatch', 'created', 21, NULL, NULL, '{\"attributes\":{\"inventory_item_id\":21,\"batch_number\":\"N95MASK-A\",\"lot_number\":null,\"manufacture_date\":\"2026-02-05T00:00:00.000000Z\",\"expiry_date\":\"2027-02-05T00:00:00.000000Z\",\"unit_cost\":\"160.00\",\"received_quantity\":\"0.00\",\"available_quantity\":\"0.00\",\"reserved_quantity\":\"0.00\",\"issued_quantity\":\"0.00\",\"returned_quantity\":\"0.00\",\"damaged_quantity\":\"0.00\",\"quarantined_quantity\":\"0.00\",\"expired_quantity\":\"0.00\",\"status\":\"active\",\"supplier_id\":3,\"received_at\":\"2026-03-08T00:00:00.000000Z\",\"store_location_id\":6,\"storage_zone\":\"Infection Control Rack D1\",\"notes\":\"Seeded for realistic burn center stock control.\",\"created_by\":4,\"updated_by\":4}}', NULL, '2026-04-05 16:33:51', '2026-04-05 16:33:51'),
(410, 'default', 'updated', 'App\\Models\\InventoryBatch', 'updated', 21, NULL, NULL, '{\"attributes\":{\"received_quantity\":\"0.00\",\"available_quantity\":\"0.00\",\"reserved_quantity\":\"0.00\",\"issued_quantity\":\"0.00\",\"returned_quantity\":\"0.00\",\"damaged_quantity\":\"0.00\",\"quarantined_quantity\":\"0.00\",\"expired_quantity\":\"0.00\",\"status\":\"exhausted\"},\"old\":{\"received_quantity\":null,\"available_quantity\":null,\"reserved_quantity\":null,\"issued_quantity\":null,\"returned_quantity\":null,\"damaged_quantity\":null,\"quarantined_quantity\":null,\"expired_quantity\":null,\"status\":null}}', NULL, '2026-04-05 16:33:51', '2026-04-05 16:33:51'),
(411, 'default', 'updated', 'App\\Models\\InventoryBatch', 'updated', 21, NULL, NULL, '{\"attributes\":{\"received_quantity\":\"180.00\",\"available_quantity\":\"180.00\",\"reserved_quantity\":\"0.00\",\"issued_quantity\":\"0.00\",\"returned_quantity\":\"0.00\",\"damaged_quantity\":\"0.00\",\"quarantined_quantity\":\"0.00\",\"expired_quantity\":\"0.00\"},\"old\":{\"received_quantity\":null,\"available_quantity\":null,\"reserved_quantity\":null,\"issued_quantity\":null,\"returned_quantity\":null,\"damaged_quantity\":null,\"quarantined_quantity\":null,\"expired_quantity\":null}}', NULL, '2026-04-05 16:33:51', '2026-04-05 16:33:51'),
(412, 'default', 'updated', 'App\\Models\\InventoryBatch', 'updated', 21, NULL, NULL, '{\"attributes\":{\"reserved_quantity\":\"0.00\",\"issued_quantity\":\"0.00\",\"returned_quantity\":\"0.00\",\"damaged_quantity\":\"0.00\",\"quarantined_quantity\":\"0.00\",\"expired_quantity\":\"0.00\",\"status\":\"active\"},\"old\":{\"reserved_quantity\":null,\"issued_quantity\":null,\"returned_quantity\":null,\"damaged_quantity\":null,\"quarantined_quantity\":null,\"expired_quantity\":null,\"status\":\"exhausted\"}}', NULL, '2026-04-05 16:33:52', '2026-04-05 16:33:52'),
(413, 'default', 'updated', 'App\\Models\\InventoryItem', 'updated', 21, NULL, NULL, '{\"attributes\":{\"current_quantity\":\"180.00\"},\"old\":{\"current_quantity\":\"0.00\"}}', NULL, '2026-04-05 16:33:52', '2026-04-05 16:33:52'),
(414, 'default', 'created', 'App\\Models\\StockReceiptItem', 'created', 21, NULL, NULL, '{\"attributes\":{\"stock_receipt_id\":3,\"inventory_item_id\":21,\"inventory_batch_id\":21,\"batch_number\":\"N95MASK-A\",\"manufacture_date\":\"2026-02-05T00:00:00.000000Z\",\"expiry_date\":\"2027-02-05T00:00:00.000000Z\",\"quantity\":\"180.00\",\"unit_cost\":\"160.00\",\"line_total\":\"28800.00\",\"storage_zone\":\"Infection Control Rack D1\",\"remarks\":\"Seeded for realistic burn center stock control.\"}}', NULL, '2026-04-05 16:33:52', '2026-04-05 16:33:52'),
(415, 'default', 'created', 'App\\Models\\InventoryTransaction', 'created', 21, NULL, NULL, '{\"attributes\":{\"inventory_item_id\":21,\"inventory_batch_id\":21,\"transaction_type\":\"received\",\"quantity\":\"180.00\",\"unit_of_measure\":\"box\",\"before_quantity\":\"0.00\",\"after_quantity\":\"180.00\",\"before_batch_quantity\":\"0.00\",\"after_batch_quantity\":\"180.00\",\"from_location_id\":null,\"to_location_id\":6,\"from_department_id\":null,\"to_department_id\":4,\"issued_to_user_id\":null,\"received_from_user_id\":null,\"reference_type\":\"App\\\\Models\\\\StockReceipt\",\"reference_id\":3,\"reference_number\":\"RCV-20260308-0003\",\"transaction_datetime\":\"2026-03-08T00:00:00.000000Z\",\"remarks\":\"Seeded for realistic burn center stock control.\",\"performed_by\":4}}', NULL, '2026-04-05 16:33:52', '2026-04-05 16:33:52'),
(416, 'inventory', 'Stock received', 'App\\Models\\InventoryItem', 'stock-received', 21, 'App\\Models\\User', 4, '{\"receipt_id\":3,\"receipt_item_id\":21,\"batch_id\":21,\"quantity\":180}', NULL, '2026-04-05 16:33:52', '2026-04-05 16:33:52'),
(417, 'default', 'created', 'App\\Models\\InventoryBatch', 'created', 22, NULL, NULL, '{\"attributes\":{\"inventory_item_id\":22,\"batch_number\":\"SURGICAL-A\",\"lot_number\":null,\"manufacture_date\":\"2026-02-05T00:00:00.000000Z\",\"expiry_date\":\"2027-02-05T00:00:00.000000Z\",\"unit_cost\":\"160.00\",\"received_quantity\":\"0.00\",\"available_quantity\":\"0.00\",\"reserved_quantity\":\"0.00\",\"issued_quantity\":\"0.00\",\"returned_quantity\":\"0.00\",\"damaged_quantity\":\"0.00\",\"quarantined_quantity\":\"0.00\",\"expired_quantity\":\"0.00\",\"status\":\"active\",\"supplier_id\":3,\"received_at\":\"2026-03-08T00:00:00.000000Z\",\"store_location_id\":6,\"storage_zone\":\"Infection Control Rack D1\",\"notes\":\"Seeded for realistic burn center stock control.\",\"created_by\":4,\"updated_by\":4}}', NULL, '2026-04-05 16:33:52', '2026-04-05 16:33:52'),
(418, 'default', 'updated', 'App\\Models\\InventoryBatch', 'updated', 22, NULL, NULL, '{\"attributes\":{\"received_quantity\":\"0.00\",\"available_quantity\":\"0.00\",\"reserved_quantity\":\"0.00\",\"issued_quantity\":\"0.00\",\"returned_quantity\":\"0.00\",\"damaged_quantity\":\"0.00\",\"quarantined_quantity\":\"0.00\",\"expired_quantity\":\"0.00\",\"status\":\"exhausted\"},\"old\":{\"received_quantity\":null,\"available_quantity\":null,\"reserved_quantity\":null,\"issued_quantity\":null,\"returned_quantity\":null,\"damaged_quantity\":null,\"quarantined_quantity\":null,\"expired_quantity\":null,\"status\":null}}', NULL, '2026-04-05 16:33:52', '2026-04-05 16:33:52'),
(419, 'default', 'updated', 'App\\Models\\InventoryBatch', 'updated', 22, NULL, NULL, '{\"attributes\":{\"received_quantity\":\"180.00\",\"available_quantity\":\"180.00\",\"reserved_quantity\":\"0.00\",\"issued_quantity\":\"0.00\",\"returned_quantity\":\"0.00\",\"damaged_quantity\":\"0.00\",\"quarantined_quantity\":\"0.00\",\"expired_quantity\":\"0.00\"},\"old\":{\"received_quantity\":null,\"available_quantity\":null,\"reserved_quantity\":null,\"issued_quantity\":null,\"returned_quantity\":null,\"damaged_quantity\":null,\"quarantined_quantity\":null,\"expired_quantity\":null}}', NULL, '2026-04-05 16:33:52', '2026-04-05 16:33:52'),
(420, 'default', 'updated', 'App\\Models\\InventoryBatch', 'updated', 22, NULL, NULL, '{\"attributes\":{\"reserved_quantity\":\"0.00\",\"issued_quantity\":\"0.00\",\"returned_quantity\":\"0.00\",\"damaged_quantity\":\"0.00\",\"quarantined_quantity\":\"0.00\",\"expired_quantity\":\"0.00\",\"status\":\"active\"},\"old\":{\"reserved_quantity\":null,\"issued_quantity\":null,\"returned_quantity\":null,\"damaged_quantity\":null,\"quarantined_quantity\":null,\"expired_quantity\":null,\"status\":\"exhausted\"}}', NULL, '2026-04-05 16:33:52', '2026-04-05 16:33:52'),
(421, 'default', 'updated', 'App\\Models\\InventoryItem', 'updated', 22, NULL, NULL, '{\"attributes\":{\"current_quantity\":\"180.00\"},\"old\":{\"current_quantity\":\"0.00\"}}', NULL, '2026-04-05 16:33:52', '2026-04-05 16:33:52'),
(422, 'default', 'created', 'App\\Models\\StockReceiptItem', 'created', 22, NULL, NULL, '{\"attributes\":{\"stock_receipt_id\":3,\"inventory_item_id\":22,\"inventory_batch_id\":22,\"batch_number\":\"SURGICAL-A\",\"manufacture_date\":\"2026-02-05T00:00:00.000000Z\",\"expiry_date\":\"2027-02-05T00:00:00.000000Z\",\"quantity\":\"180.00\",\"unit_cost\":\"160.00\",\"line_total\":\"28800.00\",\"storage_zone\":\"Infection Control Rack D1\",\"remarks\":\"Seeded for realistic burn center stock control.\"}}', NULL, '2026-04-05 16:33:52', '2026-04-05 16:33:52'),
(423, 'default', 'created', 'App\\Models\\InventoryTransaction', 'created', 22, NULL, NULL, '{\"attributes\":{\"inventory_item_id\":22,\"inventory_batch_id\":22,\"transaction_type\":\"received\",\"quantity\":\"180.00\",\"unit_of_measure\":\"box\",\"before_quantity\":\"0.00\",\"after_quantity\":\"180.00\",\"before_batch_quantity\":\"0.00\",\"after_batch_quantity\":\"180.00\",\"from_location_id\":null,\"to_location_id\":6,\"from_department_id\":null,\"to_department_id\":4,\"issued_to_user_id\":null,\"received_from_user_id\":null,\"reference_type\":\"App\\\\Models\\\\StockReceipt\",\"reference_id\":3,\"reference_number\":\"RCV-20260308-0003\",\"transaction_datetime\":\"2026-03-08T00:00:00.000000Z\",\"remarks\":\"Seeded for realistic burn center stock control.\",\"performed_by\":4}}', NULL, '2026-04-05 16:33:52', '2026-04-05 16:33:52'),
(424, 'inventory', 'Stock received', 'App\\Models\\InventoryItem', 'stock-received', 22, 'App\\Models\\User', 4, '{\"receipt_id\":3,\"receipt_item_id\":22,\"batch_id\":22,\"quantity\":180}', NULL, '2026-04-05 16:33:52', '2026-04-05 16:33:52'),
(425, 'default', 'created', 'App\\Models\\InventoryBatch', 'created', 23, NULL, NULL, '{\"attributes\":{\"inventory_item_id\":23,\"batch_number\":\"STERILEG-A\",\"lot_number\":null,\"manufacture_date\":\"2026-02-05T00:00:00.000000Z\",\"expiry_date\":\"2027-02-05T00:00:00.000000Z\",\"unit_cost\":\"160.00\",\"received_quantity\":\"0.00\",\"available_quantity\":\"0.00\",\"reserved_quantity\":\"0.00\",\"issued_quantity\":\"0.00\",\"returned_quantity\":\"0.00\",\"damaged_quantity\":\"0.00\",\"quarantined_quantity\":\"0.00\",\"expired_quantity\":\"0.00\",\"status\":\"active\",\"supplier_id\":3,\"received_at\":\"2026-03-08T00:00:00.000000Z\",\"store_location_id\":6,\"storage_zone\":\"Infection Control Rack D1\",\"notes\":\"Seeded for realistic burn center stock control.\",\"created_by\":4,\"updated_by\":4}}', NULL, '2026-04-05 16:33:52', '2026-04-05 16:33:52'),
(426, 'default', 'updated', 'App\\Models\\InventoryBatch', 'updated', 23, NULL, NULL, '{\"attributes\":{\"received_quantity\":\"0.00\",\"available_quantity\":\"0.00\",\"reserved_quantity\":\"0.00\",\"issued_quantity\":\"0.00\",\"returned_quantity\":\"0.00\",\"damaged_quantity\":\"0.00\",\"quarantined_quantity\":\"0.00\",\"expired_quantity\":\"0.00\",\"status\":\"exhausted\"},\"old\":{\"received_quantity\":null,\"available_quantity\":null,\"reserved_quantity\":null,\"issued_quantity\":null,\"returned_quantity\":null,\"damaged_quantity\":null,\"quarantined_quantity\":null,\"expired_quantity\":null,\"status\":null}}', NULL, '2026-04-05 16:33:52', '2026-04-05 16:33:52'),
(427, 'default', 'updated', 'App\\Models\\InventoryBatch', 'updated', 23, NULL, NULL, '{\"attributes\":{\"received_quantity\":\"180.00\",\"available_quantity\":\"180.00\",\"reserved_quantity\":\"0.00\",\"issued_quantity\":\"0.00\",\"returned_quantity\":\"0.00\",\"damaged_quantity\":\"0.00\",\"quarantined_quantity\":\"0.00\",\"expired_quantity\":\"0.00\"},\"old\":{\"received_quantity\":null,\"available_quantity\":null,\"reserved_quantity\":null,\"issued_quantity\":null,\"returned_quantity\":null,\"damaged_quantity\":null,\"quarantined_quantity\":null,\"expired_quantity\":null}}', NULL, '2026-04-05 16:33:52', '2026-04-05 16:33:52'),
(428, 'default', 'updated', 'App\\Models\\InventoryBatch', 'updated', 23, NULL, NULL, '{\"attributes\":{\"reserved_quantity\":\"0.00\",\"issued_quantity\":\"0.00\",\"returned_quantity\":\"0.00\",\"damaged_quantity\":\"0.00\",\"quarantined_quantity\":\"0.00\",\"expired_quantity\":\"0.00\",\"status\":\"active\"},\"old\":{\"reserved_quantity\":null,\"issued_quantity\":null,\"returned_quantity\":null,\"damaged_quantity\":null,\"quarantined_quantity\":null,\"expired_quantity\":null,\"status\":\"exhausted\"}}', NULL, '2026-04-05 16:33:52', '2026-04-05 16:33:52'),
(429, 'default', 'updated', 'App\\Models\\InventoryItem', 'updated', 23, NULL, NULL, '{\"attributes\":{\"current_quantity\":\"180.00\"},\"old\":{\"current_quantity\":\"0.00\"}}', NULL, '2026-04-05 16:33:52', '2026-04-05 16:33:52'),
(430, 'default', 'created', 'App\\Models\\StockReceiptItem', 'created', 23, NULL, NULL, '{\"attributes\":{\"stock_receipt_id\":3,\"inventory_item_id\":23,\"inventory_batch_id\":23,\"batch_number\":\"STERILEG-A\",\"manufacture_date\":\"2026-02-05T00:00:00.000000Z\",\"expiry_date\":\"2027-02-05T00:00:00.000000Z\",\"quantity\":\"180.00\",\"unit_cost\":\"160.00\",\"line_total\":\"28800.00\",\"storage_zone\":\"Infection Control Rack D1\",\"remarks\":\"Seeded for realistic burn center stock control.\"}}', NULL, '2026-04-05 16:33:52', '2026-04-05 16:33:52'),
(431, 'default', 'created', 'App\\Models\\InventoryTransaction', 'created', 23, NULL, NULL, '{\"attributes\":{\"inventory_item_id\":23,\"inventory_batch_id\":23,\"transaction_type\":\"received\",\"quantity\":\"180.00\",\"unit_of_measure\":\"box\",\"before_quantity\":\"0.00\",\"after_quantity\":\"180.00\",\"before_batch_quantity\":\"0.00\",\"after_batch_quantity\":\"180.00\",\"from_location_id\":null,\"to_location_id\":6,\"from_department_id\":null,\"to_department_id\":4,\"issued_to_user_id\":null,\"received_from_user_id\":null,\"reference_type\":\"App\\\\Models\\\\StockReceipt\",\"reference_id\":3,\"reference_number\":\"RCV-20260308-0003\",\"transaction_datetime\":\"2026-03-08T00:00:00.000000Z\",\"remarks\":\"Seeded for realistic burn center stock control.\",\"performed_by\":4}}', NULL, '2026-04-05 16:33:52', '2026-04-05 16:33:52'),
(432, 'inventory', 'Stock received', 'App\\Models\\InventoryItem', 'stock-received', 23, 'App\\Models\\User', 4, '{\"receipt_id\":3,\"receipt_item_id\":23,\"batch_id\":23,\"quantity\":180}', NULL, '2026-04-05 16:33:52', '2026-04-05 16:33:52'),
(433, 'default', 'created', 'App\\Models\\InventoryBatch', 'created', 24, NULL, NULL, '{\"attributes\":{\"inventory_item_id\":24,\"batch_number\":\"STERILEG-A\",\"lot_number\":null,\"manufacture_date\":\"2026-02-05T00:00:00.000000Z\",\"expiry_date\":\"2027-02-05T00:00:00.000000Z\",\"unit_cost\":\"160.00\",\"received_quantity\":\"0.00\",\"available_quantity\":\"0.00\",\"reserved_quantity\":\"0.00\",\"issued_quantity\":\"0.00\",\"returned_quantity\":\"0.00\",\"damaged_quantity\":\"0.00\",\"quarantined_quantity\":\"0.00\",\"expired_quantity\":\"0.00\",\"status\":\"active\",\"supplier_id\":3,\"received_at\":\"2026-03-08T00:00:00.000000Z\",\"store_location_id\":6,\"storage_zone\":\"Infection Control Rack D1\",\"notes\":\"Seeded for realistic burn center stock control.\",\"created_by\":4,\"updated_by\":4}}', NULL, '2026-04-05 16:33:52', '2026-04-05 16:33:52'),
(434, 'default', 'updated', 'App\\Models\\InventoryBatch', 'updated', 24, NULL, NULL, '{\"attributes\":{\"received_quantity\":\"0.00\",\"available_quantity\":\"0.00\",\"reserved_quantity\":\"0.00\",\"issued_quantity\":\"0.00\",\"returned_quantity\":\"0.00\",\"damaged_quantity\":\"0.00\",\"quarantined_quantity\":\"0.00\",\"expired_quantity\":\"0.00\",\"status\":\"exhausted\"},\"old\":{\"received_quantity\":null,\"available_quantity\":null,\"reserved_quantity\":null,\"issued_quantity\":null,\"returned_quantity\":null,\"damaged_quantity\":null,\"quarantined_quantity\":null,\"expired_quantity\":null,\"status\":null}}', NULL, '2026-04-05 16:33:52', '2026-04-05 16:33:52'),
(435, 'default', 'updated', 'App\\Models\\InventoryBatch', 'updated', 24, NULL, NULL, '{\"attributes\":{\"received_quantity\":\"180.00\",\"available_quantity\":\"180.00\",\"reserved_quantity\":\"0.00\",\"issued_quantity\":\"0.00\",\"returned_quantity\":\"0.00\",\"damaged_quantity\":\"0.00\",\"quarantined_quantity\":\"0.00\",\"expired_quantity\":\"0.00\"},\"old\":{\"received_quantity\":null,\"available_quantity\":null,\"reserved_quantity\":null,\"issued_quantity\":null,\"returned_quantity\":null,\"damaged_quantity\":null,\"quarantined_quantity\":null,\"expired_quantity\":null}}', NULL, '2026-04-05 16:33:52', '2026-04-05 16:33:52'),
(436, 'default', 'updated', 'App\\Models\\InventoryBatch', 'updated', 24, NULL, NULL, '{\"attributes\":{\"reserved_quantity\":\"0.00\",\"issued_quantity\":\"0.00\",\"returned_quantity\":\"0.00\",\"damaged_quantity\":\"0.00\",\"quarantined_quantity\":\"0.00\",\"expired_quantity\":\"0.00\",\"status\":\"active\"},\"old\":{\"reserved_quantity\":null,\"issued_quantity\":null,\"returned_quantity\":null,\"damaged_quantity\":null,\"quarantined_quantity\":null,\"expired_quantity\":null,\"status\":\"exhausted\"}}', NULL, '2026-04-05 16:33:52', '2026-04-05 16:33:52'),
(437, 'default', 'updated', 'App\\Models\\InventoryItem', 'updated', 24, NULL, NULL, '{\"attributes\":{\"current_quantity\":\"180.00\"},\"old\":{\"current_quantity\":\"0.00\"}}', NULL, '2026-04-05 16:33:52', '2026-04-05 16:33:52'),
(438, 'default', 'created', 'App\\Models\\StockReceiptItem', 'created', 24, NULL, NULL, '{\"attributes\":{\"stock_receipt_id\":3,\"inventory_item_id\":24,\"inventory_batch_id\":24,\"batch_number\":\"STERILEG-A\",\"manufacture_date\":\"2026-02-05T00:00:00.000000Z\",\"expiry_date\":\"2027-02-05T00:00:00.000000Z\",\"quantity\":\"180.00\",\"unit_cost\":\"160.00\",\"line_total\":\"28800.00\",\"storage_zone\":\"Infection Control Rack D1\",\"remarks\":\"Seeded for realistic burn center stock control.\"}}', NULL, '2026-04-05 16:33:52', '2026-04-05 16:33:52'),
(439, 'default', 'created', 'App\\Models\\InventoryTransaction', 'created', 24, NULL, NULL, '{\"attributes\":{\"inventory_item_id\":24,\"inventory_batch_id\":24,\"transaction_type\":\"received\",\"quantity\":\"180.00\",\"unit_of_measure\":\"box\",\"before_quantity\":\"0.00\",\"after_quantity\":\"180.00\",\"before_batch_quantity\":\"0.00\",\"after_batch_quantity\":\"180.00\",\"from_location_id\":null,\"to_location_id\":6,\"from_department_id\":null,\"to_department_id\":4,\"issued_to_user_id\":null,\"received_from_user_id\":null,\"reference_type\":\"App\\\\Models\\\\StockReceipt\",\"reference_id\":3,\"reference_number\":\"RCV-20260308-0003\",\"transaction_datetime\":\"2026-03-08T00:00:00.000000Z\",\"remarks\":\"Seeded for realistic burn center stock control.\",\"performed_by\":4}}', NULL, '2026-04-05 16:33:52', '2026-04-05 16:33:52'),
(440, 'inventory', 'Stock received', 'App\\Models\\InventoryItem', 'stock-received', 24, 'App\\Models\\User', 4, '{\"receipt_id\":3,\"receipt_item_id\":24,\"batch_id\":24,\"quantity\":180}', NULL, '2026-04-05 16:33:52', '2026-04-05 16:33:52'),
(441, 'default', 'created', 'App\\Models\\InventoryBatch', 'created', 25, NULL, NULL, '{\"attributes\":{\"inventory_item_id\":25,\"batch_number\":\"FACESHIE-A\",\"lot_number\":null,\"manufacture_date\":\"2026-02-05T00:00:00.000000Z\",\"expiry_date\":\"2027-02-05T00:00:00.000000Z\",\"unit_cost\":\"240.00\",\"received_quantity\":\"0.00\",\"available_quantity\":\"0.00\",\"reserved_quantity\":\"0.00\",\"issued_quantity\":\"0.00\",\"returned_quantity\":\"0.00\",\"damaged_quantity\":\"0.00\",\"quarantined_quantity\":\"0.00\",\"expired_quantity\":\"0.00\",\"status\":\"active\",\"supplier_id\":3,\"received_at\":\"2026-03-08T00:00:00.000000Z\",\"store_location_id\":6,\"storage_zone\":\"Infection Control Rack D1\",\"notes\":\"Seeded for realistic burn center stock control.\",\"created_by\":4,\"updated_by\":4}}', NULL, '2026-04-05 16:33:52', '2026-04-05 16:33:52'),
(442, 'default', 'updated', 'App\\Models\\InventoryBatch', 'updated', 25, NULL, NULL, '{\"attributes\":{\"received_quantity\":\"0.00\",\"available_quantity\":\"0.00\",\"reserved_quantity\":\"0.00\",\"issued_quantity\":\"0.00\",\"returned_quantity\":\"0.00\",\"damaged_quantity\":\"0.00\",\"quarantined_quantity\":\"0.00\",\"expired_quantity\":\"0.00\",\"status\":\"exhausted\"},\"old\":{\"received_quantity\":null,\"available_quantity\":null,\"reserved_quantity\":null,\"issued_quantity\":null,\"returned_quantity\":null,\"damaged_quantity\":null,\"quarantined_quantity\":null,\"expired_quantity\":null,\"status\":null}}', NULL, '2026-04-05 16:33:52', '2026-04-05 16:33:52'),
(443, 'default', 'updated', 'App\\Models\\InventoryBatch', 'updated', 25, NULL, NULL, '{\"attributes\":{\"received_quantity\":\"70.00\",\"available_quantity\":\"70.00\",\"reserved_quantity\":\"0.00\",\"issued_quantity\":\"0.00\",\"returned_quantity\":\"0.00\",\"damaged_quantity\":\"0.00\",\"quarantined_quantity\":\"0.00\",\"expired_quantity\":\"0.00\"},\"old\":{\"received_quantity\":null,\"available_quantity\":null,\"reserved_quantity\":null,\"issued_quantity\":null,\"returned_quantity\":null,\"damaged_quantity\":null,\"quarantined_quantity\":null,\"expired_quantity\":null}}', NULL, '2026-04-05 16:33:52', '2026-04-05 16:33:52'),
(444, 'default', 'updated', 'App\\Models\\InventoryBatch', 'updated', 25, NULL, NULL, '{\"attributes\":{\"reserved_quantity\":\"0.00\",\"issued_quantity\":\"0.00\",\"returned_quantity\":\"0.00\",\"damaged_quantity\":\"0.00\",\"quarantined_quantity\":\"0.00\",\"expired_quantity\":\"0.00\",\"status\":\"active\"},\"old\":{\"reserved_quantity\":null,\"issued_quantity\":null,\"returned_quantity\":null,\"damaged_quantity\":null,\"quarantined_quantity\":null,\"expired_quantity\":null,\"status\":\"exhausted\"}}', NULL, '2026-04-05 16:33:52', '2026-04-05 16:33:52'),
(445, 'default', 'updated', 'App\\Models\\InventoryItem', 'updated', 25, NULL, NULL, '{\"attributes\":{\"current_quantity\":\"70.00\"},\"old\":{\"current_quantity\":\"0.00\"}}', NULL, '2026-04-05 16:33:52', '2026-04-05 16:33:52'),
(446, 'default', 'created', 'App\\Models\\StockReceiptItem', 'created', 25, NULL, NULL, '{\"attributes\":{\"stock_receipt_id\":3,\"inventory_item_id\":25,\"inventory_batch_id\":25,\"batch_number\":\"FACESHIE-A\",\"manufacture_date\":\"2026-02-05T00:00:00.000000Z\",\"expiry_date\":\"2027-02-05T00:00:00.000000Z\",\"quantity\":\"70.00\",\"unit_cost\":\"240.00\",\"line_total\":\"16800.00\",\"storage_zone\":\"Infection Control Rack D1\",\"remarks\":\"Seeded for realistic burn center stock control.\"}}', NULL, '2026-04-05 16:33:52', '2026-04-05 16:33:52'),
(447, 'default', 'created', 'App\\Models\\InventoryTransaction', 'created', 25, NULL, NULL, '{\"attributes\":{\"inventory_item_id\":25,\"inventory_batch_id\":25,\"transaction_type\":\"received\",\"quantity\":\"70.00\",\"unit_of_measure\":\"unit\",\"before_quantity\":\"0.00\",\"after_quantity\":\"70.00\",\"before_batch_quantity\":\"0.00\",\"after_batch_quantity\":\"70.00\",\"from_location_id\":null,\"to_location_id\":6,\"from_department_id\":null,\"to_department_id\":4,\"issued_to_user_id\":null,\"received_from_user_id\":null,\"reference_type\":\"App\\\\Models\\\\StockReceipt\",\"reference_id\":3,\"reference_number\":\"RCV-20260308-0003\",\"transaction_datetime\":\"2026-03-08T00:00:00.000000Z\",\"remarks\":\"Seeded for realistic burn center stock control.\",\"performed_by\":4}}', NULL, '2026-04-05 16:33:52', '2026-04-05 16:33:52'),
(448, 'inventory', 'Stock received', 'App\\Models\\InventoryItem', 'stock-received', 25, 'App\\Models\\User', 4, '{\"receipt_id\":3,\"receipt_item_id\":25,\"batch_id\":25,\"quantity\":70}', NULL, '2026-04-05 16:33:52', '2026-04-05 16:33:52'),
(449, 'default', 'created', 'App\\Models\\InventoryBatch', 'created', 26, NULL, NULL, '{\"attributes\":{\"inventory_item_id\":26,\"batch_number\":\"DISPOSAB-A\",\"lot_number\":null,\"manufacture_date\":\"2026-02-05T00:00:00.000000Z\",\"expiry_date\":\"2027-02-05T00:00:00.000000Z\",\"unit_cost\":\"240.00\",\"received_quantity\":\"0.00\",\"available_quantity\":\"0.00\",\"reserved_quantity\":\"0.00\",\"issued_quantity\":\"0.00\",\"returned_quantity\":\"0.00\",\"damaged_quantity\":\"0.00\",\"quarantined_quantity\":\"0.00\",\"expired_quantity\":\"0.00\",\"status\":\"active\",\"supplier_id\":3,\"received_at\":\"2026-03-08T00:00:00.000000Z\",\"store_location_id\":6,\"storage_zone\":\"Infection Control Rack D1\",\"notes\":\"Seeded for realistic burn center stock control.\",\"created_by\":4,\"updated_by\":4}}', NULL, '2026-04-05 16:33:53', '2026-04-05 16:33:53'),
(450, 'default', 'updated', 'App\\Models\\InventoryBatch', 'updated', 26, NULL, NULL, '{\"attributes\":{\"received_quantity\":\"0.00\",\"available_quantity\":\"0.00\",\"reserved_quantity\":\"0.00\",\"issued_quantity\":\"0.00\",\"returned_quantity\":\"0.00\",\"damaged_quantity\":\"0.00\",\"quarantined_quantity\":\"0.00\",\"expired_quantity\":\"0.00\",\"status\":\"exhausted\"},\"old\":{\"received_quantity\":null,\"available_quantity\":null,\"reserved_quantity\":null,\"issued_quantity\":null,\"returned_quantity\":null,\"damaged_quantity\":null,\"quarantined_quantity\":null,\"expired_quantity\":null,\"status\":null}}', NULL, '2026-04-05 16:33:53', '2026-04-05 16:33:53'),
(451, 'default', 'updated', 'App\\Models\\InventoryBatch', 'updated', 26, NULL, NULL, '{\"attributes\":{\"received_quantity\":\"70.00\",\"available_quantity\":\"70.00\",\"reserved_quantity\":\"0.00\",\"issued_quantity\":\"0.00\",\"returned_quantity\":\"0.00\",\"damaged_quantity\":\"0.00\",\"quarantined_quantity\":\"0.00\",\"expired_quantity\":\"0.00\"},\"old\":{\"received_quantity\":null,\"available_quantity\":null,\"reserved_quantity\":null,\"issued_quantity\":null,\"returned_quantity\":null,\"damaged_quantity\":null,\"quarantined_quantity\":null,\"expired_quantity\":null}}', NULL, '2026-04-05 16:33:53', '2026-04-05 16:33:53'),
(452, 'default', 'updated', 'App\\Models\\InventoryBatch', 'updated', 26, NULL, NULL, '{\"attributes\":{\"reserved_quantity\":\"0.00\",\"issued_quantity\":\"0.00\",\"returned_quantity\":\"0.00\",\"damaged_quantity\":\"0.00\",\"quarantined_quantity\":\"0.00\",\"expired_quantity\":\"0.00\",\"status\":\"active\"},\"old\":{\"reserved_quantity\":null,\"issued_quantity\":null,\"returned_quantity\":null,\"damaged_quantity\":null,\"quarantined_quantity\":null,\"expired_quantity\":null,\"status\":\"exhausted\"}}', NULL, '2026-04-05 16:33:53', '2026-04-05 16:33:53'),
(453, 'default', 'updated', 'App\\Models\\InventoryItem', 'updated', 26, NULL, NULL, '{\"attributes\":{\"current_quantity\":\"70.00\"},\"old\":{\"current_quantity\":\"0.00\"}}', NULL, '2026-04-05 16:33:53', '2026-04-05 16:33:53'),
(454, 'default', 'created', 'App\\Models\\StockReceiptItem', 'created', 26, NULL, NULL, '{\"attributes\":{\"stock_receipt_id\":3,\"inventory_item_id\":26,\"inventory_batch_id\":26,\"batch_number\":\"DISPOSAB-A\",\"manufacture_date\":\"2026-02-05T00:00:00.000000Z\",\"expiry_date\":\"2027-02-05T00:00:00.000000Z\",\"quantity\":\"70.00\",\"unit_cost\":\"240.00\",\"line_total\":\"16800.00\",\"storage_zone\":\"Infection Control Rack D1\",\"remarks\":\"Seeded for realistic burn center stock control.\"}}', NULL, '2026-04-05 16:33:53', '2026-04-05 16:33:53'),
(455, 'default', 'created', 'App\\Models\\InventoryTransaction', 'created', 26, NULL, NULL, '{\"attributes\":{\"inventory_item_id\":26,\"inventory_batch_id\":26,\"transaction_type\":\"received\",\"quantity\":\"70.00\",\"unit_of_measure\":\"pack\",\"before_quantity\":\"0.00\",\"after_quantity\":\"70.00\",\"before_batch_quantity\":\"0.00\",\"after_batch_quantity\":\"70.00\",\"from_location_id\":null,\"to_location_id\":6,\"from_department_id\":null,\"to_department_id\":4,\"issued_to_user_id\":null,\"received_from_user_id\":null,\"reference_type\":\"App\\\\Models\\\\StockReceipt\",\"reference_id\":3,\"reference_number\":\"RCV-20260308-0003\",\"transaction_datetime\":\"2026-03-08T00:00:00.000000Z\",\"remarks\":\"Seeded for realistic burn center stock control.\",\"performed_by\":4}}', NULL, '2026-04-05 16:33:53', '2026-04-05 16:33:53'),
(456, 'inventory', 'Stock received', 'App\\Models\\InventoryItem', 'stock-received', 26, 'App\\Models\\User', 4, '{\"receipt_id\":3,\"receipt_item_id\":26,\"batch_id\":26,\"quantity\":70}', NULL, '2026-04-05 16:33:53', '2026-04-05 16:33:53'),
(457, 'default', 'created', 'App\\Models\\InventoryBatch', 'created', 27, NULL, NULL, '{\"attributes\":{\"inventory_item_id\":33,\"batch_number\":\"BURNSHEE-A\",\"lot_number\":null,\"manufacture_date\":\"2026-02-05T00:00:00.000000Z\",\"expiry_date\":\"2027-02-05T00:00:00.000000Z\",\"unit_cost\":\"240.00\",\"received_quantity\":\"0.00\",\"available_quantity\":\"0.00\",\"reserved_quantity\":\"0.00\",\"issued_quantity\":\"0.00\",\"returned_quantity\":\"0.00\",\"damaged_quantity\":\"0.00\",\"quarantined_quantity\":\"0.00\",\"expired_quantity\":\"0.00\",\"status\":\"active\",\"supplier_id\":3,\"received_at\":\"2026-03-08T00:00:00.000000Z\",\"store_location_id\":6,\"storage_zone\":\"Disposable Rack E2\",\"notes\":\"Seeded for realistic burn center stock control.\",\"created_by\":4,\"updated_by\":4}}', NULL, '2026-04-05 16:33:53', '2026-04-05 16:33:53'),
(458, 'default', 'updated', 'App\\Models\\InventoryBatch', 'updated', 27, NULL, NULL, '{\"attributes\":{\"received_quantity\":\"0.00\",\"available_quantity\":\"0.00\",\"reserved_quantity\":\"0.00\",\"issued_quantity\":\"0.00\",\"returned_quantity\":\"0.00\",\"damaged_quantity\":\"0.00\",\"quarantined_quantity\":\"0.00\",\"expired_quantity\":\"0.00\",\"status\":\"exhausted\"},\"old\":{\"received_quantity\":null,\"available_quantity\":null,\"reserved_quantity\":null,\"issued_quantity\":null,\"returned_quantity\":null,\"damaged_quantity\":null,\"quarantined_quantity\":null,\"expired_quantity\":null,\"status\":null}}', NULL, '2026-04-05 16:33:53', '2026-04-05 16:33:53'),
(459, 'default', 'updated', 'App\\Models\\InventoryBatch', 'updated', 27, NULL, NULL, '{\"attributes\":{\"received_quantity\":\"70.00\",\"available_quantity\":\"70.00\",\"reserved_quantity\":\"0.00\",\"issued_quantity\":\"0.00\",\"returned_quantity\":\"0.00\",\"damaged_quantity\":\"0.00\",\"quarantined_quantity\":\"0.00\",\"expired_quantity\":\"0.00\"},\"old\":{\"received_quantity\":null,\"available_quantity\":null,\"reserved_quantity\":null,\"issued_quantity\":null,\"returned_quantity\":null,\"damaged_quantity\":null,\"quarantined_quantity\":null,\"expired_quantity\":null}}', NULL, '2026-04-05 16:33:53', '2026-04-05 16:33:53'),
(460, 'default', 'updated', 'App\\Models\\InventoryBatch', 'updated', 27, NULL, NULL, '{\"attributes\":{\"reserved_quantity\":\"0.00\",\"issued_quantity\":\"0.00\",\"returned_quantity\":\"0.00\",\"damaged_quantity\":\"0.00\",\"quarantined_quantity\":\"0.00\",\"expired_quantity\":\"0.00\",\"status\":\"active\"},\"old\":{\"reserved_quantity\":null,\"issued_quantity\":null,\"returned_quantity\":null,\"damaged_quantity\":null,\"quarantined_quantity\":null,\"expired_quantity\":null,\"status\":\"exhausted\"}}', NULL, '2026-04-05 16:33:53', '2026-04-05 16:33:53'),
(461, 'default', 'updated', 'App\\Models\\InventoryItem', 'updated', 33, NULL, NULL, '{\"attributes\":{\"current_quantity\":\"70.00\"},\"old\":{\"current_quantity\":\"0.00\"}}', NULL, '2026-04-05 16:33:53', '2026-04-05 16:33:53'),
(462, 'default', 'created', 'App\\Models\\StockReceiptItem', 'created', 27, NULL, NULL, '{\"attributes\":{\"stock_receipt_id\":3,\"inventory_item_id\":33,\"inventory_batch_id\":27,\"batch_number\":\"BURNSHEE-A\",\"manufacture_date\":\"2026-02-05T00:00:00.000000Z\",\"expiry_date\":\"2027-02-05T00:00:00.000000Z\",\"quantity\":\"70.00\",\"unit_cost\":\"240.00\",\"line_total\":\"16800.00\",\"storage_zone\":\"Disposable Rack E2\",\"remarks\":\"Seeded for realistic burn center stock control.\"}}', NULL, '2026-04-05 16:33:53', '2026-04-05 16:33:53'),
(463, 'default', 'created', 'App\\Models\\InventoryTransaction', 'created', 27, NULL, NULL, '{\"attributes\":{\"inventory_item_id\":33,\"inventory_batch_id\":27,\"transaction_type\":\"received\",\"quantity\":\"70.00\",\"unit_of_measure\":\"pack\",\"before_quantity\":\"0.00\",\"after_quantity\":\"70.00\",\"before_batch_quantity\":\"0.00\",\"after_batch_quantity\":\"70.00\",\"from_location_id\":null,\"to_location_id\":6,\"from_department_id\":null,\"to_department_id\":4,\"issued_to_user_id\":null,\"received_from_user_id\":null,\"reference_type\":\"App\\\\Models\\\\StockReceipt\",\"reference_id\":3,\"reference_number\":\"RCV-20260308-0003\",\"transaction_datetime\":\"2026-03-08T00:00:00.000000Z\",\"remarks\":\"Seeded for realistic burn center stock control.\",\"performed_by\":4}}', NULL, '2026-04-05 16:33:53', '2026-04-05 16:33:53'),
(464, 'inventory', 'Stock received', 'App\\Models\\InventoryItem', 'stock-received', 33, 'App\\Models\\User', 4, '{\"receipt_id\":3,\"receipt_item_id\":27,\"batch_id\":27,\"quantity\":70}', NULL, '2026-04-05 16:33:53', '2026-04-05 16:33:53'),
(465, 'default', 'created', 'App\\Models\\InventoryBatch', 'created', 28, NULL, NULL, '{\"attributes\":{\"inventory_item_id\":34,\"batch_number\":\"STERILED-A\",\"lot_number\":null,\"manufacture_date\":\"2026-02-05T00:00:00.000000Z\",\"expiry_date\":\"2027-02-05T00:00:00.000000Z\",\"unit_cost\":\"240.00\",\"received_quantity\":\"0.00\",\"available_quantity\":\"0.00\",\"reserved_quantity\":\"0.00\",\"issued_quantity\":\"0.00\",\"returned_quantity\":\"0.00\",\"damaged_quantity\":\"0.00\",\"quarantined_quantity\":\"0.00\",\"expired_quantity\":\"0.00\",\"status\":\"active\",\"supplier_id\":3,\"received_at\":\"2026-03-08T00:00:00.000000Z\",\"store_location_id\":6,\"storage_zone\":\"Disposable Rack E2\",\"notes\":\"Seeded for realistic burn center stock control.\",\"created_by\":4,\"updated_by\":4}}', NULL, '2026-04-05 16:33:53', '2026-04-05 16:33:53'),
(466, 'default', 'updated', 'App\\Models\\InventoryBatch', 'updated', 28, NULL, NULL, '{\"attributes\":{\"received_quantity\":\"0.00\",\"available_quantity\":\"0.00\",\"reserved_quantity\":\"0.00\",\"issued_quantity\":\"0.00\",\"returned_quantity\":\"0.00\",\"damaged_quantity\":\"0.00\",\"quarantined_quantity\":\"0.00\",\"expired_quantity\":\"0.00\",\"status\":\"exhausted\"},\"old\":{\"received_quantity\":null,\"available_quantity\":null,\"reserved_quantity\":null,\"issued_quantity\":null,\"returned_quantity\":null,\"damaged_quantity\":null,\"quarantined_quantity\":null,\"expired_quantity\":null,\"status\":null}}', NULL, '2026-04-05 16:33:53', '2026-04-05 16:33:53'),
(467, 'default', 'updated', 'App\\Models\\InventoryBatch', 'updated', 28, NULL, NULL, '{\"attributes\":{\"received_quantity\":\"70.00\",\"available_quantity\":\"70.00\",\"reserved_quantity\":\"0.00\",\"issued_quantity\":\"0.00\",\"returned_quantity\":\"0.00\",\"damaged_quantity\":\"0.00\",\"quarantined_quantity\":\"0.00\",\"expired_quantity\":\"0.00\"},\"old\":{\"received_quantity\":null,\"available_quantity\":null,\"reserved_quantity\":null,\"issued_quantity\":null,\"returned_quantity\":null,\"damaged_quantity\":null,\"quarantined_quantity\":null,\"expired_quantity\":null}}', NULL, '2026-04-05 16:33:53', '2026-04-05 16:33:53'),
(468, 'default', 'updated', 'App\\Models\\InventoryBatch', 'updated', 28, NULL, NULL, '{\"attributes\":{\"reserved_quantity\":\"0.00\",\"issued_quantity\":\"0.00\",\"returned_quantity\":\"0.00\",\"damaged_quantity\":\"0.00\",\"quarantined_quantity\":\"0.00\",\"expired_quantity\":\"0.00\",\"status\":\"active\"},\"old\":{\"reserved_quantity\":null,\"issued_quantity\":null,\"returned_quantity\":null,\"damaged_quantity\":null,\"quarantined_quantity\":null,\"expired_quantity\":null,\"status\":\"exhausted\"}}', NULL, '2026-04-05 16:33:53', '2026-04-05 16:33:53'),
(469, 'default', 'updated', 'App\\Models\\InventoryItem', 'updated', 34, NULL, NULL, '{\"attributes\":{\"current_quantity\":\"70.00\"},\"old\":{\"current_quantity\":\"0.00\"}}', NULL, '2026-04-05 16:33:53', '2026-04-05 16:33:53'),
(470, 'default', 'created', 'App\\Models\\StockReceiptItem', 'created', 28, NULL, NULL, '{\"attributes\":{\"stock_receipt_id\":3,\"inventory_item_id\":34,\"inventory_batch_id\":28,\"batch_number\":\"STERILED-A\",\"manufacture_date\":\"2026-02-05T00:00:00.000000Z\",\"expiry_date\":\"2027-02-05T00:00:00.000000Z\",\"quantity\":\"70.00\",\"unit_cost\":\"240.00\",\"line_total\":\"16800.00\",\"storage_zone\":\"Disposable Rack E2\",\"remarks\":\"Seeded for realistic burn center stock control.\"}}', NULL, '2026-04-05 16:33:53', '2026-04-05 16:33:53'),
(471, 'default', 'created', 'App\\Models\\InventoryTransaction', 'created', 28, NULL, NULL, '{\"attributes\":{\"inventory_item_id\":34,\"inventory_batch_id\":28,\"transaction_type\":\"received\",\"quantity\":\"70.00\",\"unit_of_measure\":\"pack\",\"before_quantity\":\"0.00\",\"after_quantity\":\"70.00\",\"before_batch_quantity\":\"0.00\",\"after_batch_quantity\":\"70.00\",\"from_location_id\":null,\"to_location_id\":6,\"from_department_id\":null,\"to_department_id\":4,\"issued_to_user_id\":null,\"received_from_user_id\":null,\"reference_type\":\"App\\\\Models\\\\StockReceipt\",\"reference_id\":3,\"reference_number\":\"RCV-20260308-0003\",\"transaction_datetime\":\"2026-03-08T00:00:00.000000Z\",\"remarks\":\"Seeded for realistic burn center stock control.\",\"performed_by\":4}}', NULL, '2026-04-05 16:33:53', '2026-04-05 16:33:53'),
(472, 'inventory', 'Stock received', 'App\\Models\\InventoryItem', 'stock-received', 34, 'App\\Models\\User', 4, '{\"receipt_id\":3,\"receipt_item_id\":28,\"batch_id\":28,\"quantity\":70}', NULL, '2026-04-05 16:33:53', '2026-04-05 16:33:53'),
(473, 'default', 'created', 'App\\Models\\InventoryBatch', 'created', 29, NULL, NULL, '{\"attributes\":{\"inventory_item_id\":35,\"batch_number\":\"PILLOWCO-A\",\"lot_number\":null,\"manufacture_date\":\"2026-02-05T00:00:00.000000Z\",\"expiry_date\":\"2027-02-05T00:00:00.000000Z\",\"unit_cost\":\"240.00\",\"received_quantity\":\"0.00\",\"available_quantity\":\"0.00\",\"reserved_quantity\":\"0.00\",\"issued_quantity\":\"0.00\",\"returned_quantity\":\"0.00\",\"damaged_quantity\":\"0.00\",\"quarantined_quantity\":\"0.00\",\"expired_quantity\":\"0.00\",\"status\":\"active\",\"supplier_id\":3,\"received_at\":\"2026-03-08T00:00:00.000000Z\",\"store_location_id\":6,\"storage_zone\":\"Disposable Rack E2\",\"notes\":\"Seeded for realistic burn center stock control.\",\"created_by\":4,\"updated_by\":4}}', NULL, '2026-04-05 16:33:53', '2026-04-05 16:33:53'),
(474, 'default', 'updated', 'App\\Models\\InventoryBatch', 'updated', 29, NULL, NULL, '{\"attributes\":{\"received_quantity\":\"0.00\",\"available_quantity\":\"0.00\",\"reserved_quantity\":\"0.00\",\"issued_quantity\":\"0.00\",\"returned_quantity\":\"0.00\",\"damaged_quantity\":\"0.00\",\"quarantined_quantity\":\"0.00\",\"expired_quantity\":\"0.00\",\"status\":\"exhausted\"},\"old\":{\"received_quantity\":null,\"available_quantity\":null,\"reserved_quantity\":null,\"issued_quantity\":null,\"returned_quantity\":null,\"damaged_quantity\":null,\"quarantined_quantity\":null,\"expired_quantity\":null,\"status\":null}}', NULL, '2026-04-05 16:33:53', '2026-04-05 16:33:53'),
(475, 'default', 'updated', 'App\\Models\\InventoryBatch', 'updated', 29, NULL, NULL, '{\"attributes\":{\"received_quantity\":\"70.00\",\"available_quantity\":\"70.00\",\"reserved_quantity\":\"0.00\",\"issued_quantity\":\"0.00\",\"returned_quantity\":\"0.00\",\"damaged_quantity\":\"0.00\",\"quarantined_quantity\":\"0.00\",\"expired_quantity\":\"0.00\"},\"old\":{\"received_quantity\":null,\"available_quantity\":null,\"reserved_quantity\":null,\"issued_quantity\":null,\"returned_quantity\":null,\"damaged_quantity\":null,\"quarantined_quantity\":null,\"expired_quantity\":null}}', NULL, '2026-04-05 16:33:53', '2026-04-05 16:33:53'),
(476, 'default', 'updated', 'App\\Models\\InventoryBatch', 'updated', 29, NULL, NULL, '{\"attributes\":{\"reserved_quantity\":\"0.00\",\"issued_quantity\":\"0.00\",\"returned_quantity\":\"0.00\",\"damaged_quantity\":\"0.00\",\"quarantined_quantity\":\"0.00\",\"expired_quantity\":\"0.00\",\"status\":\"active\"},\"old\":{\"reserved_quantity\":null,\"issued_quantity\":null,\"returned_quantity\":null,\"damaged_quantity\":null,\"quarantined_quantity\":null,\"expired_quantity\":null,\"status\":\"exhausted\"}}', NULL, '2026-04-05 16:33:53', '2026-04-05 16:33:53'),
(477, 'default', 'updated', 'App\\Models\\InventoryItem', 'updated', 35, NULL, NULL, '{\"attributes\":{\"current_quantity\":\"70.00\"},\"old\":{\"current_quantity\":\"0.00\"}}', NULL, '2026-04-05 16:33:53', '2026-04-05 16:33:53'),
(478, 'default', 'created', 'App\\Models\\StockReceiptItem', 'created', 29, NULL, NULL, '{\"attributes\":{\"stock_receipt_id\":3,\"inventory_item_id\":35,\"inventory_batch_id\":29,\"batch_number\":\"PILLOWCO-A\",\"manufacture_date\":\"2026-02-05T00:00:00.000000Z\",\"expiry_date\":\"2027-02-05T00:00:00.000000Z\",\"quantity\":\"70.00\",\"unit_cost\":\"240.00\",\"line_total\":\"16800.00\",\"storage_zone\":\"Disposable Rack E2\",\"remarks\":\"Seeded for realistic burn center stock control.\"}}', NULL, '2026-04-05 16:33:53', '2026-04-05 16:33:53'),
(479, 'default', 'created', 'App\\Models\\InventoryTransaction', 'created', 29, NULL, NULL, '{\"attributes\":{\"inventory_item_id\":35,\"inventory_batch_id\":29,\"transaction_type\":\"received\",\"quantity\":\"70.00\",\"unit_of_measure\":\"pack\",\"before_quantity\":\"0.00\",\"after_quantity\":\"70.00\",\"before_batch_quantity\":\"0.00\",\"after_batch_quantity\":\"70.00\",\"from_location_id\":null,\"to_location_id\":6,\"from_department_id\":null,\"to_department_id\":4,\"issued_to_user_id\":null,\"received_from_user_id\":null,\"reference_type\":\"App\\\\Models\\\\StockReceipt\",\"reference_id\":3,\"reference_number\":\"RCV-20260308-0003\",\"transaction_datetime\":\"2026-03-08T00:00:00.000000Z\",\"remarks\":\"Seeded for realistic burn center stock control.\",\"performed_by\":4}}', NULL, '2026-04-05 16:33:53', '2026-04-05 16:33:53'),
(480, 'inventory', 'Stock received', 'App\\Models\\InventoryItem', 'stock-received', 35, 'App\\Models\\User', 4, '{\"receipt_id\":3,\"receipt_item_id\":29,\"batch_id\":29,\"quantity\":70}', NULL, '2026-04-05 16:33:53', '2026-04-05 16:33:53'),
(481, 'default', 'created', 'App\\Models\\InventoryBatch', 'created', 30, NULL, NULL, '{\"attributes\":{\"inventory_item_id\":36,\"batch_number\":\"DRAWSHEE-A\",\"lot_number\":null,\"manufacture_date\":\"2026-02-05T00:00:00.000000Z\",\"expiry_date\":\"2027-02-05T00:00:00.000000Z\",\"unit_cost\":\"240.00\",\"received_quantity\":\"0.00\",\"available_quantity\":\"0.00\",\"reserved_quantity\":\"0.00\",\"issued_quantity\":\"0.00\",\"returned_quantity\":\"0.00\",\"damaged_quantity\":\"0.00\",\"quarantined_quantity\":\"0.00\",\"expired_quantity\":\"0.00\",\"status\":\"active\",\"supplier_id\":3,\"received_at\":\"2026-03-08T00:00:00.000000Z\",\"store_location_id\":6,\"storage_zone\":\"Disposable Rack E2\",\"notes\":\"Seeded for realistic burn center stock control.\",\"created_by\":4,\"updated_by\":4}}', NULL, '2026-04-05 16:33:53', '2026-04-05 16:33:53'),
(482, 'default', 'updated', 'App\\Models\\InventoryBatch', 'updated', 30, NULL, NULL, '{\"attributes\":{\"received_quantity\":\"0.00\",\"available_quantity\":\"0.00\",\"reserved_quantity\":\"0.00\",\"issued_quantity\":\"0.00\",\"returned_quantity\":\"0.00\",\"damaged_quantity\":\"0.00\",\"quarantined_quantity\":\"0.00\",\"expired_quantity\":\"0.00\",\"status\":\"exhausted\"},\"old\":{\"received_quantity\":null,\"available_quantity\":null,\"reserved_quantity\":null,\"issued_quantity\":null,\"returned_quantity\":null,\"damaged_quantity\":null,\"quarantined_quantity\":null,\"expired_quantity\":null,\"status\":null}}', NULL, '2026-04-05 16:33:53', '2026-04-05 16:33:53'),
(483, 'default', 'updated', 'App\\Models\\InventoryBatch', 'updated', 30, NULL, NULL, '{\"attributes\":{\"received_quantity\":\"70.00\",\"available_quantity\":\"70.00\",\"reserved_quantity\":\"0.00\",\"issued_quantity\":\"0.00\",\"returned_quantity\":\"0.00\",\"damaged_quantity\":\"0.00\",\"quarantined_quantity\":\"0.00\",\"expired_quantity\":\"0.00\"},\"old\":{\"received_quantity\":null,\"available_quantity\":null,\"reserved_quantity\":null,\"issued_quantity\":null,\"returned_quantity\":null,\"damaged_quantity\":null,\"quarantined_quantity\":null,\"expired_quantity\":null}}', NULL, '2026-04-05 16:33:53', '2026-04-05 16:33:53'),
(484, 'default', 'updated', 'App\\Models\\InventoryBatch', 'updated', 30, NULL, NULL, '{\"attributes\":{\"reserved_quantity\":\"0.00\",\"issued_quantity\":\"0.00\",\"returned_quantity\":\"0.00\",\"damaged_quantity\":\"0.00\",\"quarantined_quantity\":\"0.00\",\"expired_quantity\":\"0.00\",\"status\":\"active\"},\"old\":{\"reserved_quantity\":null,\"issued_quantity\":null,\"returned_quantity\":null,\"damaged_quantity\":null,\"quarantined_quantity\":null,\"expired_quantity\":null,\"status\":\"exhausted\"}}', NULL, '2026-04-05 16:33:53', '2026-04-05 16:33:53'),
(485, 'default', 'updated', 'App\\Models\\InventoryItem', 'updated', 36, NULL, NULL, '{\"attributes\":{\"current_quantity\":\"70.00\"},\"old\":{\"current_quantity\":\"0.00\"}}', NULL, '2026-04-05 16:33:53', '2026-04-05 16:33:53'),
(486, 'default', 'created', 'App\\Models\\StockReceiptItem', 'created', 30, NULL, NULL, '{\"attributes\":{\"stock_receipt_id\":3,\"inventory_item_id\":36,\"inventory_batch_id\":30,\"batch_number\":\"DRAWSHEE-A\",\"manufacture_date\":\"2026-02-05T00:00:00.000000Z\",\"expiry_date\":\"2027-02-05T00:00:00.000000Z\",\"quantity\":\"70.00\",\"unit_cost\":\"240.00\",\"line_total\":\"16800.00\",\"storage_zone\":\"Disposable Rack E2\",\"remarks\":\"Seeded for realistic burn center stock control.\"}}', NULL, '2026-04-05 16:33:53', '2026-04-05 16:33:53'),
(487, 'default', 'created', 'App\\Models\\InventoryTransaction', 'created', 30, NULL, NULL, '{\"attributes\":{\"inventory_item_id\":36,\"inventory_batch_id\":30,\"transaction_type\":\"received\",\"quantity\":\"70.00\",\"unit_of_measure\":\"pack\",\"before_quantity\":\"0.00\",\"after_quantity\":\"70.00\",\"before_batch_quantity\":\"0.00\",\"after_batch_quantity\":\"70.00\",\"from_location_id\":null,\"to_location_id\":6,\"from_department_id\":null,\"to_department_id\":4,\"issued_to_user_id\":null,\"received_from_user_id\":null,\"reference_type\":\"App\\\\Models\\\\StockReceipt\",\"reference_id\":3,\"reference_number\":\"RCV-20260308-0003\",\"transaction_datetime\":\"2026-03-08T00:00:00.000000Z\",\"remarks\":\"Seeded for realistic burn center stock control.\",\"performed_by\":4}}', NULL, '2026-04-05 16:33:53', '2026-04-05 16:33:53'),
(488, 'inventory', 'Stock received', 'App\\Models\\InventoryItem', 'stock-received', 36, 'App\\Models\\User', 4, '{\"receipt_id\":3,\"receipt_item_id\":30,\"batch_id\":30,\"quantity\":70}', NULL, '2026-04-05 16:33:53', '2026-04-05 16:33:53'),
(489, 'default', 'created', 'App\\Models\\StockReceipt', 'created', 4, NULL, NULL, '{\"attributes\":{\"receipt_number\":\"RCV-20260308-0004\",\"supplier_id\":3,\"department_id\":4,\"store_location_id\":6,\"receipt_date\":\"2026-03-08T00:00:00.000000Z\",\"invoice_reference\":\"INV-SEED-23\",\"delivery_note_number\":\"DN-SEED-621\",\"received_by\":4,\"remarks\":\"Initial Phase 3 stock receipt seed.\",\"status\":\"posted\",\"created_by\":4,\"updated_by\":4}}', NULL, '2026-04-05 16:33:54', '2026-04-05 16:33:54'),
(490, 'default', 'created', 'App\\Models\\InventoryBatch', 'created', 31, NULL, NULL, '{\"attributes\":{\"inventory_item_id\":37,\"batch_number\":\"DISINFEC-A\",\"lot_number\":null,\"manufacture_date\":\"2026-02-05T00:00:00.000000Z\",\"expiry_date\":\"2027-02-05T00:00:00.000000Z\",\"unit_cost\":\"240.00\",\"received_quantity\":\"0.00\",\"available_quantity\":\"0.00\",\"reserved_quantity\":\"0.00\",\"issued_quantity\":\"0.00\",\"returned_quantity\":\"0.00\",\"damaged_quantity\":\"0.00\",\"quarantined_quantity\":\"0.00\",\"expired_quantity\":\"0.00\",\"status\":\"active\",\"supplier_id\":3,\"received_at\":\"2026-03-08T00:00:00.000000Z\",\"store_location_id\":6,\"storage_zone\":\"Cleaning Shelf F1\",\"notes\":\"Seeded for realistic burn center stock control.\",\"created_by\":4,\"updated_by\":4}}', NULL, '2026-04-05 16:33:55', '2026-04-05 16:33:55'),
(491, 'default', 'updated', 'App\\Models\\InventoryBatch', 'updated', 31, NULL, NULL, '{\"attributes\":{\"received_quantity\":\"0.00\",\"available_quantity\":\"0.00\",\"reserved_quantity\":\"0.00\",\"issued_quantity\":\"0.00\",\"returned_quantity\":\"0.00\",\"damaged_quantity\":\"0.00\",\"quarantined_quantity\":\"0.00\",\"expired_quantity\":\"0.00\",\"status\":\"exhausted\"},\"old\":{\"received_quantity\":null,\"available_quantity\":null,\"reserved_quantity\":null,\"issued_quantity\":null,\"returned_quantity\":null,\"damaged_quantity\":null,\"quarantined_quantity\":null,\"expired_quantity\":null,\"status\":null}}', NULL, '2026-04-05 16:33:55', '2026-04-05 16:33:55'),
(492, 'default', 'updated', 'App\\Models\\InventoryBatch', 'updated', 31, NULL, NULL, '{\"attributes\":{\"received_quantity\":\"70.00\",\"available_quantity\":\"70.00\",\"reserved_quantity\":\"0.00\",\"issued_quantity\":\"0.00\",\"returned_quantity\":\"0.00\",\"damaged_quantity\":\"0.00\",\"quarantined_quantity\":\"0.00\",\"expired_quantity\":\"0.00\"},\"old\":{\"received_quantity\":null,\"available_quantity\":null,\"reserved_quantity\":null,\"issued_quantity\":null,\"returned_quantity\":null,\"damaged_quantity\":null,\"quarantined_quantity\":null,\"expired_quantity\":null}}', NULL, '2026-04-05 16:33:55', '2026-04-05 16:33:55'),
(493, 'default', 'updated', 'App\\Models\\InventoryBatch', 'updated', 31, NULL, NULL, '{\"attributes\":{\"reserved_quantity\":\"0.00\",\"issued_quantity\":\"0.00\",\"returned_quantity\":\"0.00\",\"damaged_quantity\":\"0.00\",\"quarantined_quantity\":\"0.00\",\"expired_quantity\":\"0.00\",\"status\":\"active\"},\"old\":{\"reserved_quantity\":null,\"issued_quantity\":null,\"returned_quantity\":null,\"damaged_quantity\":null,\"quarantined_quantity\":null,\"expired_quantity\":null,\"status\":\"exhausted\"}}', NULL, '2026-04-05 16:33:55', '2026-04-05 16:33:55'),
(494, 'default', 'updated', 'App\\Models\\InventoryItem', 'updated', 37, NULL, NULL, '{\"attributes\":{\"current_quantity\":\"70.00\"},\"old\":{\"current_quantity\":\"0.00\"}}', NULL, '2026-04-05 16:33:55', '2026-04-05 16:33:55'),
(495, 'default', 'created', 'App\\Models\\StockReceiptItem', 'created', 31, NULL, NULL, '{\"attributes\":{\"stock_receipt_id\":4,\"inventory_item_id\":37,\"inventory_batch_id\":31,\"batch_number\":\"DISINFEC-A\",\"manufacture_date\":\"2026-02-05T00:00:00.000000Z\",\"expiry_date\":\"2027-02-05T00:00:00.000000Z\",\"quantity\":\"70.00\",\"unit_cost\":\"240.00\",\"line_total\":\"16800.00\",\"storage_zone\":\"Cleaning Shelf F1\",\"remarks\":\"Seeded for realistic burn center stock control.\"}}', NULL, '2026-04-05 16:33:55', '2026-04-05 16:33:55'),
(496, 'default', 'created', 'App\\Models\\InventoryTransaction', 'created', 31, NULL, NULL, '{\"attributes\":{\"inventory_item_id\":37,\"inventory_batch_id\":31,\"transaction_type\":\"received\",\"quantity\":\"70.00\",\"unit_of_measure\":\"can\",\"before_quantity\":\"0.00\",\"after_quantity\":\"70.00\",\"before_batch_quantity\":\"0.00\",\"after_batch_quantity\":\"70.00\",\"from_location_id\":null,\"to_location_id\":6,\"from_department_id\":null,\"to_department_id\":4,\"issued_to_user_id\":null,\"received_from_user_id\":null,\"reference_type\":\"App\\\\Models\\\\StockReceipt\",\"reference_id\":4,\"reference_number\":\"RCV-20260308-0004\",\"transaction_datetime\":\"2026-03-08T00:00:00.000000Z\",\"remarks\":\"Seeded for realistic burn center stock control.\",\"performed_by\":4}}', NULL, '2026-04-05 16:33:55', '2026-04-05 16:33:55'),
(497, 'inventory', 'Stock received', 'App\\Models\\InventoryItem', 'stock-received', 37, 'App\\Models\\User', 4, '{\"receipt_id\":4,\"receipt_item_id\":31,\"batch_id\":31,\"quantity\":70}', NULL, '2026-04-05 16:33:55', '2026-04-05 16:33:55'),
(498, 'default', 'created', 'App\\Models\\InventoryBatch', 'created', 32, NULL, NULL, '{\"attributes\":{\"inventory_item_id\":38,\"batch_number\":\"ENZYMATI-A\",\"lot_number\":null,\"manufacture_date\":\"2026-02-05T00:00:00.000000Z\",\"expiry_date\":\"2027-02-05T00:00:00.000000Z\",\"unit_cost\":\"240.00\",\"received_quantity\":\"0.00\",\"available_quantity\":\"0.00\",\"reserved_quantity\":\"0.00\",\"issued_quantity\":\"0.00\",\"returned_quantity\":\"0.00\",\"damaged_quantity\":\"0.00\",\"quarantined_quantity\":\"0.00\",\"expired_quantity\":\"0.00\",\"status\":\"active\",\"supplier_id\":3,\"received_at\":\"2026-03-08T00:00:00.000000Z\",\"store_location_id\":6,\"storage_zone\":\"Cleaning Shelf F1\",\"notes\":\"Seeded for realistic burn center stock control.\",\"created_by\":4,\"updated_by\":4}}', NULL, '2026-04-05 16:33:56', '2026-04-05 16:33:56'),
(499, 'default', 'updated', 'App\\Models\\InventoryBatch', 'updated', 32, NULL, NULL, '{\"attributes\":{\"received_quantity\":\"0.00\",\"available_quantity\":\"0.00\",\"reserved_quantity\":\"0.00\",\"issued_quantity\":\"0.00\",\"returned_quantity\":\"0.00\",\"damaged_quantity\":\"0.00\",\"quarantined_quantity\":\"0.00\",\"expired_quantity\":\"0.00\",\"status\":\"exhausted\"},\"old\":{\"received_quantity\":null,\"available_quantity\":null,\"reserved_quantity\":null,\"issued_quantity\":null,\"returned_quantity\":null,\"damaged_quantity\":null,\"quarantined_quantity\":null,\"expired_quantity\":null,\"status\":null}}', NULL, '2026-04-05 16:33:56', '2026-04-05 16:33:56'),
(500, 'default', 'updated', 'App\\Models\\InventoryBatch', 'updated', 32, NULL, NULL, '{\"attributes\":{\"received_quantity\":\"70.00\",\"available_quantity\":\"70.00\",\"reserved_quantity\":\"0.00\",\"issued_quantity\":\"0.00\",\"returned_quantity\":\"0.00\",\"damaged_quantity\":\"0.00\",\"quarantined_quantity\":\"0.00\",\"expired_quantity\":\"0.00\"},\"old\":{\"received_quantity\":null,\"available_quantity\":null,\"reserved_quantity\":null,\"issued_quantity\":null,\"returned_quantity\":null,\"damaged_quantity\":null,\"quarantined_quantity\":null,\"expired_quantity\":null}}', NULL, '2026-04-05 16:33:56', '2026-04-05 16:33:56'),
(501, 'default', 'updated', 'App\\Models\\InventoryBatch', 'updated', 32, NULL, NULL, '{\"attributes\":{\"reserved_quantity\":\"0.00\",\"issued_quantity\":\"0.00\",\"returned_quantity\":\"0.00\",\"damaged_quantity\":\"0.00\",\"quarantined_quantity\":\"0.00\",\"expired_quantity\":\"0.00\",\"status\":\"active\"},\"old\":{\"reserved_quantity\":null,\"issued_quantity\":null,\"returned_quantity\":null,\"damaged_quantity\":null,\"quarantined_quantity\":null,\"expired_quantity\":null,\"status\":\"exhausted\"}}', NULL, '2026-04-05 16:33:56', '2026-04-05 16:33:56'),
(502, 'default', 'updated', 'App\\Models\\InventoryItem', 'updated', 38, NULL, NULL, '{\"attributes\":{\"current_quantity\":\"70.00\"},\"old\":{\"current_quantity\":\"0.00\"}}', NULL, '2026-04-05 16:33:56', '2026-04-05 16:33:56'),
(503, 'default', 'created', 'App\\Models\\StockReceiptItem', 'created', 32, NULL, NULL, '{\"attributes\":{\"stock_receipt_id\":4,\"inventory_item_id\":38,\"inventory_batch_id\":32,\"batch_number\":\"ENZYMATI-A\",\"manufacture_date\":\"2026-02-05T00:00:00.000000Z\",\"expiry_date\":\"2027-02-05T00:00:00.000000Z\",\"quantity\":\"70.00\",\"unit_cost\":\"240.00\",\"line_total\":\"16800.00\",\"storage_zone\":\"Cleaning Shelf F1\",\"remarks\":\"Seeded for realistic burn center stock control.\"}}', NULL, '2026-04-05 16:33:56', '2026-04-05 16:33:56'),
(504, 'default', 'created', 'App\\Models\\InventoryTransaction', 'created', 32, NULL, NULL, '{\"attributes\":{\"inventory_item_id\":38,\"inventory_batch_id\":32,\"transaction_type\":\"received\",\"quantity\":\"70.00\",\"unit_of_measure\":\"bottle\",\"before_quantity\":\"0.00\",\"after_quantity\":\"70.00\",\"before_batch_quantity\":\"0.00\",\"after_batch_quantity\":\"70.00\",\"from_location_id\":null,\"to_location_id\":6,\"from_department_id\":null,\"to_department_id\":4,\"issued_to_user_id\":null,\"received_from_user_id\":null,\"reference_type\":\"App\\\\Models\\\\StockReceipt\",\"reference_id\":4,\"reference_number\":\"RCV-20260308-0004\",\"transaction_datetime\":\"2026-03-08T00:00:00.000000Z\",\"remarks\":\"Seeded for realistic burn center stock control.\",\"performed_by\":4}}', NULL, '2026-04-05 16:33:56', '2026-04-05 16:33:56'),
(505, 'inventory', 'Stock received', 'App\\Models\\InventoryItem', 'stock-received', 38, 'App\\Models\\User', 4, '{\"receipt_id\":4,\"receipt_item_id\":32,\"batch_id\":32,\"quantity\":70}', NULL, '2026-04-05 16:33:56', '2026-04-05 16:33:56'),
(506, 'default', 'created', 'App\\Models\\InventoryBatch', 'created', 33, NULL, NULL, '{\"attributes\":{\"inventory_item_id\":39,\"batch_number\":\"STERILIZ-A\",\"lot_number\":null,\"manufacture_date\":\"2026-02-05T00:00:00.000000Z\",\"expiry_date\":\"2027-02-05T00:00:00.000000Z\",\"unit_cost\":\"240.00\",\"received_quantity\":\"0.00\",\"available_quantity\":\"0.00\",\"reserved_quantity\":\"0.00\",\"issued_quantity\":\"0.00\",\"returned_quantity\":\"0.00\",\"damaged_quantity\":\"0.00\",\"quarantined_quantity\":\"0.00\",\"expired_quantity\":\"0.00\",\"status\":\"active\",\"supplier_id\":3,\"received_at\":\"2026-03-08T00:00:00.000000Z\",\"store_location_id\":6,\"storage_zone\":\"Cleaning Shelf F1\",\"notes\":\"Seeded for realistic burn center stock control.\",\"created_by\":4,\"updated_by\":4}}', NULL, '2026-04-05 16:33:56', '2026-04-05 16:33:56'),
(507, 'default', 'updated', 'App\\Models\\InventoryBatch', 'updated', 33, NULL, NULL, '{\"attributes\":{\"received_quantity\":\"0.00\",\"available_quantity\":\"0.00\",\"reserved_quantity\":\"0.00\",\"issued_quantity\":\"0.00\",\"returned_quantity\":\"0.00\",\"damaged_quantity\":\"0.00\",\"quarantined_quantity\":\"0.00\",\"expired_quantity\":\"0.00\",\"status\":\"exhausted\"},\"old\":{\"received_quantity\":null,\"available_quantity\":null,\"reserved_quantity\":null,\"issued_quantity\":null,\"returned_quantity\":null,\"damaged_quantity\":null,\"quarantined_quantity\":null,\"expired_quantity\":null,\"status\":null}}', NULL, '2026-04-05 16:33:56', '2026-04-05 16:33:56'),
(508, 'default', 'updated', 'App\\Models\\InventoryBatch', 'updated', 33, NULL, NULL, '{\"attributes\":{\"received_quantity\":\"70.00\",\"available_quantity\":\"70.00\",\"reserved_quantity\":\"0.00\",\"issued_quantity\":\"0.00\",\"returned_quantity\":\"0.00\",\"damaged_quantity\":\"0.00\",\"quarantined_quantity\":\"0.00\",\"expired_quantity\":\"0.00\"},\"old\":{\"received_quantity\":null,\"available_quantity\":null,\"reserved_quantity\":null,\"issued_quantity\":null,\"returned_quantity\":null,\"damaged_quantity\":null,\"quarantined_quantity\":null,\"expired_quantity\":null}}', NULL, '2026-04-05 16:33:56', '2026-04-05 16:33:56'),
(509, 'default', 'updated', 'App\\Models\\InventoryBatch', 'updated', 33, NULL, NULL, '{\"attributes\":{\"reserved_quantity\":\"0.00\",\"issued_quantity\":\"0.00\",\"returned_quantity\":\"0.00\",\"damaged_quantity\":\"0.00\",\"quarantined_quantity\":\"0.00\",\"expired_quantity\":\"0.00\",\"status\":\"active\"},\"old\":{\"reserved_quantity\":null,\"issued_quantity\":null,\"returned_quantity\":null,\"damaged_quantity\":null,\"quarantined_quantity\":null,\"expired_quantity\":null,\"status\":\"exhausted\"}}', NULL, '2026-04-05 16:33:56', '2026-04-05 16:33:56'),
(510, 'default', 'updated', 'App\\Models\\InventoryItem', 'updated', 39, NULL, NULL, '{\"attributes\":{\"current_quantity\":\"70.00\"},\"old\":{\"current_quantity\":\"0.00\"}}', NULL, '2026-04-05 16:33:56', '2026-04-05 16:33:56'),
(511, 'default', 'created', 'App\\Models\\StockReceiptItem', 'created', 33, NULL, NULL, '{\"attributes\":{\"stock_receipt_id\":4,\"inventory_item_id\":39,\"inventory_batch_id\":33,\"batch_number\":\"STERILIZ-A\",\"manufacture_date\":\"2026-02-05T00:00:00.000000Z\",\"expiry_date\":\"2027-02-05T00:00:00.000000Z\",\"quantity\":\"70.00\",\"unit_cost\":\"240.00\",\"line_total\":\"16800.00\",\"storage_zone\":\"Cleaning Shelf F1\",\"remarks\":\"Seeded for realistic burn center stock control.\"}}', NULL, '2026-04-05 16:33:56', '2026-04-05 16:33:56'),
(512, 'default', 'created', 'App\\Models\\InventoryTransaction', 'created', 33, NULL, NULL, '{\"attributes\":{\"inventory_item_id\":39,\"inventory_batch_id\":33,\"transaction_type\":\"received\",\"quantity\":\"70.00\",\"unit_of_measure\":\"roll\",\"before_quantity\":\"0.00\",\"after_quantity\":\"70.00\",\"before_batch_quantity\":\"0.00\",\"after_batch_quantity\":\"70.00\",\"from_location_id\":null,\"to_location_id\":6,\"from_department_id\":null,\"to_department_id\":4,\"issued_to_user_id\":null,\"received_from_user_id\":null,\"reference_type\":\"App\\\\Models\\\\StockReceipt\",\"reference_id\":4,\"reference_number\":\"RCV-20260308-0004\",\"transaction_datetime\":\"2026-03-08T00:00:00.000000Z\",\"remarks\":\"Seeded for realistic burn center stock control.\",\"performed_by\":4}}', NULL, '2026-04-05 16:33:56', '2026-04-05 16:33:56'),
(513, 'inventory', 'Stock received', 'App\\Models\\InventoryItem', 'stock-received', 39, 'App\\Models\\User', 4, '{\"receipt_id\":4,\"receipt_item_id\":33,\"batch_id\":33,\"quantity\":70}', NULL, '2026-04-05 16:33:56', '2026-04-05 16:33:56'),
(514, 'default', 'created', 'App\\Models\\InventoryBatch', 'created', 34, NULL, NULL, '{\"attributes\":{\"inventory_item_id\":40,\"batch_number\":\"SURFACEW-A\",\"lot_number\":null,\"manufacture_date\":\"2026-02-05T00:00:00.000000Z\",\"expiry_date\":\"2027-02-05T00:00:00.000000Z\",\"unit_cost\":\"240.00\",\"received_quantity\":\"0.00\",\"available_quantity\":\"0.00\",\"reserved_quantity\":\"0.00\",\"issued_quantity\":\"0.00\",\"returned_quantity\":\"0.00\",\"damaged_quantity\":\"0.00\",\"quarantined_quantity\":\"0.00\",\"expired_quantity\":\"0.00\",\"status\":\"active\",\"supplier_id\":3,\"received_at\":\"2026-03-08T00:00:00.000000Z\",\"store_location_id\":6,\"storage_zone\":\"Cleaning Shelf F1\",\"notes\":\"Seeded for realistic burn center stock control.\",\"created_by\":4,\"updated_by\":4}}', NULL, '2026-04-05 16:33:56', '2026-04-05 16:33:56'),
(515, 'default', 'updated', 'App\\Models\\InventoryBatch', 'updated', 34, NULL, NULL, '{\"attributes\":{\"received_quantity\":\"0.00\",\"available_quantity\":\"0.00\",\"reserved_quantity\":\"0.00\",\"issued_quantity\":\"0.00\",\"returned_quantity\":\"0.00\",\"damaged_quantity\":\"0.00\",\"quarantined_quantity\":\"0.00\",\"expired_quantity\":\"0.00\",\"status\":\"exhausted\"},\"old\":{\"received_quantity\":null,\"available_quantity\":null,\"reserved_quantity\":null,\"issued_quantity\":null,\"returned_quantity\":null,\"damaged_quantity\":null,\"quarantined_quantity\":null,\"expired_quantity\":null,\"status\":null}}', NULL, '2026-04-05 16:33:56', '2026-04-05 16:33:56'),
(516, 'default', 'updated', 'App\\Models\\InventoryBatch', 'updated', 34, NULL, NULL, '{\"attributes\":{\"received_quantity\":\"40.00\",\"available_quantity\":\"40.00\",\"reserved_quantity\":\"0.00\",\"issued_quantity\":\"0.00\",\"returned_quantity\":\"0.00\",\"damaged_quantity\":\"0.00\",\"quarantined_quantity\":\"0.00\",\"expired_quantity\":\"0.00\"},\"old\":{\"received_quantity\":null,\"available_quantity\":null,\"reserved_quantity\":null,\"issued_quantity\":null,\"returned_quantity\":null,\"damaged_quantity\":null,\"quarantined_quantity\":null,\"expired_quantity\":null}}', NULL, '2026-04-05 16:33:56', '2026-04-05 16:33:56'),
(517, 'default', 'updated', 'App\\Models\\InventoryBatch', 'updated', 34, NULL, NULL, '{\"attributes\":{\"reserved_quantity\":\"0.00\",\"issued_quantity\":\"0.00\",\"returned_quantity\":\"0.00\",\"damaged_quantity\":\"0.00\",\"quarantined_quantity\":\"0.00\",\"expired_quantity\":\"0.00\",\"status\":\"active\"},\"old\":{\"reserved_quantity\":null,\"issued_quantity\":null,\"returned_quantity\":null,\"damaged_quantity\":null,\"quarantined_quantity\":null,\"expired_quantity\":null,\"status\":\"exhausted\"}}', NULL, '2026-04-05 16:33:56', '2026-04-05 16:33:56'),
(518, 'default', 'updated', 'App\\Models\\InventoryItem', 'updated', 40, NULL, NULL, '{\"attributes\":{\"current_quantity\":\"40.00\"},\"old\":{\"current_quantity\":\"0.00\"}}', NULL, '2026-04-05 16:33:56', '2026-04-05 16:33:56'),
(519, 'default', 'created', 'App\\Models\\StockReceiptItem', 'created', 34, NULL, NULL, '{\"attributes\":{\"stock_receipt_id\":4,\"inventory_item_id\":40,\"inventory_batch_id\":34,\"batch_number\":\"SURFACEW-A\",\"manufacture_date\":\"2026-02-05T00:00:00.000000Z\",\"expiry_date\":\"2027-02-05T00:00:00.000000Z\",\"quantity\":\"40.00\",\"unit_cost\":\"240.00\",\"line_total\":\"9600.00\",\"storage_zone\":\"Cleaning Shelf F1\",\"remarks\":\"Seeded for realistic burn center stock control.\"}}', NULL, '2026-04-05 16:33:56', '2026-04-05 16:33:56'),
(520, 'default', 'created', 'App\\Models\\InventoryTransaction', 'created', 34, NULL, NULL, '{\"attributes\":{\"inventory_item_id\":40,\"inventory_batch_id\":34,\"transaction_type\":\"received\",\"quantity\":\"40.00\",\"unit_of_measure\":\"pack\",\"before_quantity\":\"0.00\",\"after_quantity\":\"40.00\",\"before_batch_quantity\":\"0.00\",\"after_batch_quantity\":\"40.00\",\"from_location_id\":null,\"to_location_id\":6,\"from_department_id\":null,\"to_department_id\":4,\"issued_to_user_id\":null,\"received_from_user_id\":null,\"reference_type\":\"App\\\\Models\\\\StockReceipt\",\"reference_id\":4,\"reference_number\":\"RCV-20260308-0004\",\"transaction_datetime\":\"2026-03-08T00:00:00.000000Z\",\"remarks\":\"Seeded for realistic burn center stock control.\",\"performed_by\":4}}', NULL, '2026-04-05 16:33:56', '2026-04-05 16:33:56'),
(521, 'inventory', 'Stock received', 'App\\Models\\InventoryItem', 'stock-received', 40, 'App\\Models\\User', 4, '{\"receipt_id\":4,\"receipt_item_id\":34,\"batch_id\":34,\"quantity\":40}', NULL, '2026-04-05 16:33:56', '2026-04-05 16:33:56'),
(522, 'default', 'created', 'App\\Models\\StockReceipt', 'created', 5, NULL, NULL, '{\"attributes\":{\"receipt_number\":\"RCV-20260308-0005\",\"supplier_id\":1,\"department_id\":6,\"store_location_id\":8,\"receipt_date\":\"2026-03-08T00:00:00.000000Z\",\"invoice_reference\":\"INV-SEED-61\",\"delivery_note_number\":\"DN-SEED-990\",\"received_by\":4,\"remarks\":\"Initial Phase 3 stock receipt seed.\",\"status\":\"posted\",\"created_by\":4,\"updated_by\":4}}', NULL, '2026-04-05 16:33:57', '2026-04-05 16:33:57'),
(523, 'default', 'created', 'App\\Models\\InventoryBatch', 'created', 35, NULL, NULL, '{\"attributes\":{\"inventory_item_id\":27,\"batch_number\":\"SILVERSU-A\",\"lot_number\":null,\"manufacture_date\":\"2026-02-05T00:00:00.000000Z\",\"expiry_date\":\"2026-10-05T00:00:00.000000Z\",\"unit_cost\":\"850.00\",\"received_quantity\":\"0.00\",\"available_quantity\":\"0.00\",\"reserved_quantity\":\"0.00\",\"issued_quantity\":\"0.00\",\"returned_quantity\":\"0.00\",\"damaged_quantity\":\"0.00\",\"quarantined_quantity\":\"0.00\",\"expired_quantity\":\"0.00\",\"status\":\"active\",\"supplier_id\":1,\"received_at\":\"2026-03-08T00:00:00.000000Z\",\"store_location_id\":8,\"storage_zone\":\"Cold Chain Shelf P1\",\"notes\":\"Seeded for realistic burn center stock control.\",\"created_by\":4,\"updated_by\":4}}', NULL, '2026-04-05 16:33:57', '2026-04-05 16:33:57'),
(524, 'default', 'updated', 'App\\Models\\InventoryBatch', 'updated', 35, NULL, NULL, '{\"attributes\":{\"received_quantity\":\"0.00\",\"available_quantity\":\"0.00\",\"reserved_quantity\":\"0.00\",\"issued_quantity\":\"0.00\",\"returned_quantity\":\"0.00\",\"damaged_quantity\":\"0.00\",\"quarantined_quantity\":\"0.00\",\"expired_quantity\":\"0.00\",\"status\":\"exhausted\"},\"old\":{\"received_quantity\":null,\"available_quantity\":null,\"reserved_quantity\":null,\"issued_quantity\":null,\"returned_quantity\":null,\"damaged_quantity\":null,\"quarantined_quantity\":null,\"expired_quantity\":null,\"status\":null}}', NULL, '2026-04-05 16:33:57', '2026-04-05 16:33:57'),
(525, 'default', 'updated', 'App\\Models\\InventoryBatch', 'updated', 35, NULL, NULL, '{\"attributes\":{\"received_quantity\":\"35.00\",\"available_quantity\":\"35.00\",\"reserved_quantity\":\"0.00\",\"issued_quantity\":\"0.00\",\"returned_quantity\":\"0.00\",\"damaged_quantity\":\"0.00\",\"quarantined_quantity\":\"0.00\",\"expired_quantity\":\"0.00\"},\"old\":{\"received_quantity\":null,\"available_quantity\":null,\"reserved_quantity\":null,\"issued_quantity\":null,\"returned_quantity\":null,\"damaged_quantity\":null,\"quarantined_quantity\":null,\"expired_quantity\":null}}', NULL, '2026-04-05 16:33:57', '2026-04-05 16:33:57'),
(526, 'default', 'updated', 'App\\Models\\InventoryBatch', 'updated', 35, NULL, NULL, '{\"attributes\":{\"reserved_quantity\":\"0.00\",\"issued_quantity\":\"0.00\",\"returned_quantity\":\"0.00\",\"damaged_quantity\":\"0.00\",\"quarantined_quantity\":\"0.00\",\"expired_quantity\":\"0.00\",\"status\":\"active\"},\"old\":{\"reserved_quantity\":null,\"issued_quantity\":null,\"returned_quantity\":null,\"damaged_quantity\":null,\"quarantined_quantity\":null,\"expired_quantity\":null,\"status\":\"exhausted\"}}', NULL, '2026-04-05 16:33:57', '2026-04-05 16:33:57'),
(527, 'default', 'updated', 'App\\Models\\InventoryItem', 'updated', 27, NULL, NULL, '{\"attributes\":{\"current_quantity\":\"35.00\"},\"old\":{\"current_quantity\":\"0.00\"}}', NULL, '2026-04-05 16:33:57', '2026-04-05 16:33:57'),
(528, 'default', 'created', 'App\\Models\\StockReceiptItem', 'created', 35, NULL, NULL, '{\"attributes\":{\"stock_receipt_id\":5,\"inventory_item_id\":27,\"inventory_batch_id\":35,\"batch_number\":\"SILVERSU-A\",\"manufacture_date\":\"2026-02-05T00:00:00.000000Z\",\"expiry_date\":\"2026-10-05T00:00:00.000000Z\",\"quantity\":\"35.00\",\"unit_cost\":\"850.00\",\"line_total\":\"29750.00\",\"storage_zone\":\"Cold Chain Shelf P1\",\"remarks\":\"Seeded for realistic burn center stock control.\"}}', NULL, '2026-04-05 16:33:57', '2026-04-05 16:33:57'),
(529, 'default', 'created', 'App\\Models\\InventoryTransaction', 'created', 35, NULL, NULL, '{\"attributes\":{\"inventory_item_id\":27,\"inventory_batch_id\":35,\"transaction_type\":\"received\",\"quantity\":\"35.00\",\"unit_of_measure\":\"jar\",\"before_quantity\":\"0.00\",\"after_quantity\":\"35.00\",\"before_batch_quantity\":\"0.00\",\"after_batch_quantity\":\"35.00\",\"from_location_id\":null,\"to_location_id\":8,\"from_department_id\":null,\"to_department_id\":6,\"issued_to_user_id\":null,\"received_from_user_id\":null,\"reference_type\":\"App\\\\Models\\\\StockReceipt\",\"reference_id\":5,\"reference_number\":\"RCV-20260308-0005\",\"transaction_datetime\":\"2026-03-08T00:00:00.000000Z\",\"remarks\":\"Seeded for realistic burn center stock control.\",\"performed_by\":4}}', NULL, '2026-04-05 16:33:57', '2026-04-05 16:33:57'),
(530, 'inventory', 'Stock received', 'App\\Models\\InventoryItem', 'stock-received', 27, 'App\\Models\\User', 4, '{\"receipt_id\":5,\"receipt_item_id\":35,\"batch_id\":35,\"quantity\":35}', NULL, '2026-04-05 16:33:57', '2026-04-05 16:33:57'),
(531, 'default', 'created', 'App\\Models\\InventoryBatch', 'created', 36, NULL, NULL, '{\"attributes\":{\"inventory_item_id\":28,\"batch_number\":\"MAFENIDE-A\",\"lot_number\":null,\"manufacture_date\":\"2026-02-05T00:00:00.000000Z\",\"expiry_date\":\"2026-10-05T00:00:00.000000Z\",\"unit_cost\":\"850.00\",\"received_quantity\":\"0.00\",\"available_quantity\":\"0.00\",\"reserved_quantity\":\"0.00\",\"issued_quantity\":\"0.00\",\"returned_quantity\":\"0.00\",\"damaged_quantity\":\"0.00\",\"quarantined_quantity\":\"0.00\",\"expired_quantity\":\"0.00\",\"status\":\"active\",\"supplier_id\":1,\"received_at\":\"2026-03-08T00:00:00.000000Z\",\"store_location_id\":8,\"storage_zone\":\"Cold Chain Shelf P1\",\"notes\":\"Seeded for realistic burn center stock control.\",\"created_by\":4,\"updated_by\":4}}', NULL, '2026-04-05 16:33:57', '2026-04-05 16:33:57'),
(532, 'default', 'updated', 'App\\Models\\InventoryBatch', 'updated', 36, NULL, NULL, '{\"attributes\":{\"received_quantity\":\"0.00\",\"available_quantity\":\"0.00\",\"reserved_quantity\":\"0.00\",\"issued_quantity\":\"0.00\",\"returned_quantity\":\"0.00\",\"damaged_quantity\":\"0.00\",\"quarantined_quantity\":\"0.00\",\"expired_quantity\":\"0.00\",\"status\":\"exhausted\"},\"old\":{\"received_quantity\":null,\"available_quantity\":null,\"reserved_quantity\":null,\"issued_quantity\":null,\"returned_quantity\":null,\"damaged_quantity\":null,\"quarantined_quantity\":null,\"expired_quantity\":null,\"status\":null}}', NULL, '2026-04-05 16:33:57', '2026-04-05 16:33:57'),
(533, 'default', 'updated', 'App\\Models\\InventoryBatch', 'updated', 36, NULL, NULL, '{\"attributes\":{\"received_quantity\":\"35.00\",\"available_quantity\":\"35.00\",\"reserved_quantity\":\"0.00\",\"issued_quantity\":\"0.00\",\"returned_quantity\":\"0.00\",\"damaged_quantity\":\"0.00\",\"quarantined_quantity\":\"0.00\",\"expired_quantity\":\"0.00\"},\"old\":{\"received_quantity\":null,\"available_quantity\":null,\"reserved_quantity\":null,\"issued_quantity\":null,\"returned_quantity\":null,\"damaged_quantity\":null,\"quarantined_quantity\":null,\"expired_quantity\":null}}', NULL, '2026-04-05 16:33:57', '2026-04-05 16:33:57'),
(534, 'default', 'updated', 'App\\Models\\InventoryBatch', 'updated', 36, NULL, NULL, '{\"attributes\":{\"reserved_quantity\":\"0.00\",\"issued_quantity\":\"0.00\",\"returned_quantity\":\"0.00\",\"damaged_quantity\":\"0.00\",\"quarantined_quantity\":\"0.00\",\"expired_quantity\":\"0.00\",\"status\":\"active\"},\"old\":{\"reserved_quantity\":null,\"issued_quantity\":null,\"returned_quantity\":null,\"damaged_quantity\":null,\"quarantined_quantity\":null,\"expired_quantity\":null,\"status\":\"exhausted\"}}', NULL, '2026-04-05 16:33:57', '2026-04-05 16:33:57'),
(535, 'default', 'updated', 'App\\Models\\InventoryItem', 'updated', 28, NULL, NULL, '{\"attributes\":{\"current_quantity\":\"35.00\"},\"old\":{\"current_quantity\":\"0.00\"}}', NULL, '2026-04-05 16:33:58', '2026-04-05 16:33:58'),
(536, 'default', 'created', 'App\\Models\\StockReceiptItem', 'created', 36, NULL, NULL, '{\"attributes\":{\"stock_receipt_id\":5,\"inventory_item_id\":28,\"inventory_batch_id\":36,\"batch_number\":\"MAFENIDE-A\",\"manufacture_date\":\"2026-02-05T00:00:00.000000Z\",\"expiry_date\":\"2026-10-05T00:00:00.000000Z\",\"quantity\":\"35.00\",\"unit_cost\":\"850.00\",\"line_total\":\"29750.00\",\"storage_zone\":\"Cold Chain Shelf P1\",\"remarks\":\"Seeded for realistic burn center stock control.\"}}', NULL, '2026-04-05 16:33:58', '2026-04-05 16:33:58'),
(537, 'default', 'created', 'App\\Models\\InventoryTransaction', 'created', 36, NULL, NULL, '{\"attributes\":{\"inventory_item_id\":28,\"inventory_batch_id\":36,\"transaction_type\":\"received\",\"quantity\":\"35.00\",\"unit_of_measure\":\"tube\",\"before_quantity\":\"0.00\",\"after_quantity\":\"35.00\",\"before_batch_quantity\":\"0.00\",\"after_batch_quantity\":\"35.00\",\"from_location_id\":null,\"to_location_id\":8,\"from_department_id\":null,\"to_department_id\":6,\"issued_to_user_id\":null,\"received_from_user_id\":null,\"reference_type\":\"App\\\\Models\\\\StockReceipt\",\"reference_id\":5,\"reference_number\":\"RCV-20260308-0005\",\"transaction_datetime\":\"2026-03-08T00:00:00.000000Z\",\"remarks\":\"Seeded for realistic burn center stock control.\",\"performed_by\":4}}', NULL, '2026-04-05 16:33:58', '2026-04-05 16:33:58'),
(538, 'inventory', 'Stock received', 'App\\Models\\InventoryItem', 'stock-received', 28, 'App\\Models\\User', 4, '{\"receipt_id\":5,\"receipt_item_id\":36,\"batch_id\":36,\"quantity\":35}', NULL, '2026-04-05 16:33:58', '2026-04-05 16:33:58'),
(539, 'default', 'created', 'App\\Models\\InventoryBatch', 'created', 37, NULL, NULL, '{\"attributes\":{\"inventory_item_id\":29,\"batch_number\":\"POVIDONE-A\",\"lot_number\":null,\"manufacture_date\":\"2026-02-05T00:00:00.000000Z\",\"expiry_date\":\"2026-10-05T00:00:00.000000Z\",\"unit_cost\":\"240.00\",\"received_quantity\":\"0.00\",\"available_quantity\":\"0.00\",\"reserved_quantity\":\"0.00\",\"issued_quantity\":\"0.00\",\"returned_quantity\":\"0.00\",\"damaged_quantity\":\"0.00\",\"quarantined_quantity\":\"0.00\",\"expired_quantity\":\"0.00\",\"status\":\"active\",\"supplier_id\":1,\"received_at\":\"2026-03-08T00:00:00.000000Z\",\"store_location_id\":8,\"storage_zone\":\"Cold Chain Shelf P1\",\"notes\":\"Seeded for realistic burn center stock control.\",\"created_by\":4,\"updated_by\":4}}', NULL, '2026-04-05 16:33:58', '2026-04-05 16:33:58'),
(540, 'default', 'updated', 'App\\Models\\InventoryBatch', 'updated', 37, NULL, NULL, '{\"attributes\":{\"received_quantity\":\"0.00\",\"available_quantity\":\"0.00\",\"reserved_quantity\":\"0.00\",\"issued_quantity\":\"0.00\",\"returned_quantity\":\"0.00\",\"damaged_quantity\":\"0.00\",\"quarantined_quantity\":\"0.00\",\"expired_quantity\":\"0.00\",\"status\":\"exhausted\"},\"old\":{\"received_quantity\":null,\"available_quantity\":null,\"reserved_quantity\":null,\"issued_quantity\":null,\"returned_quantity\":null,\"damaged_quantity\":null,\"quarantined_quantity\":null,\"expired_quantity\":null,\"status\":null}}', NULL, '2026-04-05 16:33:58', '2026-04-05 16:33:58'),
(541, 'default', 'updated', 'App\\Models\\InventoryBatch', 'updated', 37, NULL, NULL, '{\"attributes\":{\"received_quantity\":\"120.00\",\"available_quantity\":\"120.00\",\"reserved_quantity\":\"0.00\",\"issued_quantity\":\"0.00\",\"returned_quantity\":\"0.00\",\"damaged_quantity\":\"0.00\",\"quarantined_quantity\":\"0.00\",\"expired_quantity\":\"0.00\"},\"old\":{\"received_quantity\":null,\"available_quantity\":null,\"reserved_quantity\":null,\"issued_quantity\":null,\"returned_quantity\":null,\"damaged_quantity\":null,\"quarantined_quantity\":null,\"expired_quantity\":null}}', NULL, '2026-04-05 16:33:58', '2026-04-05 16:33:58'),
(542, 'default', 'updated', 'App\\Models\\InventoryBatch', 'updated', 37, NULL, NULL, '{\"attributes\":{\"reserved_quantity\":\"0.00\",\"issued_quantity\":\"0.00\",\"returned_quantity\":\"0.00\",\"damaged_quantity\":\"0.00\",\"quarantined_quantity\":\"0.00\",\"expired_quantity\":\"0.00\",\"status\":\"active\"},\"old\":{\"reserved_quantity\":null,\"issued_quantity\":null,\"returned_quantity\":null,\"damaged_quantity\":null,\"quarantined_quantity\":null,\"expired_quantity\":null,\"status\":\"exhausted\"}}', NULL, '2026-04-05 16:33:58', '2026-04-05 16:33:58'),
(543, 'default', 'updated', 'App\\Models\\InventoryItem', 'updated', 29, NULL, NULL, '{\"attributes\":{\"current_quantity\":\"120.00\"},\"old\":{\"current_quantity\":\"0.00\"}}', NULL, '2026-04-05 16:33:58', '2026-04-05 16:33:58'),
(544, 'default', 'created', 'App\\Models\\StockReceiptItem', 'created', 37, NULL, NULL, '{\"attributes\":{\"stock_receipt_id\":5,\"inventory_item_id\":29,\"inventory_batch_id\":37,\"batch_number\":\"POVIDONE-A\",\"manufacture_date\":\"2026-02-05T00:00:00.000000Z\",\"expiry_date\":\"2026-10-05T00:00:00.000000Z\",\"quantity\":\"120.00\",\"unit_cost\":\"240.00\",\"line_total\":\"28800.00\",\"storage_zone\":\"Cold Chain Shelf P1\",\"remarks\":\"Seeded for realistic burn center stock control.\"}}', NULL, '2026-04-05 16:33:58', '2026-04-05 16:33:58'),
(545, 'default', 'created', 'App\\Models\\InventoryTransaction', 'created', 37, NULL, NULL, '{\"attributes\":{\"inventory_item_id\":29,\"inventory_batch_id\":37,\"transaction_type\":\"received\",\"quantity\":\"120.00\",\"unit_of_measure\":\"bottle\",\"before_quantity\":\"0.00\",\"after_quantity\":\"120.00\",\"before_batch_quantity\":\"0.00\",\"after_batch_quantity\":\"120.00\",\"from_location_id\":null,\"to_location_id\":8,\"from_department_id\":null,\"to_department_id\":6,\"issued_to_user_id\":null,\"received_from_user_id\":null,\"reference_type\":\"App\\\\Models\\\\StockReceipt\",\"reference_id\":5,\"reference_number\":\"RCV-20260308-0005\",\"transaction_datetime\":\"2026-03-08T00:00:00.000000Z\",\"remarks\":\"Seeded for realistic burn center stock control.\",\"performed_by\":4}}', NULL, '2026-04-05 16:33:58', '2026-04-05 16:33:58'),
(546, 'inventory', 'Stock received', 'App\\Models\\InventoryItem', 'stock-received', 29, 'App\\Models\\User', 4, '{\"receipt_id\":5,\"receipt_item_id\":37,\"batch_id\":37,\"quantity\":120}', NULL, '2026-04-05 16:33:58', '2026-04-05 16:33:58'),
(547, 'default', 'created', 'App\\Models\\InventoryBatch', 'created', 38, NULL, NULL, '{\"attributes\":{\"inventory_item_id\":30,\"batch_number\":\"CHLORHEX-A\",\"lot_number\":null,\"manufacture_date\":\"2026-02-05T00:00:00.000000Z\",\"expiry_date\":\"2026-10-05T00:00:00.000000Z\",\"unit_cost\":\"850.00\",\"received_quantity\":\"0.00\",\"available_quantity\":\"0.00\",\"reserved_quantity\":\"0.00\",\"issued_quantity\":\"0.00\",\"returned_quantity\":\"0.00\",\"damaged_quantity\":\"0.00\",\"quarantined_quantity\":\"0.00\",\"expired_quantity\":\"0.00\",\"status\":\"active\",\"supplier_id\":1,\"received_at\":\"2026-03-08T00:00:00.000000Z\",\"store_location_id\":8,\"storage_zone\":\"Cold Chain Shelf P1\",\"notes\":\"Seeded for realistic burn center stock control.\",\"created_by\":4,\"updated_by\":4}}', NULL, '2026-04-05 16:33:58', '2026-04-05 16:33:58'),
(548, 'default', 'updated', 'App\\Models\\InventoryBatch', 'updated', 38, NULL, NULL, '{\"attributes\":{\"received_quantity\":\"0.00\",\"available_quantity\":\"0.00\",\"reserved_quantity\":\"0.00\",\"issued_quantity\":\"0.00\",\"returned_quantity\":\"0.00\",\"damaged_quantity\":\"0.00\",\"quarantined_quantity\":\"0.00\",\"expired_quantity\":\"0.00\",\"status\":\"exhausted\"},\"old\":{\"received_quantity\":null,\"available_quantity\":null,\"reserved_quantity\":null,\"issued_quantity\":null,\"returned_quantity\":null,\"damaged_quantity\":null,\"quarantined_quantity\":null,\"expired_quantity\":null,\"status\":null}}', NULL, '2026-04-05 16:33:58', '2026-04-05 16:33:58'),
(549, 'default', 'updated', 'App\\Models\\InventoryBatch', 'updated', 38, NULL, NULL, '{\"attributes\":{\"received_quantity\":\"35.00\",\"available_quantity\":\"35.00\",\"reserved_quantity\":\"0.00\",\"issued_quantity\":\"0.00\",\"returned_quantity\":\"0.00\",\"damaged_quantity\":\"0.00\",\"quarantined_quantity\":\"0.00\",\"expired_quantity\":\"0.00\"},\"old\":{\"received_quantity\":null,\"available_quantity\":null,\"reserved_quantity\":null,\"issued_quantity\":null,\"returned_quantity\":null,\"damaged_quantity\":null,\"quarantined_quantity\":null,\"expired_quantity\":null}}', NULL, '2026-04-05 16:33:58', '2026-04-05 16:33:58'),
(550, 'default', 'updated', 'App\\Models\\InventoryBatch', 'updated', 38, NULL, NULL, '{\"attributes\":{\"reserved_quantity\":\"0.00\",\"issued_quantity\":\"0.00\",\"returned_quantity\":\"0.00\",\"damaged_quantity\":\"0.00\",\"quarantined_quantity\":\"0.00\",\"expired_quantity\":\"0.00\",\"status\":\"active\"},\"old\":{\"reserved_quantity\":null,\"issued_quantity\":null,\"returned_quantity\":null,\"damaged_quantity\":null,\"quarantined_quantity\":null,\"expired_quantity\":null,\"status\":\"exhausted\"}}', NULL, '2026-04-05 16:33:58', '2026-04-05 16:33:58'),
(551, 'default', 'updated', 'App\\Models\\InventoryItem', 'updated', 30, NULL, NULL, '{\"attributes\":{\"current_quantity\":\"35.00\"},\"old\":{\"current_quantity\":\"0.00\"}}', NULL, '2026-04-05 16:33:58', '2026-04-05 16:33:58'),
(552, 'default', 'created', 'App\\Models\\StockReceiptItem', 'created', 38, NULL, NULL, '{\"attributes\":{\"stock_receipt_id\":5,\"inventory_item_id\":30,\"inventory_batch_id\":38,\"batch_number\":\"CHLORHEX-A\",\"manufacture_date\":\"2026-02-05T00:00:00.000000Z\",\"expiry_date\":\"2026-10-05T00:00:00.000000Z\",\"quantity\":\"35.00\",\"unit_cost\":\"850.00\",\"line_total\":\"29750.00\",\"storage_zone\":\"Cold Chain Shelf P1\",\"remarks\":\"Seeded for realistic burn center stock control.\"}}', NULL, '2026-04-05 16:33:58', '2026-04-05 16:33:58'),
(553, 'default', 'created', 'App\\Models\\InventoryTransaction', 'created', 38, NULL, NULL, '{\"attributes\":{\"inventory_item_id\":30,\"inventory_batch_id\":38,\"transaction_type\":\"received\",\"quantity\":\"35.00\",\"unit_of_measure\":\"bottle\",\"before_quantity\":\"0.00\",\"after_quantity\":\"35.00\",\"before_batch_quantity\":\"0.00\",\"after_batch_quantity\":\"35.00\",\"from_location_id\":null,\"to_location_id\":8,\"from_department_id\":null,\"to_department_id\":6,\"issued_to_user_id\":null,\"received_from_user_id\":null,\"reference_type\":\"App\\\\Models\\\\StockReceipt\",\"reference_id\":5,\"reference_number\":\"RCV-20260308-0005\",\"transaction_datetime\":\"2026-03-08T00:00:00.000000Z\",\"remarks\":\"Seeded for realistic burn center stock control.\",\"performed_by\":4}}', NULL, '2026-04-05 16:33:58', '2026-04-05 16:33:58'),
(554, 'inventory', 'Stock received', 'App\\Models\\InventoryItem', 'stock-received', 30, 'App\\Models\\User', 4, '{\"receipt_id\":5,\"receipt_item_id\":38,\"batch_id\":38,\"quantity\":35}', NULL, '2026-04-05 16:33:58', '2026-04-05 16:33:58'),
(555, 'default', 'created', 'App\\Models\\InventoryBatch', 'created', 39, NULL, NULL, '{\"attributes\":{\"inventory_item_id\":31,\"batch_number\":\"TOPICALL-A\",\"lot_number\":null,\"manufacture_date\":\"2026-02-05T00:00:00.000000Z\",\"expiry_date\":\"2026-10-05T00:00:00.000000Z\",\"unit_cost\":\"240.00\",\"received_quantity\":\"0.00\",\"available_quantity\":\"0.00\",\"reserved_quantity\":\"0.00\",\"issued_quantity\":\"0.00\",\"returned_quantity\":\"0.00\",\"damaged_quantity\":\"0.00\",\"quarantined_quantity\":\"0.00\",\"expired_quantity\":\"0.00\",\"status\":\"active\",\"supplier_id\":1,\"received_at\":\"2026-03-08T00:00:00.000000Z\",\"store_location_id\":8,\"storage_zone\":\"Cold Chain Shelf P1\",\"notes\":\"Seeded for realistic burn center stock control.\",\"created_by\":4,\"updated_by\":4}}', NULL, '2026-04-05 16:33:58', '2026-04-05 16:33:58'),
(556, 'default', 'updated', 'App\\Models\\InventoryBatch', 'updated', 39, NULL, NULL, '{\"attributes\":{\"received_quantity\":\"0.00\",\"available_quantity\":\"0.00\",\"reserved_quantity\":\"0.00\",\"issued_quantity\":\"0.00\",\"returned_quantity\":\"0.00\",\"damaged_quantity\":\"0.00\",\"quarantined_quantity\":\"0.00\",\"expired_quantity\":\"0.00\",\"status\":\"exhausted\"},\"old\":{\"received_quantity\":null,\"available_quantity\":null,\"reserved_quantity\":null,\"issued_quantity\":null,\"returned_quantity\":null,\"damaged_quantity\":null,\"quarantined_quantity\":null,\"expired_quantity\":null,\"status\":null}}', NULL, '2026-04-05 16:33:58', '2026-04-05 16:33:58'),
(557, 'default', 'updated', 'App\\Models\\InventoryBatch', 'updated', 39, NULL, NULL, '{\"attributes\":{\"received_quantity\":\"35.00\",\"available_quantity\":\"35.00\",\"reserved_quantity\":\"0.00\",\"issued_quantity\":\"0.00\",\"returned_quantity\":\"0.00\",\"damaged_quantity\":\"0.00\",\"quarantined_quantity\":\"0.00\",\"expired_quantity\":\"0.00\"},\"old\":{\"received_quantity\":null,\"available_quantity\":null,\"reserved_quantity\":null,\"issued_quantity\":null,\"returned_quantity\":null,\"damaged_quantity\":null,\"quarantined_quantity\":null,\"expired_quantity\":null}}', NULL, '2026-04-05 16:33:58', '2026-04-05 16:33:58'),
(558, 'default', 'updated', 'App\\Models\\InventoryBatch', 'updated', 39, NULL, NULL, '{\"attributes\":{\"reserved_quantity\":\"0.00\",\"issued_quantity\":\"0.00\",\"returned_quantity\":\"0.00\",\"damaged_quantity\":\"0.00\",\"quarantined_quantity\":\"0.00\",\"expired_quantity\":\"0.00\",\"status\":\"active\"},\"old\":{\"reserved_quantity\":null,\"issued_quantity\":null,\"returned_quantity\":null,\"damaged_quantity\":null,\"quarantined_quantity\":null,\"expired_quantity\":null,\"status\":\"exhausted\"}}', NULL, '2026-04-05 16:33:58', '2026-04-05 16:33:58'),
(559, 'default', 'updated', 'App\\Models\\InventoryItem', 'updated', 31, NULL, NULL, '{\"attributes\":{\"current_quantity\":\"35.00\"},\"old\":{\"current_quantity\":\"0.00\"}}', NULL, '2026-04-05 16:33:58', '2026-04-05 16:33:58'),
(560, 'default', 'created', 'App\\Models\\StockReceiptItem', 'created', 39, NULL, NULL, '{\"attributes\":{\"stock_receipt_id\":5,\"inventory_item_id\":31,\"inventory_batch_id\":39,\"batch_number\":\"TOPICALL-A\",\"manufacture_date\":\"2026-02-05T00:00:00.000000Z\",\"expiry_date\":\"2026-10-05T00:00:00.000000Z\",\"quantity\":\"35.00\",\"unit_cost\":\"240.00\",\"line_total\":\"8400.00\",\"storage_zone\":\"Cold Chain Shelf P1\",\"remarks\":\"Seeded for realistic burn center stock control.\"}}', NULL, '2026-04-05 16:33:58', '2026-04-05 16:33:58'),
(561, 'default', 'created', 'App\\Models\\InventoryTransaction', 'created', 39, NULL, NULL, '{\"attributes\":{\"inventory_item_id\":31,\"inventory_batch_id\":39,\"transaction_type\":\"received\",\"quantity\":\"35.00\",\"unit_of_measure\":\"tube\",\"before_quantity\":\"0.00\",\"after_quantity\":\"35.00\",\"before_batch_quantity\":\"0.00\",\"after_batch_quantity\":\"35.00\",\"from_location_id\":null,\"to_location_id\":8,\"from_department_id\":null,\"to_department_id\":6,\"issued_to_user_id\":null,\"received_from_user_id\":null,\"reference_type\":\"App\\\\Models\\\\StockReceipt\",\"reference_id\":5,\"reference_number\":\"RCV-20260308-0005\",\"transaction_datetime\":\"2026-03-08T00:00:00.000000Z\",\"remarks\":\"Seeded for realistic burn center stock control.\",\"performed_by\":4}}', NULL, '2026-04-05 16:33:58', '2026-04-05 16:33:58'),
(562, 'inventory', 'Stock received', 'App\\Models\\InventoryItem', 'stock-received', 31, 'App\\Models\\User', 4, '{\"receipt_id\":5,\"receipt_item_id\":39,\"batch_id\":39,\"quantity\":35}', NULL, '2026-04-05 16:33:58', '2026-04-05 16:33:58'),
(563, 'default', 'created', 'App\\Models\\InventoryBatch', 'created', 40, NULL, NULL, '{\"attributes\":{\"inventory_item_id\":32,\"batch_number\":\"PARACETA-A\",\"lot_number\":null,\"manufacture_date\":\"2026-02-05T00:00:00.000000Z\",\"expiry_date\":\"2026-10-05T00:00:00.000000Z\",\"unit_cost\":\"850.00\",\"received_quantity\":\"0.00\",\"available_quantity\":\"0.00\",\"reserved_quantity\":\"0.00\",\"issued_quantity\":\"0.00\",\"returned_quantity\":\"0.00\",\"damaged_quantity\":\"0.00\",\"quarantined_quantity\":\"0.00\",\"expired_quantity\":\"0.00\",\"status\":\"active\",\"supplier_id\":1,\"received_at\":\"2026-03-08T00:00:00.000000Z\",\"store_location_id\":8,\"storage_zone\":\"Cold Chain Shelf P1\",\"notes\":\"Seeded for realistic burn center stock control.\",\"created_by\":4,\"updated_by\":4}}', NULL, '2026-04-05 16:33:58', '2026-04-05 16:33:58'),
(564, 'default', 'updated', 'App\\Models\\InventoryBatch', 'updated', 40, NULL, NULL, '{\"attributes\":{\"received_quantity\":\"0.00\",\"available_quantity\":\"0.00\",\"reserved_quantity\":\"0.00\",\"issued_quantity\":\"0.00\",\"returned_quantity\":\"0.00\",\"damaged_quantity\":\"0.00\",\"quarantined_quantity\":\"0.00\",\"expired_quantity\":\"0.00\",\"status\":\"exhausted\"},\"old\":{\"received_quantity\":null,\"available_quantity\":null,\"reserved_quantity\":null,\"issued_quantity\":null,\"returned_quantity\":null,\"damaged_quantity\":null,\"quarantined_quantity\":null,\"expired_quantity\":null,\"status\":null}}', NULL, '2026-04-05 16:33:58', '2026-04-05 16:33:58'),
(565, 'default', 'updated', 'App\\Models\\InventoryBatch', 'updated', 40, NULL, NULL, '{\"attributes\":{\"received_quantity\":\"35.00\",\"available_quantity\":\"35.00\",\"reserved_quantity\":\"0.00\",\"issued_quantity\":\"0.00\",\"returned_quantity\":\"0.00\",\"damaged_quantity\":\"0.00\",\"quarantined_quantity\":\"0.00\",\"expired_quantity\":\"0.00\"},\"old\":{\"received_quantity\":null,\"available_quantity\":null,\"reserved_quantity\":null,\"issued_quantity\":null,\"returned_quantity\":null,\"damaged_quantity\":null,\"quarantined_quantity\":null,\"expired_quantity\":null}}', NULL, '2026-04-05 16:33:58', '2026-04-05 16:33:58'),
(566, 'default', 'updated', 'App\\Models\\InventoryBatch', 'updated', 40, NULL, NULL, '{\"attributes\":{\"reserved_quantity\":\"0.00\",\"issued_quantity\":\"0.00\",\"returned_quantity\":\"0.00\",\"damaged_quantity\":\"0.00\",\"quarantined_quantity\":\"0.00\",\"expired_quantity\":\"0.00\",\"status\":\"active\"},\"old\":{\"reserved_quantity\":null,\"issued_quantity\":null,\"returned_quantity\":null,\"damaged_quantity\":null,\"quarantined_quantity\":null,\"expired_quantity\":null,\"status\":\"exhausted\"}}', NULL, '2026-04-05 16:33:58', '2026-04-05 16:33:58'),
(567, 'default', 'updated', 'App\\Models\\InventoryItem', 'updated', 32, NULL, NULL, '{\"attributes\":{\"current_quantity\":\"35.00\"},\"old\":{\"current_quantity\":\"0.00\"}}', NULL, '2026-04-05 16:33:58', '2026-04-05 16:33:58'),
(568, 'default', 'created', 'App\\Models\\StockReceiptItem', 'created', 40, NULL, NULL, '{\"attributes\":{\"stock_receipt_id\":5,\"inventory_item_id\":32,\"inventory_batch_id\":40,\"batch_number\":\"PARACETA-A\",\"manufacture_date\":\"2026-02-05T00:00:00.000000Z\",\"expiry_date\":\"2026-10-05T00:00:00.000000Z\",\"quantity\":\"35.00\",\"unit_cost\":\"850.00\",\"line_total\":\"29750.00\",\"storage_zone\":\"Cold Chain Shelf P1\",\"remarks\":\"Seeded for realistic burn center stock control.\"}}', NULL, '2026-04-05 16:33:58', '2026-04-05 16:33:58'),
(569, 'default', 'created', 'App\\Models\\InventoryTransaction', 'created', 40, NULL, NULL, '{\"attributes\":{\"inventory_item_id\":32,\"inventory_batch_id\":40,\"transaction_type\":\"received\",\"quantity\":\"35.00\",\"unit_of_measure\":\"vial\",\"before_quantity\":\"0.00\",\"after_quantity\":\"35.00\",\"before_batch_quantity\":\"0.00\",\"after_batch_quantity\":\"35.00\",\"from_location_id\":null,\"to_location_id\":8,\"from_department_id\":null,\"to_department_id\":6,\"issued_to_user_id\":null,\"received_from_user_id\":null,\"reference_type\":\"App\\\\Models\\\\StockReceipt\",\"reference_id\":5,\"reference_number\":\"RCV-20260308-0005\",\"transaction_datetime\":\"2026-03-08T00:00:00.000000Z\",\"remarks\":\"Seeded for realistic burn center stock control.\",\"performed_by\":4}}', NULL, '2026-04-05 16:33:58', '2026-04-05 16:33:58'),
(570, 'inventory', 'Stock received', 'App\\Models\\InventoryItem', 'stock-received', 32, 'App\\Models\\User', 4, '{\"receipt_id\":5,\"receipt_item_id\":40,\"batch_id\":40,\"quantity\":35}', NULL, '2026-04-05 16:33:58', '2026-04-05 16:33:58'),
(571, 'default', 'created', 'App\\Models\\StockReceipt', 'created', 6, NULL, NULL, '{\"attributes\":{\"receipt_number\":\"RCV-20260308-0006\",\"supplier_id\":1,\"department_id\":4,\"store_location_id\":7,\"receipt_date\":\"2026-03-08T00:00:00.000000Z\",\"invoice_reference\":\"INV-SEED-85\",\"delivery_note_number\":\"DN-SEED-557\",\"received_by\":4,\"remarks\":\"Initial Phase 3 stock receipt seed.\",\"status\":\"posted\",\"created_by\":4,\"updated_by\":4}}', NULL, '2026-04-05 16:33:59', '2026-04-05 16:33:59'),
(572, 'default', 'created', 'App\\Models\\InventoryBatch', 'created', 41, NULL, NULL, '{\"attributes\":{\"inventory_item_id\":41,\"batch_number\":\"CRASHCAR-A\",\"lot_number\":null,\"manufacture_date\":\"2026-02-05T00:00:00.000000Z\",\"expiry_date\":\"2026-10-05T00:00:00.000000Z\",\"unit_cost\":\"980.00\",\"received_quantity\":\"0.00\",\"available_quantity\":\"0.00\",\"reserved_quantity\":\"0.00\",\"issued_quantity\":\"0.00\",\"returned_quantity\":\"0.00\",\"damaged_quantity\":\"0.00\",\"quarantined_quantity\":\"0.00\",\"expired_quantity\":\"0.00\",\"status\":\"active\",\"supplier_id\":1,\"received_at\":\"2026-03-08T00:00:00.000000Z\",\"store_location_id\":7,\"storage_zone\":\"Emergency Reserve Cage\",\"notes\":\"Seeded for realistic burn center stock control.\",\"created_by\":4,\"updated_by\":4}}', NULL, '2026-04-05 16:33:59', '2026-04-05 16:33:59'),
(573, 'default', 'updated', 'App\\Models\\InventoryBatch', 'updated', 41, NULL, NULL, '{\"attributes\":{\"received_quantity\":\"0.00\",\"available_quantity\":\"0.00\",\"reserved_quantity\":\"0.00\",\"issued_quantity\":\"0.00\",\"returned_quantity\":\"0.00\",\"damaged_quantity\":\"0.00\",\"quarantined_quantity\":\"0.00\",\"expired_quantity\":\"0.00\",\"status\":\"exhausted\"},\"old\":{\"received_quantity\":null,\"available_quantity\":null,\"reserved_quantity\":null,\"issued_quantity\":null,\"returned_quantity\":null,\"damaged_quantity\":null,\"quarantined_quantity\":null,\"expired_quantity\":null,\"status\":null}}', NULL, '2026-04-05 16:33:59', '2026-04-05 16:33:59'),
(574, 'default', 'updated', 'App\\Models\\InventoryBatch', 'updated', 41, NULL, NULL, '{\"attributes\":{\"received_quantity\":\"40.00\",\"available_quantity\":\"40.00\",\"reserved_quantity\":\"0.00\",\"issued_quantity\":\"0.00\",\"returned_quantity\":\"0.00\",\"damaged_quantity\":\"0.00\",\"quarantined_quantity\":\"0.00\",\"expired_quantity\":\"0.00\"},\"old\":{\"received_quantity\":null,\"available_quantity\":null,\"reserved_quantity\":null,\"issued_quantity\":null,\"returned_quantity\":null,\"damaged_quantity\":null,\"quarantined_quantity\":null,\"expired_quantity\":null}}', NULL, '2026-04-05 16:33:59', '2026-04-05 16:33:59'),
(575, 'default', 'updated', 'App\\Models\\InventoryBatch', 'updated', 41, NULL, NULL, '{\"attributes\":{\"reserved_quantity\":\"0.00\",\"issued_quantity\":\"0.00\",\"returned_quantity\":\"0.00\",\"damaged_quantity\":\"0.00\",\"quarantined_quantity\":\"0.00\",\"expired_quantity\":\"0.00\",\"status\":\"active\"},\"old\":{\"reserved_quantity\":null,\"issued_quantity\":null,\"returned_quantity\":null,\"damaged_quantity\":null,\"quarantined_quantity\":null,\"expired_quantity\":null,\"status\":\"exhausted\"}}', NULL, '2026-04-05 16:33:59', '2026-04-05 16:33:59'),
(576, 'default', 'updated', 'App\\Models\\InventoryItem', 'updated', 41, NULL, NULL, '{\"attributes\":{\"current_quantity\":\"40.00\"},\"old\":{\"current_quantity\":\"0.00\"}}', NULL, '2026-04-05 16:33:59', '2026-04-05 16:33:59'),
(577, 'default', 'created', 'App\\Models\\StockReceiptItem', 'created', 41, NULL, NULL, '{\"attributes\":{\"stock_receipt_id\":6,\"inventory_item_id\":41,\"inventory_batch_id\":41,\"batch_number\":\"CRASHCAR-A\",\"manufacture_date\":\"2026-02-05T00:00:00.000000Z\",\"expiry_date\":\"2026-10-05T00:00:00.000000Z\",\"quantity\":\"40.00\",\"unit_cost\":\"980.00\",\"line_total\":\"39200.00\",\"storage_zone\":\"Emergency Reserve Cage\",\"remarks\":\"Seeded for realistic burn center stock control.\"}}', NULL, '2026-04-05 16:33:59', '2026-04-05 16:33:59'),
(578, 'default', 'created', 'App\\Models\\InventoryTransaction', 'created', 41, NULL, NULL, '{\"attributes\":{\"inventory_item_id\":41,\"inventory_batch_id\":41,\"transaction_type\":\"received\",\"quantity\":\"40.00\",\"unit_of_measure\":\"kit\",\"before_quantity\":\"0.00\",\"after_quantity\":\"40.00\",\"before_batch_quantity\":\"0.00\",\"after_batch_quantity\":\"40.00\",\"from_location_id\":null,\"to_location_id\":7,\"from_department_id\":null,\"to_department_id\":4,\"issued_to_user_id\":null,\"received_from_user_id\":null,\"reference_type\":\"App\\\\Models\\\\StockReceipt\",\"reference_id\":6,\"reference_number\":\"RCV-20260308-0006\",\"transaction_datetime\":\"2026-03-08T00:00:00.000000Z\",\"remarks\":\"Seeded for realistic burn center stock control.\",\"performed_by\":4}}', NULL, '2026-04-05 16:33:59', '2026-04-05 16:33:59'),
(579, 'inventory', 'Stock received', 'App\\Models\\InventoryItem', 'stock-received', 41, 'App\\Models\\User', 4, '{\"receipt_id\":6,\"receipt_item_id\":41,\"batch_id\":41,\"quantity\":40}', NULL, '2026-04-05 16:33:59', '2026-04-05 16:33:59'),
(580, 'default', 'created', 'App\\Models\\InventoryBatch', 'created', 42, NULL, NULL, '{\"attributes\":{\"inventory_item_id\":42,\"batch_number\":\"EMERGENC-A\",\"lot_number\":null,\"manufacture_date\":\"2026-02-05T00:00:00.000000Z\",\"expiry_date\":\"2026-10-05T00:00:00.000000Z\",\"unit_cost\":\"240.00\",\"received_quantity\":\"0.00\",\"available_quantity\":\"0.00\",\"reserved_quantity\":\"0.00\",\"issued_quantity\":\"0.00\",\"returned_quantity\":\"0.00\",\"damaged_quantity\":\"0.00\",\"quarantined_quantity\":\"0.00\",\"expired_quantity\":\"0.00\",\"status\":\"active\",\"supplier_id\":1,\"received_at\":\"2026-03-08T00:00:00.000000Z\",\"store_location_id\":7,\"storage_zone\":\"Emergency Reserve Cage\",\"notes\":\"Seeded for realistic burn center stock control.\",\"created_by\":4,\"updated_by\":4}}', NULL, '2026-04-05 16:33:59', '2026-04-05 16:33:59'),
(581, 'default', 'updated', 'App\\Models\\InventoryBatch', 'updated', 42, NULL, NULL, '{\"attributes\":{\"received_quantity\":\"0.00\",\"available_quantity\":\"0.00\",\"reserved_quantity\":\"0.00\",\"issued_quantity\":\"0.00\",\"returned_quantity\":\"0.00\",\"damaged_quantity\":\"0.00\",\"quarantined_quantity\":\"0.00\",\"expired_quantity\":\"0.00\",\"status\":\"exhausted\"},\"old\":{\"received_quantity\":null,\"available_quantity\":null,\"reserved_quantity\":null,\"issued_quantity\":null,\"returned_quantity\":null,\"damaged_quantity\":null,\"quarantined_quantity\":null,\"expired_quantity\":null,\"status\":null}}', NULL, '2026-04-05 16:33:59', '2026-04-05 16:33:59'),
(582, 'default', 'updated', 'App\\Models\\InventoryBatch', 'updated', 42, NULL, NULL, '{\"attributes\":{\"received_quantity\":\"40.00\",\"available_quantity\":\"40.00\",\"reserved_quantity\":\"0.00\",\"issued_quantity\":\"0.00\",\"returned_quantity\":\"0.00\",\"damaged_quantity\":\"0.00\",\"quarantined_quantity\":\"0.00\",\"expired_quantity\":\"0.00\"},\"old\":{\"received_quantity\":null,\"available_quantity\":null,\"reserved_quantity\":null,\"issued_quantity\":null,\"returned_quantity\":null,\"damaged_quantity\":null,\"quarantined_quantity\":null,\"expired_quantity\":null}}', NULL, '2026-04-05 16:33:59', '2026-04-05 16:33:59'),
(583, 'default', 'updated', 'App\\Models\\InventoryBatch', 'updated', 42, NULL, NULL, '{\"attributes\":{\"reserved_quantity\":\"0.00\",\"issued_quantity\":\"0.00\",\"returned_quantity\":\"0.00\",\"damaged_quantity\":\"0.00\",\"quarantined_quantity\":\"0.00\",\"expired_quantity\":\"0.00\",\"status\":\"active\"},\"old\":{\"reserved_quantity\":null,\"issued_quantity\":null,\"returned_quantity\":null,\"damaged_quantity\":null,\"quarantined_quantity\":null,\"expired_quantity\":null,\"status\":\"exhausted\"}}', NULL, '2026-04-05 16:33:59', '2026-04-05 16:33:59'),
(584, 'default', 'updated', 'App\\Models\\InventoryItem', 'updated', 42, NULL, NULL, '{\"attributes\":{\"current_quantity\":\"40.00\"},\"old\":{\"current_quantity\":\"0.00\"}}', NULL, '2026-04-05 16:33:59', '2026-04-05 16:33:59'),
(585, 'default', 'created', 'App\\Models\\StockReceiptItem', 'created', 42, NULL, NULL, '{\"attributes\":{\"stock_receipt_id\":6,\"inventory_item_id\":42,\"inventory_batch_id\":42,\"batch_number\":\"EMERGENC-A\",\"manufacture_date\":\"2026-02-05T00:00:00.000000Z\",\"expiry_date\":\"2026-10-05T00:00:00.000000Z\",\"quantity\":\"40.00\",\"unit_cost\":\"240.00\",\"line_total\":\"9600.00\",\"storage_zone\":\"Emergency Reserve Cage\",\"remarks\":\"Seeded for realistic burn center stock control.\"}}', NULL, '2026-04-05 16:34:00', '2026-04-05 16:34:00'),
(586, 'default', 'created', 'App\\Models\\InventoryTransaction', 'created', 42, NULL, NULL, '{\"attributes\":{\"inventory_item_id\":42,\"inventory_batch_id\":42,\"transaction_type\":\"received\",\"quantity\":\"40.00\",\"unit_of_measure\":\"pack\",\"before_quantity\":\"0.00\",\"after_quantity\":\"40.00\",\"before_batch_quantity\":\"0.00\",\"after_batch_quantity\":\"40.00\",\"from_location_id\":null,\"to_location_id\":7,\"from_department_id\":null,\"to_department_id\":4,\"issued_to_user_id\":null,\"received_from_user_id\":null,\"reference_type\":\"App\\\\Models\\\\StockReceipt\",\"reference_id\":6,\"reference_number\":\"RCV-20260308-0006\",\"transaction_datetime\":\"2026-03-08T00:00:00.000000Z\",\"remarks\":\"Seeded for realistic burn center stock control.\",\"performed_by\":4}}', NULL, '2026-04-05 16:34:00', '2026-04-05 16:34:00'),
(587, 'inventory', 'Stock received', 'App\\Models\\InventoryItem', 'stock-received', 42, 'App\\Models\\User', 4, '{\"receipt_id\":6,\"receipt_item_id\":42,\"batch_id\":42,\"quantity\":40}', NULL, '2026-04-05 16:34:00', '2026-04-05 16:34:00'),
(588, 'default', 'created', 'App\\Models\\InventoryBatch', 'created', 43, NULL, NULL, '{\"attributes\":{\"inventory_item_id\":43,\"batch_number\":\"RESUSCIT-A\",\"lot_number\":null,\"manufacture_date\":\"2026-02-05T00:00:00.000000Z\",\"expiry_date\":\"2026-10-05T00:00:00.000000Z\",\"unit_cost\":\"980.00\",\"received_quantity\":\"0.00\",\"available_quantity\":\"0.00\",\"reserved_quantity\":\"0.00\",\"issued_quantity\":\"0.00\",\"returned_quantity\":\"0.00\",\"damaged_quantity\":\"0.00\",\"quarantined_quantity\":\"0.00\",\"expired_quantity\":\"0.00\",\"status\":\"active\",\"supplier_id\":1,\"received_at\":\"2026-03-08T00:00:00.000000Z\",\"store_location_id\":7,\"storage_zone\":\"Emergency Reserve Cage\",\"notes\":\"Seeded for realistic burn center stock control.\",\"created_by\":4,\"updated_by\":4}}', NULL, '2026-04-05 16:34:00', '2026-04-05 16:34:00'),
(589, 'default', 'updated', 'App\\Models\\InventoryBatch', 'updated', 43, NULL, NULL, '{\"attributes\":{\"received_quantity\":\"0.00\",\"available_quantity\":\"0.00\",\"reserved_quantity\":\"0.00\",\"issued_quantity\":\"0.00\",\"returned_quantity\":\"0.00\",\"damaged_quantity\":\"0.00\",\"quarantined_quantity\":\"0.00\",\"expired_quantity\":\"0.00\",\"status\":\"exhausted\"},\"old\":{\"received_quantity\":null,\"available_quantity\":null,\"reserved_quantity\":null,\"issued_quantity\":null,\"returned_quantity\":null,\"damaged_quantity\":null,\"quarantined_quantity\":null,\"expired_quantity\":null,\"status\":null}}', NULL, '2026-04-05 16:34:00', '2026-04-05 16:34:00'),
(590, 'default', 'updated', 'App\\Models\\InventoryBatch', 'updated', 43, NULL, NULL, '{\"attributes\":{\"received_quantity\":\"140.00\",\"available_quantity\":\"140.00\",\"reserved_quantity\":\"0.00\",\"issued_quantity\":\"0.00\",\"returned_quantity\":\"0.00\",\"damaged_quantity\":\"0.00\",\"quarantined_quantity\":\"0.00\",\"expired_quantity\":\"0.00\"},\"old\":{\"received_quantity\":null,\"available_quantity\":null,\"reserved_quantity\":null,\"issued_quantity\":null,\"returned_quantity\":null,\"damaged_quantity\":null,\"quarantined_quantity\":null,\"expired_quantity\":null}}', NULL, '2026-04-05 16:34:00', '2026-04-05 16:34:00'),
(591, 'default', 'updated', 'App\\Models\\InventoryBatch', 'updated', 43, NULL, NULL, '{\"attributes\":{\"reserved_quantity\":\"0.00\",\"issued_quantity\":\"0.00\",\"returned_quantity\":\"0.00\",\"damaged_quantity\":\"0.00\",\"quarantined_quantity\":\"0.00\",\"expired_quantity\":\"0.00\",\"status\":\"active\"},\"old\":{\"reserved_quantity\":null,\"issued_quantity\":null,\"returned_quantity\":null,\"damaged_quantity\":null,\"quarantined_quantity\":null,\"expired_quantity\":null,\"status\":\"exhausted\"}}', NULL, '2026-04-05 16:34:00', '2026-04-05 16:34:00'),
(592, 'default', 'updated', 'App\\Models\\InventoryItem', 'updated', 43, NULL, NULL, '{\"attributes\":{\"current_quantity\":\"140.00\"},\"old\":{\"current_quantity\":\"0.00\"}}', NULL, '2026-04-05 16:34:00', '2026-04-05 16:34:00'),
(593, 'default', 'created', 'App\\Models\\StockReceiptItem', 'created', 43, NULL, NULL, '{\"attributes\":{\"stock_receipt_id\":6,\"inventory_item_id\":43,\"inventory_batch_id\":43,\"batch_number\":\"RESUSCIT-A\",\"manufacture_date\":\"2026-02-05T00:00:00.000000Z\",\"expiry_date\":\"2026-10-05T00:00:00.000000Z\",\"quantity\":\"140.00\",\"unit_cost\":\"980.00\",\"line_total\":\"137200.00\",\"storage_zone\":\"Emergency Reserve Cage\",\"remarks\":\"Seeded for realistic burn center stock control.\"}}', NULL, '2026-04-05 16:34:00', '2026-04-05 16:34:00'),
(594, 'default', 'created', 'App\\Models\\InventoryTransaction', 'created', 43, NULL, NULL, '{\"attributes\":{\"inventory_item_id\":43,\"inventory_batch_id\":43,\"transaction_type\":\"received\",\"quantity\":\"140.00\",\"unit_of_measure\":\"kit\",\"before_quantity\":\"0.00\",\"after_quantity\":\"140.00\",\"before_batch_quantity\":\"0.00\",\"after_batch_quantity\":\"140.00\",\"from_location_id\":null,\"to_location_id\":7,\"from_department_id\":null,\"to_department_id\":4,\"issued_to_user_id\":null,\"received_from_user_id\":null,\"reference_type\":\"App\\\\Models\\\\StockReceipt\",\"reference_id\":6,\"reference_number\":\"RCV-20260308-0006\",\"transaction_datetime\":\"2026-03-08T00:00:00.000000Z\",\"remarks\":\"Seeded for realistic burn center stock control.\",\"performed_by\":4}}', NULL, '2026-04-05 16:34:00', '2026-04-05 16:34:00'),
(595, 'inventory', 'Stock received', 'App\\Models\\InventoryItem', 'stock-received', 43, 'App\\Models\\User', 4, '{\"receipt_id\":6,\"receipt_item_id\":43,\"batch_id\":43,\"quantity\":140}', NULL, '2026-04-05 16:34:00', '2026-04-05 16:34:00'),
(596, 'default', 'created', 'App\\Models\\InventoryBatch', 'created', 44, NULL, NULL, '{\"attributes\":{\"inventory_item_id\":44,\"batch_number\":\"BURNTROL-A\",\"lot_number\":null,\"manufacture_date\":\"2026-02-05T00:00:00.000000Z\",\"expiry_date\":\"2026-10-05T00:00:00.000000Z\",\"unit_cost\":\"980.00\",\"received_quantity\":\"0.00\",\"available_quantity\":\"0.00\",\"reserved_quantity\":\"0.00\",\"issued_quantity\":\"0.00\",\"returned_quantity\":\"0.00\",\"damaged_quantity\":\"0.00\",\"quarantined_quantity\":\"0.00\",\"expired_quantity\":\"0.00\",\"status\":\"active\",\"supplier_id\":1,\"received_at\":\"2026-03-08T00:00:00.000000Z\",\"store_location_id\":7,\"storage_zone\":\"Emergency Reserve Cage\",\"notes\":\"Seeded for realistic burn center stock control.\",\"created_by\":4,\"updated_by\":4}}', NULL, '2026-04-05 16:34:00', '2026-04-05 16:34:00'),
(597, 'default', 'updated', 'App\\Models\\InventoryBatch', 'updated', 44, NULL, NULL, '{\"attributes\":{\"received_quantity\":\"0.00\",\"available_quantity\":\"0.00\",\"reserved_quantity\":\"0.00\",\"issued_quantity\":\"0.00\",\"returned_quantity\":\"0.00\",\"damaged_quantity\":\"0.00\",\"quarantined_quantity\":\"0.00\",\"expired_quantity\":\"0.00\",\"status\":\"exhausted\"},\"old\":{\"received_quantity\":null,\"available_quantity\":null,\"reserved_quantity\":null,\"issued_quantity\":null,\"returned_quantity\":null,\"damaged_quantity\":null,\"quarantined_quantity\":null,\"expired_quantity\":null,\"status\":null}}', NULL, '2026-04-05 16:34:00', '2026-04-05 16:34:00'),
(598, 'default', 'updated', 'App\\Models\\InventoryBatch', 'updated', 44, NULL, NULL, '{\"attributes\":{\"received_quantity\":\"40.00\",\"available_quantity\":\"40.00\",\"reserved_quantity\":\"0.00\",\"issued_quantity\":\"0.00\",\"returned_quantity\":\"0.00\",\"damaged_quantity\":\"0.00\",\"quarantined_quantity\":\"0.00\",\"expired_quantity\":\"0.00\"},\"old\":{\"received_quantity\":null,\"available_quantity\":null,\"reserved_quantity\":null,\"issued_quantity\":null,\"returned_quantity\":null,\"damaged_quantity\":null,\"quarantined_quantity\":null,\"expired_quantity\":null}}', NULL, '2026-04-05 16:34:00', '2026-04-05 16:34:00'),
(599, 'default', 'updated', 'App\\Models\\InventoryBatch', 'updated', 44, NULL, NULL, '{\"attributes\":{\"reserved_quantity\":\"0.00\",\"issued_quantity\":\"0.00\",\"returned_quantity\":\"0.00\",\"damaged_quantity\":\"0.00\",\"quarantined_quantity\":\"0.00\",\"expired_quantity\":\"0.00\",\"status\":\"active\"},\"old\":{\"reserved_quantity\":null,\"issued_quantity\":null,\"returned_quantity\":null,\"damaged_quantity\":null,\"quarantined_quantity\":null,\"expired_quantity\":null,\"status\":\"exhausted\"}}', NULL, '2026-04-05 16:34:00', '2026-04-05 16:34:00'),
(600, 'default', 'updated', 'App\\Models\\InventoryItem', 'updated', 44, NULL, NULL, '{\"attributes\":{\"current_quantity\":\"40.00\"},\"old\":{\"current_quantity\":\"0.00\"}}', NULL, '2026-04-05 16:34:00', '2026-04-05 16:34:00');
INSERT INTO `activity_log` (`id`, `log_name`, `description`, `subject_type`, `event`, `subject_id`, `causer_type`, `causer_id`, `properties`, `batch_uuid`, `created_at`, `updated_at`) VALUES
(601, 'default', 'created', 'App\\Models\\StockReceiptItem', 'created', 44, NULL, NULL, '{\"attributes\":{\"stock_receipt_id\":6,\"inventory_item_id\":44,\"inventory_batch_id\":44,\"batch_number\":\"BURNTROL-A\",\"manufacture_date\":\"2026-02-05T00:00:00.000000Z\",\"expiry_date\":\"2026-10-05T00:00:00.000000Z\",\"quantity\":\"40.00\",\"unit_cost\":\"980.00\",\"line_total\":\"39200.00\",\"storage_zone\":\"Emergency Reserve Cage\",\"remarks\":\"Seeded for realistic burn center stock control.\"}}', NULL, '2026-04-05 16:34:00', '2026-04-05 16:34:00'),
(602, 'default', 'created', 'App\\Models\\InventoryTransaction', 'created', 44, NULL, NULL, '{\"attributes\":{\"inventory_item_id\":44,\"inventory_batch_id\":44,\"transaction_type\":\"received\",\"quantity\":\"40.00\",\"unit_of_measure\":\"set\",\"before_quantity\":\"0.00\",\"after_quantity\":\"40.00\",\"before_batch_quantity\":\"0.00\",\"after_batch_quantity\":\"40.00\",\"from_location_id\":null,\"to_location_id\":7,\"from_department_id\":null,\"to_department_id\":4,\"issued_to_user_id\":null,\"received_from_user_id\":null,\"reference_type\":\"App\\\\Models\\\\StockReceipt\",\"reference_id\":6,\"reference_number\":\"RCV-20260308-0006\",\"transaction_datetime\":\"2026-03-08T00:00:00.000000Z\",\"remarks\":\"Seeded for realistic burn center stock control.\",\"performed_by\":4}}', NULL, '2026-04-05 16:34:00', '2026-04-05 16:34:00'),
(603, 'inventory', 'Stock received', 'App\\Models\\InventoryItem', 'stock-received', 44, 'App\\Models\\User', 4, '{\"receipt_id\":6,\"receipt_item_id\":44,\"batch_id\":44,\"quantity\":40}', NULL, '2026-04-05 16:34:00', '2026-04-05 16:34:00'),
(604, 'default', 'created', 'App\\Models\\StockReceipt', 'created', 7, NULL, NULL, '{\"attributes\":{\"receipt_number\":\"RCV-20260322-0001\",\"supplier_id\":1,\"department_id\":4,\"store_location_id\":5,\"receipt_date\":\"2026-03-22T00:00:00.000000Z\",\"invoice_reference\":\"HBMS-APR-2026\",\"delivery_note_number\":\"HBMS-DN-221\",\"received_by\":4,\"remarks\":\"Near-expiry reinforcement stock for FEFO testing.\",\"status\":\"posted\",\"created_by\":4,\"updated_by\":4}}', NULL, '2026-04-05 16:34:01', '2026-04-05 16:34:01'),
(605, 'default', 'created', 'App\\Models\\InventoryBatch', 'created', 45, NULL, NULL, '{\"attributes\":{\"inventory_item_id\":2,\"batch_number\":\"AFD-NEAR-01\",\"lot_number\":null,\"manufacture_date\":\"2026-01-05T00:00:00.000000Z\",\"expiry_date\":\"2026-04-28T00:00:00.000000Z\",\"unit_cost\":\"725.00\",\"received_quantity\":\"0.00\",\"available_quantity\":\"0.00\",\"reserved_quantity\":\"0.00\",\"issued_quantity\":\"0.00\",\"returned_quantity\":\"0.00\",\"damaged_quantity\":\"0.00\",\"quarantined_quantity\":\"0.00\",\"expired_quantity\":\"0.00\",\"status\":\"active\",\"supplier_id\":1,\"received_at\":\"2026-03-22T00:00:00.000000Z\",\"store_location_id\":5,\"storage_zone\":\"Sterile Rack A1\",\"notes\":\"Seeded for realistic burn center stock control.\",\"created_by\":4,\"updated_by\":4}}', NULL, '2026-04-05 16:34:01', '2026-04-05 16:34:01'),
(606, 'default', 'updated', 'App\\Models\\InventoryBatch', 'updated', 45, NULL, NULL, '{\"attributes\":{\"received_quantity\":\"0.00\",\"available_quantity\":\"0.00\",\"reserved_quantity\":\"0.00\",\"issued_quantity\":\"0.00\",\"returned_quantity\":\"0.00\",\"damaged_quantity\":\"0.00\",\"quarantined_quantity\":\"0.00\",\"expired_quantity\":\"0.00\",\"status\":\"exhausted\"},\"old\":{\"received_quantity\":null,\"available_quantity\":null,\"reserved_quantity\":null,\"issued_quantity\":null,\"returned_quantity\":null,\"damaged_quantity\":null,\"quarantined_quantity\":null,\"expired_quantity\":null,\"status\":null}}', NULL, '2026-04-05 16:34:01', '2026-04-05 16:34:01'),
(607, 'default', 'updated', 'App\\Models\\InventoryBatch', 'updated', 45, NULL, NULL, '{\"attributes\":{\"received_quantity\":\"18.00\",\"available_quantity\":\"18.00\",\"reserved_quantity\":\"0.00\",\"issued_quantity\":\"0.00\",\"returned_quantity\":\"0.00\",\"damaged_quantity\":\"0.00\",\"quarantined_quantity\":\"0.00\",\"expired_quantity\":\"0.00\"},\"old\":{\"received_quantity\":null,\"available_quantity\":null,\"reserved_quantity\":null,\"issued_quantity\":null,\"returned_quantity\":null,\"damaged_quantity\":null,\"quarantined_quantity\":null,\"expired_quantity\":null}}', NULL, '2026-04-05 16:34:01', '2026-04-05 16:34:01'),
(608, 'default', 'updated', 'App\\Models\\InventoryBatch', 'updated', 45, NULL, NULL, '{\"attributes\":{\"reserved_quantity\":\"0.00\",\"issued_quantity\":\"0.00\",\"returned_quantity\":\"0.00\",\"damaged_quantity\":\"0.00\",\"quarantined_quantity\":\"0.00\",\"expired_quantity\":\"0.00\",\"status\":\"active\"},\"old\":{\"reserved_quantity\":null,\"issued_quantity\":null,\"returned_quantity\":null,\"damaged_quantity\":null,\"quarantined_quantity\":null,\"expired_quantity\":null,\"status\":\"exhausted\"}}', NULL, '2026-04-05 16:34:01', '2026-04-05 16:34:01'),
(609, 'default', 'updated', 'App\\Models\\InventoryItem', 'updated', 2, NULL, NULL, '{\"attributes\":{\"current_quantity\":\"53.00\"},\"old\":{\"current_quantity\":\"35.00\"}}', NULL, '2026-04-05 16:34:01', '2026-04-05 16:34:01'),
(610, 'default', 'created', 'App\\Models\\StockReceiptItem', 'created', 45, NULL, NULL, '{\"attributes\":{\"stock_receipt_id\":7,\"inventory_item_id\":2,\"inventory_batch_id\":45,\"batch_number\":\"AFD-NEAR-01\",\"manufacture_date\":\"2026-01-05T00:00:00.000000Z\",\"expiry_date\":\"2026-04-28T00:00:00.000000Z\",\"quantity\":\"18.00\",\"unit_cost\":\"725.00\",\"line_total\":\"13050.00\",\"storage_zone\":\"Sterile Rack A1\",\"remarks\":\"Seeded for realistic burn center stock control.\"}}', NULL, '2026-04-05 16:34:01', '2026-04-05 16:34:01'),
(611, 'default', 'created', 'App\\Models\\InventoryTransaction', 'created', 45, NULL, NULL, '{\"attributes\":{\"inventory_item_id\":2,\"inventory_batch_id\":45,\"transaction_type\":\"received\",\"quantity\":\"18.00\",\"unit_of_measure\":\"pack\",\"before_quantity\":\"35.00\",\"after_quantity\":\"53.00\",\"before_batch_quantity\":\"0.00\",\"after_batch_quantity\":\"18.00\",\"from_location_id\":null,\"to_location_id\":5,\"from_department_id\":null,\"to_department_id\":4,\"issued_to_user_id\":null,\"received_from_user_id\":null,\"reference_type\":\"App\\\\Models\\\\StockReceipt\",\"reference_id\":7,\"reference_number\":\"RCV-20260322-0001\",\"transaction_datetime\":\"2026-03-22T00:00:00.000000Z\",\"remarks\":\"Seeded for realistic burn center stock control.\",\"performed_by\":4}}', NULL, '2026-04-05 16:34:01', '2026-04-05 16:34:01'),
(612, 'inventory', 'Stock received', 'App\\Models\\InventoryItem', 'stock-received', 2, 'App\\Models\\User', 4, '{\"receipt_id\":7,\"receipt_item_id\":45,\"batch_id\":45,\"quantity\":18}', NULL, '2026-04-05 16:34:01', '2026-04-05 16:34:01'),
(613, 'default', 'created', 'App\\Models\\InventoryBatch', 'created', 46, NULL, NULL, '{\"attributes\":{\"inventory_item_id\":3,\"batch_number\":\"HYG-NEAR-01\",\"lot_number\":null,\"manufacture_date\":\"2025-12-05T00:00:00.000000Z\",\"expiry_date\":\"2026-04-21T00:00:00.000000Z\",\"unit_cost\":\"680.00\",\"received_quantity\":\"0.00\",\"available_quantity\":\"0.00\",\"reserved_quantity\":\"0.00\",\"issued_quantity\":\"0.00\",\"returned_quantity\":\"0.00\",\"damaged_quantity\":\"0.00\",\"quarantined_quantity\":\"0.00\",\"expired_quantity\":\"0.00\",\"status\":\"active\",\"supplier_id\":1,\"received_at\":\"2026-03-22T00:00:00.000000Z\",\"store_location_id\":5,\"storage_zone\":\"Sterile Rack A1\",\"notes\":\"Seeded for realistic burn center stock control.\",\"created_by\":4,\"updated_by\":4}}', NULL, '2026-04-05 16:34:01', '2026-04-05 16:34:01'),
(614, 'default', 'updated', 'App\\Models\\InventoryBatch', 'updated', 46, NULL, NULL, '{\"attributes\":{\"received_quantity\":\"0.00\",\"available_quantity\":\"0.00\",\"reserved_quantity\":\"0.00\",\"issued_quantity\":\"0.00\",\"returned_quantity\":\"0.00\",\"damaged_quantity\":\"0.00\",\"quarantined_quantity\":\"0.00\",\"expired_quantity\":\"0.00\",\"status\":\"exhausted\"},\"old\":{\"received_quantity\":null,\"available_quantity\":null,\"reserved_quantity\":null,\"issued_quantity\":null,\"returned_quantity\":null,\"damaged_quantity\":null,\"quarantined_quantity\":null,\"expired_quantity\":null,\"status\":null}}', NULL, '2026-04-05 16:34:01', '2026-04-05 16:34:01'),
(615, 'default', 'updated', 'App\\Models\\InventoryBatch', 'updated', 46, NULL, NULL, '{\"attributes\":{\"received_quantity\":\"14.00\",\"available_quantity\":\"14.00\",\"reserved_quantity\":\"0.00\",\"issued_quantity\":\"0.00\",\"returned_quantity\":\"0.00\",\"damaged_quantity\":\"0.00\",\"quarantined_quantity\":\"0.00\",\"expired_quantity\":\"0.00\"},\"old\":{\"received_quantity\":null,\"available_quantity\":null,\"reserved_quantity\":null,\"issued_quantity\":null,\"returned_quantity\":null,\"damaged_quantity\":null,\"quarantined_quantity\":null,\"expired_quantity\":null}}', NULL, '2026-04-05 16:34:02', '2026-04-05 16:34:02'),
(616, 'default', 'updated', 'App\\Models\\InventoryBatch', 'updated', 46, NULL, NULL, '{\"attributes\":{\"reserved_quantity\":\"0.00\",\"issued_quantity\":\"0.00\",\"returned_quantity\":\"0.00\",\"damaged_quantity\":\"0.00\",\"quarantined_quantity\":\"0.00\",\"expired_quantity\":\"0.00\",\"status\":\"active\"},\"old\":{\"reserved_quantity\":null,\"issued_quantity\":null,\"returned_quantity\":null,\"damaged_quantity\":null,\"quarantined_quantity\":null,\"expired_quantity\":null,\"status\":\"exhausted\"}}', NULL, '2026-04-05 16:34:02', '2026-04-05 16:34:02'),
(617, 'default', 'updated', 'App\\Models\\InventoryItem', 'updated', 3, NULL, NULL, '{\"attributes\":{\"current_quantity\":\"49.00\"},\"old\":{\"current_quantity\":\"35.00\"}}', NULL, '2026-04-05 16:34:02', '2026-04-05 16:34:02'),
(618, 'default', 'created', 'App\\Models\\StockReceiptItem', 'created', 46, NULL, NULL, '{\"attributes\":{\"stock_receipt_id\":7,\"inventory_item_id\":3,\"inventory_batch_id\":46,\"batch_number\":\"HYG-NEAR-01\",\"manufacture_date\":\"2025-12-05T00:00:00.000000Z\",\"expiry_date\":\"2026-04-21T00:00:00.000000Z\",\"quantity\":\"14.00\",\"unit_cost\":\"680.00\",\"line_total\":\"9520.00\",\"storage_zone\":\"Sterile Rack A1\",\"remarks\":\"Seeded for realistic burn center stock control.\"}}', NULL, '2026-04-05 16:34:02', '2026-04-05 16:34:02'),
(619, 'default', 'created', 'App\\Models\\InventoryTransaction', 'created', 46, NULL, NULL, '{\"attributes\":{\"inventory_item_id\":3,\"inventory_batch_id\":46,\"transaction_type\":\"received\",\"quantity\":\"14.00\",\"unit_of_measure\":\"sheet\",\"before_quantity\":\"35.00\",\"after_quantity\":\"49.00\",\"before_batch_quantity\":\"0.00\",\"after_batch_quantity\":\"14.00\",\"from_location_id\":null,\"to_location_id\":5,\"from_department_id\":null,\"to_department_id\":4,\"issued_to_user_id\":null,\"received_from_user_id\":null,\"reference_type\":\"App\\\\Models\\\\StockReceipt\",\"reference_id\":7,\"reference_number\":\"RCV-20260322-0001\",\"transaction_datetime\":\"2026-03-22T00:00:00.000000Z\",\"remarks\":\"Seeded for realistic burn center stock control.\",\"performed_by\":4}}', NULL, '2026-04-05 16:34:02', '2026-04-05 16:34:02'),
(620, 'inventory', 'Stock received', 'App\\Models\\InventoryItem', 'stock-received', 3, 'App\\Models\\User', 4, '{\"receipt_id\":7,\"receipt_item_id\":46,\"batch_id\":46,\"quantity\":14}', NULL, '2026-04-05 16:34:02', '2026-04-05 16:34:02'),
(621, 'default', 'created', 'App\\Models\\InventoryBatch', 'created', 47, NULL, NULL, '{\"attributes\":{\"inventory_item_id\":7,\"batch_number\":\"GAU-NEAR-01\",\"lot_number\":null,\"manufacture_date\":\"2026-02-05T00:00:00.000000Z\",\"expiry_date\":\"2026-05-02T00:00:00.000000Z\",\"unit_cost\":\"180.00\",\"received_quantity\":\"0.00\",\"available_quantity\":\"0.00\",\"reserved_quantity\":\"0.00\",\"issued_quantity\":\"0.00\",\"returned_quantity\":\"0.00\",\"damaged_quantity\":\"0.00\",\"quarantined_quantity\":\"0.00\",\"expired_quantity\":\"0.00\",\"status\":\"active\",\"supplier_id\":1,\"received_at\":\"2026-03-22T00:00:00.000000Z\",\"store_location_id\":5,\"storage_zone\":\"Procedure Shelf B2\",\"notes\":\"Seeded for realistic burn center stock control.\",\"created_by\":4,\"updated_by\":4}}', NULL, '2026-04-05 16:34:02', '2026-04-05 16:34:02'),
(622, 'default', 'updated', 'App\\Models\\InventoryBatch', 'updated', 47, NULL, NULL, '{\"attributes\":{\"received_quantity\":\"0.00\",\"available_quantity\":\"0.00\",\"reserved_quantity\":\"0.00\",\"issued_quantity\":\"0.00\",\"returned_quantity\":\"0.00\",\"damaged_quantity\":\"0.00\",\"quarantined_quantity\":\"0.00\",\"expired_quantity\":\"0.00\",\"status\":\"exhausted\"},\"old\":{\"received_quantity\":null,\"available_quantity\":null,\"reserved_quantity\":null,\"issued_quantity\":null,\"returned_quantity\":null,\"damaged_quantity\":null,\"quarantined_quantity\":null,\"expired_quantity\":null,\"status\":null}}', NULL, '2026-04-05 16:34:02', '2026-04-05 16:34:02'),
(623, 'default', 'updated', 'App\\Models\\InventoryBatch', 'updated', 47, NULL, NULL, '{\"attributes\":{\"received_quantity\":\"35.00\",\"available_quantity\":\"35.00\",\"reserved_quantity\":\"0.00\",\"issued_quantity\":\"0.00\",\"returned_quantity\":\"0.00\",\"damaged_quantity\":\"0.00\",\"quarantined_quantity\":\"0.00\",\"expired_quantity\":\"0.00\"},\"old\":{\"received_quantity\":null,\"available_quantity\":null,\"reserved_quantity\":null,\"issued_quantity\":null,\"returned_quantity\":null,\"damaged_quantity\":null,\"quarantined_quantity\":null,\"expired_quantity\":null}}', NULL, '2026-04-05 16:34:02', '2026-04-05 16:34:02'),
(624, 'default', 'updated', 'App\\Models\\InventoryBatch', 'updated', 47, NULL, NULL, '{\"attributes\":{\"reserved_quantity\":\"0.00\",\"issued_quantity\":\"0.00\",\"returned_quantity\":\"0.00\",\"damaged_quantity\":\"0.00\",\"quarantined_quantity\":\"0.00\",\"expired_quantity\":\"0.00\",\"status\":\"active\"},\"old\":{\"reserved_quantity\":null,\"issued_quantity\":null,\"returned_quantity\":null,\"damaged_quantity\":null,\"quarantined_quantity\":null,\"expired_quantity\":null,\"status\":\"exhausted\"}}', NULL, '2026-04-05 16:34:02', '2026-04-05 16:34:02'),
(625, 'default', 'updated', 'App\\Models\\InventoryItem', 'updated', 7, NULL, NULL, '{\"attributes\":{\"current_quantity\":\"75.00\"},\"old\":{\"current_quantity\":\"40.00\"}}', NULL, '2026-04-05 16:34:02', '2026-04-05 16:34:02'),
(626, 'default', 'created', 'App\\Models\\StockReceiptItem', 'created', 47, NULL, NULL, '{\"attributes\":{\"stock_receipt_id\":7,\"inventory_item_id\":7,\"inventory_batch_id\":47,\"batch_number\":\"GAU-NEAR-01\",\"manufacture_date\":\"2026-02-05T00:00:00.000000Z\",\"expiry_date\":\"2026-05-02T00:00:00.000000Z\",\"quantity\":\"35.00\",\"unit_cost\":\"180.00\",\"line_total\":\"6300.00\",\"storage_zone\":\"Procedure Shelf B2\",\"remarks\":\"Seeded for realistic burn center stock control.\"}}', NULL, '2026-04-05 16:34:02', '2026-04-05 16:34:02'),
(627, 'default', 'created', 'App\\Models\\InventoryTransaction', 'created', 47, NULL, NULL, '{\"attributes\":{\"inventory_item_id\":7,\"inventory_batch_id\":47,\"transaction_type\":\"received\",\"quantity\":\"35.00\",\"unit_of_measure\":\"pack\",\"before_quantity\":\"40.00\",\"after_quantity\":\"75.00\",\"before_batch_quantity\":\"0.00\",\"after_batch_quantity\":\"35.00\",\"from_location_id\":null,\"to_location_id\":5,\"from_department_id\":null,\"to_department_id\":4,\"issued_to_user_id\":null,\"received_from_user_id\":null,\"reference_type\":\"App\\\\Models\\\\StockReceipt\",\"reference_id\":7,\"reference_number\":\"RCV-20260322-0001\",\"transaction_datetime\":\"2026-03-22T00:00:00.000000Z\",\"remarks\":\"Seeded for realistic burn center stock control.\",\"performed_by\":4}}', NULL, '2026-04-05 16:34:02', '2026-04-05 16:34:02'),
(628, 'inventory', 'Stock received', 'App\\Models\\InventoryItem', 'stock-received', 7, 'App\\Models\\User', 4, '{\"receipt_id\":7,\"receipt_item_id\":47,\"batch_id\":47,\"quantity\":35}', NULL, '2026-04-05 16:34:02', '2026-04-05 16:34:02'),
(629, 'default', 'created', 'App\\Models\\InventoryBatch', 'created', 48, NULL, NULL, '{\"attributes\":{\"inventory_item_id\":14,\"batch_number\":\"CAN20-NEAR\",\"lot_number\":null,\"manufacture_date\":\"2026-01-05T00:00:00.000000Z\",\"expiry_date\":\"2026-05-06T00:00:00.000000Z\",\"unit_cost\":\"320.00\",\"received_quantity\":\"0.00\",\"available_quantity\":\"0.00\",\"reserved_quantity\":\"0.00\",\"issued_quantity\":\"0.00\",\"returned_quantity\":\"0.00\",\"damaged_quantity\":\"0.00\",\"quarantined_quantity\":\"0.00\",\"expired_quantity\":\"0.00\",\"status\":\"active\",\"supplier_id\":1,\"received_at\":\"2026-03-22T00:00:00.000000Z\",\"store_location_id\":5,\"storage_zone\":\"Procedure Shelf C1\",\"notes\":\"Seeded for realistic burn center stock control.\",\"created_by\":4,\"updated_by\":4}}', NULL, '2026-04-05 16:34:02', '2026-04-05 16:34:02'),
(630, 'default', 'updated', 'App\\Models\\InventoryBatch', 'updated', 48, NULL, NULL, '{\"attributes\":{\"received_quantity\":\"0.00\",\"available_quantity\":\"0.00\",\"reserved_quantity\":\"0.00\",\"issued_quantity\":\"0.00\",\"returned_quantity\":\"0.00\",\"damaged_quantity\":\"0.00\",\"quarantined_quantity\":\"0.00\",\"expired_quantity\":\"0.00\",\"status\":\"exhausted\"},\"old\":{\"received_quantity\":null,\"available_quantity\":null,\"reserved_quantity\":null,\"issued_quantity\":null,\"returned_quantity\":null,\"damaged_quantity\":null,\"quarantined_quantity\":null,\"expired_quantity\":null,\"status\":null}}', NULL, '2026-04-05 16:34:02', '2026-04-05 16:34:02'),
(631, 'default', 'updated', 'App\\Models\\InventoryBatch', 'updated', 48, NULL, NULL, '{\"attributes\":{\"received_quantity\":\"16.00\",\"available_quantity\":\"16.00\",\"reserved_quantity\":\"0.00\",\"issued_quantity\":\"0.00\",\"returned_quantity\":\"0.00\",\"damaged_quantity\":\"0.00\",\"quarantined_quantity\":\"0.00\",\"expired_quantity\":\"0.00\"},\"old\":{\"received_quantity\":null,\"available_quantity\":null,\"reserved_quantity\":null,\"issued_quantity\":null,\"returned_quantity\":null,\"damaged_quantity\":null,\"quarantined_quantity\":null,\"expired_quantity\":null}}', NULL, '2026-04-05 16:34:02', '2026-04-05 16:34:02'),
(632, 'default', 'updated', 'App\\Models\\InventoryBatch', 'updated', 48, NULL, NULL, '{\"attributes\":{\"reserved_quantity\":\"0.00\",\"issued_quantity\":\"0.00\",\"returned_quantity\":\"0.00\",\"damaged_quantity\":\"0.00\",\"quarantined_quantity\":\"0.00\",\"expired_quantity\":\"0.00\",\"status\":\"active\"},\"old\":{\"reserved_quantity\":null,\"issued_quantity\":null,\"returned_quantity\":null,\"damaged_quantity\":null,\"quarantined_quantity\":null,\"expired_quantity\":null,\"status\":\"exhausted\"}}', NULL, '2026-04-05 16:34:02', '2026-04-05 16:34:02'),
(633, 'default', 'updated', 'App\\Models\\InventoryItem', 'updated', 14, NULL, NULL, '{\"attributes\":{\"current_quantity\":\"86.00\"},\"old\":{\"current_quantity\":\"70.00\"}}', NULL, '2026-04-05 16:34:02', '2026-04-05 16:34:02'),
(634, 'default', 'created', 'App\\Models\\StockReceiptItem', 'created', 48, NULL, NULL, '{\"attributes\":{\"stock_receipt_id\":7,\"inventory_item_id\":14,\"inventory_batch_id\":48,\"batch_number\":\"CAN20-NEAR\",\"manufacture_date\":\"2026-01-05T00:00:00.000000Z\",\"expiry_date\":\"2026-05-06T00:00:00.000000Z\",\"quantity\":\"16.00\",\"unit_cost\":\"320.00\",\"line_total\":\"5120.00\",\"storage_zone\":\"Procedure Shelf C1\",\"remarks\":\"Seeded for realistic burn center stock control.\"}}', NULL, '2026-04-05 16:34:02', '2026-04-05 16:34:02'),
(635, 'default', 'created', 'App\\Models\\InventoryTransaction', 'created', 48, NULL, NULL, '{\"attributes\":{\"inventory_item_id\":14,\"inventory_batch_id\":48,\"transaction_type\":\"received\",\"quantity\":\"16.00\",\"unit_of_measure\":\"box\",\"before_quantity\":\"70.00\",\"after_quantity\":\"86.00\",\"before_batch_quantity\":\"0.00\",\"after_batch_quantity\":\"16.00\",\"from_location_id\":null,\"to_location_id\":5,\"from_department_id\":null,\"to_department_id\":4,\"issued_to_user_id\":null,\"received_from_user_id\":null,\"reference_type\":\"App\\\\Models\\\\StockReceipt\",\"reference_id\":7,\"reference_number\":\"RCV-20260322-0001\",\"transaction_datetime\":\"2026-03-22T00:00:00.000000Z\",\"remarks\":\"Seeded for realistic burn center stock control.\",\"performed_by\":4}}', NULL, '2026-04-05 16:34:02', '2026-04-05 16:34:02'),
(636, 'inventory', 'Stock received', 'App\\Models\\InventoryItem', 'stock-received', 14, 'App\\Models\\User', 4, '{\"receipt_id\":7,\"receipt_item_id\":48,\"batch_id\":48,\"quantity\":16}', NULL, '2026-04-05 16:34:03', '2026-04-05 16:34:03'),
(637, 'default', 'created', 'App\\Models\\InventoryBatch', 'created', 49, NULL, NULL, '{\"attributes\":{\"inventory_item_id\":15,\"batch_number\":\"SYR5-NEAR\",\"lot_number\":null,\"manufacture_date\":\"2026-02-05T00:00:00.000000Z\",\"expiry_date\":\"2026-04-23T00:00:00.000000Z\",\"unit_cost\":\"150.00\",\"received_quantity\":\"0.00\",\"available_quantity\":\"0.00\",\"reserved_quantity\":\"0.00\",\"issued_quantity\":\"0.00\",\"returned_quantity\":\"0.00\",\"damaged_quantity\":\"0.00\",\"quarantined_quantity\":\"0.00\",\"expired_quantity\":\"0.00\",\"status\":\"active\",\"supplier_id\":1,\"received_at\":\"2026-03-22T00:00:00.000000Z\",\"store_location_id\":5,\"storage_zone\":\"Procedure Shelf C1\",\"notes\":\"Seeded for realistic burn center stock control.\",\"created_by\":4,\"updated_by\":4}}', NULL, '2026-04-05 16:34:03', '2026-04-05 16:34:03'),
(638, 'default', 'updated', 'App\\Models\\InventoryBatch', 'updated', 49, NULL, NULL, '{\"attributes\":{\"received_quantity\":\"0.00\",\"available_quantity\":\"0.00\",\"reserved_quantity\":\"0.00\",\"issued_quantity\":\"0.00\",\"returned_quantity\":\"0.00\",\"damaged_quantity\":\"0.00\",\"quarantined_quantity\":\"0.00\",\"expired_quantity\":\"0.00\",\"status\":\"exhausted\"},\"old\":{\"received_quantity\":null,\"available_quantity\":null,\"reserved_quantity\":null,\"issued_quantity\":null,\"returned_quantity\":null,\"damaged_quantity\":null,\"quarantined_quantity\":null,\"expired_quantity\":null,\"status\":null}}', NULL, '2026-04-05 16:34:03', '2026-04-05 16:34:03'),
(639, 'default', 'updated', 'App\\Models\\InventoryBatch', 'updated', 49, NULL, NULL, '{\"attributes\":{\"received_quantity\":\"26.00\",\"available_quantity\":\"26.00\",\"reserved_quantity\":\"0.00\",\"issued_quantity\":\"0.00\",\"returned_quantity\":\"0.00\",\"damaged_quantity\":\"0.00\",\"quarantined_quantity\":\"0.00\",\"expired_quantity\":\"0.00\"},\"old\":{\"received_quantity\":null,\"available_quantity\":null,\"reserved_quantity\":null,\"issued_quantity\":null,\"returned_quantity\":null,\"damaged_quantity\":null,\"quarantined_quantity\":null,\"expired_quantity\":null}}', NULL, '2026-04-05 16:34:03', '2026-04-05 16:34:03'),
(640, 'default', 'updated', 'App\\Models\\InventoryBatch', 'updated', 49, NULL, NULL, '{\"attributes\":{\"reserved_quantity\":\"0.00\",\"issued_quantity\":\"0.00\",\"returned_quantity\":\"0.00\",\"damaged_quantity\":\"0.00\",\"quarantined_quantity\":\"0.00\",\"expired_quantity\":\"0.00\",\"status\":\"active\"},\"old\":{\"reserved_quantity\":null,\"issued_quantity\":null,\"returned_quantity\":null,\"damaged_quantity\":null,\"quarantined_quantity\":null,\"expired_quantity\":null,\"status\":\"exhausted\"}}', NULL, '2026-04-05 16:34:03', '2026-04-05 16:34:03'),
(641, 'default', 'updated', 'App\\Models\\InventoryItem', 'updated', 15, NULL, NULL, '{\"attributes\":{\"current_quantity\":\"166.00\"},\"old\":{\"current_quantity\":\"140.00\"}}', NULL, '2026-04-05 16:34:03', '2026-04-05 16:34:03'),
(642, 'default', 'created', 'App\\Models\\StockReceiptItem', 'created', 49, NULL, NULL, '{\"attributes\":{\"stock_receipt_id\":7,\"inventory_item_id\":15,\"inventory_batch_id\":49,\"batch_number\":\"SYR5-NEAR\",\"manufacture_date\":\"2026-02-05T00:00:00.000000Z\",\"expiry_date\":\"2026-04-23T00:00:00.000000Z\",\"quantity\":\"26.00\",\"unit_cost\":\"150.00\",\"line_total\":\"3900.00\",\"storage_zone\":\"Procedure Shelf C1\",\"remarks\":\"Seeded for realistic burn center stock control.\"}}', NULL, '2026-04-05 16:34:03', '2026-04-05 16:34:03'),
(643, 'default', 'created', 'App\\Models\\InventoryTransaction', 'created', 49, NULL, NULL, '{\"attributes\":{\"inventory_item_id\":15,\"inventory_batch_id\":49,\"transaction_type\":\"received\",\"quantity\":\"26.00\",\"unit_of_measure\":\"box\",\"before_quantity\":\"140.00\",\"after_quantity\":\"166.00\",\"before_batch_quantity\":\"0.00\",\"after_batch_quantity\":\"26.00\",\"from_location_id\":null,\"to_location_id\":5,\"from_department_id\":null,\"to_department_id\":4,\"issued_to_user_id\":null,\"received_from_user_id\":null,\"reference_type\":\"App\\\\Models\\\\StockReceipt\",\"reference_id\":7,\"reference_number\":\"RCV-20260322-0001\",\"transaction_datetime\":\"2026-03-22T00:00:00.000000Z\",\"remarks\":\"Seeded for realistic burn center stock control.\",\"performed_by\":4}}', NULL, '2026-04-05 16:34:05', '2026-04-05 16:34:05'),
(644, 'inventory', 'Stock received', 'App\\Models\\InventoryItem', 'stock-received', 15, 'App\\Models\\User', 4, '{\"receipt_id\":7,\"receipt_item_id\":49,\"batch_id\":49,\"quantity\":26}', NULL, '2026-04-05 16:34:05', '2026-04-05 16:34:05'),
(645, 'default', 'created', 'App\\Models\\StockReceipt', 'created', 8, NULL, NULL, '{\"attributes\":{\"receipt_number\":\"RCV-20260322-0002\",\"supplier_id\":1,\"department_id\":6,\"store_location_id\":8,\"receipt_date\":\"2026-03-22T00:00:00.000000Z\",\"invoice_reference\":\"PHARM-APR-2026\",\"delivery_note_number\":\"PHARM-DN-501\",\"received_by\":8,\"remarks\":\"Pharmacy near-expiry and expired sample batches.\",\"status\":\"posted\",\"created_by\":8,\"updated_by\":8}}', NULL, '2026-04-05 16:34:06', '2026-04-05 16:34:06'),
(646, 'default', 'created', 'App\\Models\\InventoryBatch', 'created', 50, NULL, NULL, '{\"attributes\":{\"inventory_item_id\":27,\"batch_number\":\"SSD-NEAR-01\",\"lot_number\":null,\"manufacture_date\":\"2026-02-05T00:00:00.000000Z\",\"expiry_date\":\"2026-04-25T00:00:00.000000Z\",\"unit_cost\":\"940.00\",\"received_quantity\":\"0.00\",\"available_quantity\":\"0.00\",\"reserved_quantity\":\"0.00\",\"issued_quantity\":\"0.00\",\"returned_quantity\":\"0.00\",\"damaged_quantity\":\"0.00\",\"quarantined_quantity\":\"0.00\",\"expired_quantity\":\"0.00\",\"status\":\"active\",\"supplier_id\":1,\"received_at\":\"2026-03-22T00:00:00.000000Z\",\"store_location_id\":8,\"storage_zone\":\"Cold Chain Shelf P1\",\"notes\":\"Seeded for realistic burn center stock control.\",\"created_by\":8,\"updated_by\":8}}', NULL, '2026-04-05 16:34:06', '2026-04-05 16:34:06'),
(647, 'default', 'updated', 'App\\Models\\InventoryBatch', 'updated', 50, NULL, NULL, '{\"attributes\":{\"received_quantity\":\"0.00\",\"available_quantity\":\"0.00\",\"reserved_quantity\":\"0.00\",\"issued_quantity\":\"0.00\",\"returned_quantity\":\"0.00\",\"damaged_quantity\":\"0.00\",\"quarantined_quantity\":\"0.00\",\"expired_quantity\":\"0.00\",\"status\":\"exhausted\"},\"old\":{\"received_quantity\":null,\"available_quantity\":null,\"reserved_quantity\":null,\"issued_quantity\":null,\"returned_quantity\":null,\"damaged_quantity\":null,\"quarantined_quantity\":null,\"expired_quantity\":null,\"status\":null}}', NULL, '2026-04-05 16:34:07', '2026-04-05 16:34:07'),
(648, 'default', 'updated', 'App\\Models\\InventoryBatch', 'updated', 50, NULL, NULL, '{\"attributes\":{\"received_quantity\":\"12.00\",\"available_quantity\":\"12.00\",\"reserved_quantity\":\"0.00\",\"issued_quantity\":\"0.00\",\"returned_quantity\":\"0.00\",\"damaged_quantity\":\"0.00\",\"quarantined_quantity\":\"0.00\",\"expired_quantity\":\"0.00\"},\"old\":{\"received_quantity\":null,\"available_quantity\":null,\"reserved_quantity\":null,\"issued_quantity\":null,\"returned_quantity\":null,\"damaged_quantity\":null,\"quarantined_quantity\":null,\"expired_quantity\":null}}', NULL, '2026-04-05 16:34:07', '2026-04-05 16:34:07'),
(649, 'default', 'updated', 'App\\Models\\InventoryBatch', 'updated', 50, NULL, NULL, '{\"attributes\":{\"reserved_quantity\":\"0.00\",\"issued_quantity\":\"0.00\",\"returned_quantity\":\"0.00\",\"damaged_quantity\":\"0.00\",\"quarantined_quantity\":\"0.00\",\"expired_quantity\":\"0.00\",\"status\":\"active\"},\"old\":{\"reserved_quantity\":null,\"issued_quantity\":null,\"returned_quantity\":null,\"damaged_quantity\":null,\"quarantined_quantity\":null,\"expired_quantity\":null,\"status\":\"exhausted\"}}', NULL, '2026-04-05 16:34:07', '2026-04-05 16:34:07'),
(650, 'default', 'updated', 'App\\Models\\InventoryItem', 'updated', 27, NULL, NULL, '{\"attributes\":{\"current_quantity\":\"47.00\",\"updated_by\":8},\"old\":{\"current_quantity\":\"35.00\",\"updated_by\":4}}', NULL, '2026-04-05 16:34:07', '2026-04-05 16:34:07'),
(651, 'default', 'created', 'App\\Models\\StockReceiptItem', 'created', 50, NULL, NULL, '{\"attributes\":{\"stock_receipt_id\":8,\"inventory_item_id\":27,\"inventory_batch_id\":50,\"batch_number\":\"SSD-NEAR-01\",\"manufacture_date\":\"2026-02-05T00:00:00.000000Z\",\"expiry_date\":\"2026-04-25T00:00:00.000000Z\",\"quantity\":\"12.00\",\"unit_cost\":\"940.00\",\"line_total\":\"11280.00\",\"storage_zone\":\"Cold Chain Shelf P1\",\"remarks\":\"Seeded for realistic burn center stock control.\"}}', NULL, '2026-04-05 16:34:07', '2026-04-05 16:34:07'),
(652, 'default', 'created', 'App\\Models\\InventoryTransaction', 'created', 50, NULL, NULL, '{\"attributes\":{\"inventory_item_id\":27,\"inventory_batch_id\":50,\"transaction_type\":\"received\",\"quantity\":\"12.00\",\"unit_of_measure\":\"jar\",\"before_quantity\":\"35.00\",\"after_quantity\":\"47.00\",\"before_batch_quantity\":\"0.00\",\"after_batch_quantity\":\"12.00\",\"from_location_id\":null,\"to_location_id\":8,\"from_department_id\":null,\"to_department_id\":6,\"issued_to_user_id\":null,\"received_from_user_id\":null,\"reference_type\":\"App\\\\Models\\\\StockReceipt\",\"reference_id\":8,\"reference_number\":\"RCV-20260322-0002\",\"transaction_datetime\":\"2026-03-22T00:00:00.000000Z\",\"remarks\":\"Seeded for realistic burn center stock control.\",\"performed_by\":8}}', NULL, '2026-04-05 16:34:07', '2026-04-05 16:34:07'),
(653, 'inventory', 'Stock received', 'App\\Models\\InventoryItem', 'stock-received', 27, 'App\\Models\\User', 8, '{\"receipt_id\":8,\"receipt_item_id\":50,\"batch_id\":50,\"quantity\":12}', NULL, '2026-04-05 16:34:07', '2026-04-05 16:34:07'),
(654, 'default', 'created', 'App\\Models\\InventoryBatch', 'created', 51, NULL, NULL, '{\"attributes\":{\"inventory_item_id\":30,\"batch_number\":\"CHX-EXP-01\",\"lot_number\":null,\"manufacture_date\":\"2025-11-05T00:00:00.000000Z\",\"expiry_date\":\"2026-03-26T00:00:00.000000Z\",\"unit_cost\":\"420.00\",\"received_quantity\":\"0.00\",\"available_quantity\":\"0.00\",\"reserved_quantity\":\"0.00\",\"issued_quantity\":\"0.00\",\"returned_quantity\":\"0.00\",\"damaged_quantity\":\"0.00\",\"quarantined_quantity\":\"0.00\",\"expired_quantity\":\"0.00\",\"status\":\"active\",\"supplier_id\":1,\"received_at\":\"2026-03-22T00:00:00.000000Z\",\"store_location_id\":8,\"storage_zone\":\"Cold Chain Shelf P1\",\"notes\":\"Seeded for realistic burn center stock control.\",\"created_by\":8,\"updated_by\":8}}', NULL, '2026-04-05 16:34:07', '2026-04-05 16:34:07'),
(655, 'default', 'updated', 'App\\Models\\InventoryBatch', 'updated', 51, NULL, NULL, '{\"attributes\":{\"received_quantity\":\"0.00\",\"available_quantity\":\"0.00\",\"reserved_quantity\":\"0.00\",\"issued_quantity\":\"0.00\",\"returned_quantity\":\"0.00\",\"damaged_quantity\":\"0.00\",\"quarantined_quantity\":\"0.00\",\"expired_quantity\":\"0.00\",\"status\":\"expired\"},\"old\":{\"received_quantity\":null,\"available_quantity\":null,\"reserved_quantity\":null,\"issued_quantity\":null,\"returned_quantity\":null,\"damaged_quantity\":null,\"quarantined_quantity\":null,\"expired_quantity\":null,\"status\":null}}', NULL, '2026-04-05 16:34:07', '2026-04-05 16:34:07'),
(656, 'default', 'updated', 'App\\Models\\InventoryBatch', 'updated', 51, NULL, NULL, '{\"attributes\":{\"received_quantity\":\"8.00\",\"available_quantity\":\"8.00\",\"reserved_quantity\":\"0.00\",\"issued_quantity\":\"0.00\",\"returned_quantity\":\"0.00\",\"damaged_quantity\":\"0.00\",\"quarantined_quantity\":\"0.00\",\"expired_quantity\":\"0.00\"},\"old\":{\"received_quantity\":null,\"available_quantity\":null,\"reserved_quantity\":null,\"issued_quantity\":null,\"returned_quantity\":null,\"damaged_quantity\":null,\"quarantined_quantity\":null,\"expired_quantity\":null}}', NULL, '2026-04-05 16:34:07', '2026-04-05 16:34:07'),
(657, 'default', 'updated', 'App\\Models\\InventoryItem', 'updated', 30, NULL, NULL, '{\"attributes\":{\"current_quantity\":\"43.00\",\"updated_by\":8},\"old\":{\"current_quantity\":\"35.00\",\"updated_by\":4}}', NULL, '2026-04-05 16:34:07', '2026-04-05 16:34:07'),
(658, 'default', 'created', 'App\\Models\\StockReceiptItem', 'created', 51, NULL, NULL, '{\"attributes\":{\"stock_receipt_id\":8,\"inventory_item_id\":30,\"inventory_batch_id\":51,\"batch_number\":\"CHX-EXP-01\",\"manufacture_date\":\"2025-11-05T00:00:00.000000Z\",\"expiry_date\":\"2026-03-26T00:00:00.000000Z\",\"quantity\":\"8.00\",\"unit_cost\":\"420.00\",\"line_total\":\"3360.00\",\"storage_zone\":\"Cold Chain Shelf P1\",\"remarks\":\"Seeded for realistic burn center stock control.\"}}', NULL, '2026-04-05 16:34:07', '2026-04-05 16:34:07'),
(659, 'default', 'created', 'App\\Models\\InventoryTransaction', 'created', 51, NULL, NULL, '{\"attributes\":{\"inventory_item_id\":30,\"inventory_batch_id\":51,\"transaction_type\":\"received\",\"quantity\":\"8.00\",\"unit_of_measure\":\"bottle\",\"before_quantity\":\"35.00\",\"after_quantity\":\"43.00\",\"before_batch_quantity\":\"0.00\",\"after_batch_quantity\":\"8.00\",\"from_location_id\":null,\"to_location_id\":8,\"from_department_id\":null,\"to_department_id\":6,\"issued_to_user_id\":null,\"received_from_user_id\":null,\"reference_type\":\"App\\\\Models\\\\StockReceipt\",\"reference_id\":8,\"reference_number\":\"RCV-20260322-0002\",\"transaction_datetime\":\"2026-03-22T00:00:00.000000Z\",\"remarks\":\"Seeded for realistic burn center stock control.\",\"performed_by\":8}}', NULL, '2026-04-05 16:34:07', '2026-04-05 16:34:07'),
(660, 'inventory', 'Stock received', 'App\\Models\\InventoryItem', 'stock-received', 30, 'App\\Models\\User', 8, '{\"receipt_id\":8,\"receipt_item_id\":51,\"batch_id\":51,\"quantity\":8}', NULL, '2026-04-05 16:34:07', '2026-04-05 16:34:07'),
(661, 'default', 'created', 'App\\Models\\StockIssue', 'created', 1, NULL, NULL, '{\"attributes\":{\"issue_number\":\"ISS-20260326-0001\",\"issue_date\":\"2026-03-26T00:00:00.000000Z\",\"issue_type\":\"department\",\"department_id\":1,\"location_id\":null,\"room_or_area\":null,\"issued_to_user_id\":null,\"issued_by\":4,\"remarks\":\"Routine burn ICU wound care replenishment.\",\"status\":\"posted\",\"created_by\":4,\"updated_by\":4}}', NULL, '2026-04-05 16:34:10', '2026-04-05 16:34:10'),
(662, 'default', 'updated', 'App\\Models\\InventoryBatch', 'updated', 1, NULL, NULL, '{\"attributes\":{\"available_quantity\":\"42.00\",\"issued_quantity\":\"48.00\"},\"old\":{\"available_quantity\":\"90.00\",\"issued_quantity\":\"0.00\"}}', NULL, '2026-04-05 16:34:10', '2026-04-05 16:34:10'),
(663, 'default', 'created', 'App\\Models\\StockIssueItem', 'created', 1, NULL, NULL, '{\"attributes\":{\"stock_issue_id\":1,\"inventory_item_id\":1,\"inventory_batch_id\":1,\"quantity\":\"48.00\",\"unit_of_measure\":\"pack\",\"remarks\":\"ICU dressing stock\"}}', NULL, '2026-04-05 16:34:11', '2026-04-05 16:34:11'),
(664, 'default', 'updated', 'App\\Models\\InventoryItem', 'updated', 1, NULL, NULL, '{\"attributes\":{\"current_quantity\":\"42.00\",\"issued_quantity\":\"48.00\"},\"old\":{\"current_quantity\":\"90.00\",\"issued_quantity\":\"0.00\"}}', NULL, '2026-04-05 16:34:11', '2026-04-05 16:34:11'),
(665, 'default', 'created', 'App\\Models\\InventoryTransaction', 'created', 52, NULL, NULL, '{\"attributes\":{\"inventory_item_id\":1,\"inventory_batch_id\":1,\"transaction_type\":\"issued\",\"quantity\":\"48.00\",\"unit_of_measure\":\"pack\",\"before_quantity\":\"90.00\",\"after_quantity\":\"42.00\",\"before_batch_quantity\":\"90.00\",\"after_batch_quantity\":\"42.00\",\"from_location_id\":5,\"to_location_id\":null,\"from_department_id\":null,\"to_department_id\":1,\"issued_to_user_id\":null,\"received_from_user_id\":null,\"reference_type\":\"App\\\\Models\\\\StockIssue\",\"reference_id\":1,\"reference_number\":\"ISS-20260326-0001\",\"transaction_datetime\":\"2026-03-26T00:00:00.000000Z\",\"remarks\":\"ICU dressing stock\",\"performed_by\":4}}', NULL, '2026-04-05 16:34:11', '2026-04-05 16:34:11'),
(666, 'inventory', 'Stock issued', 'App\\Models\\InventoryItem', 'stock-issued', 1, 'App\\Models\\User', 4, '{\"issue_id\":1,\"issue_item_id\":1,\"batch_id\":1,\"quantity\":48}', NULL, '2026-04-05 16:34:11', '2026-04-05 16:34:11'),
(667, 'default', 'updated', 'App\\Models\\InventoryBatch', 'updated', 47, NULL, NULL, '{\"attributes\":{\"available_quantity\":\"0.00\",\"issued_quantity\":\"35.00\"},\"old\":{\"available_quantity\":\"35.00\",\"issued_quantity\":\"0.00\"}}', NULL, '2026-04-05 16:34:11', '2026-04-05 16:34:11'),
(668, 'default', 'updated', 'App\\Models\\InventoryBatch', 'updated', 47, NULL, NULL, '{\"attributes\":{\"status\":\"exhausted\"},\"old\":{\"status\":\"active\"}}', NULL, '2026-04-05 16:34:11', '2026-04-05 16:34:11'),
(669, 'default', 'created', 'App\\Models\\StockIssueItem', 'created', 2, NULL, NULL, '{\"attributes\":{\"stock_issue_id\":1,\"inventory_item_id\":7,\"inventory_batch_id\":47,\"quantity\":\"35.00\",\"unit_of_measure\":\"pack\",\"remarks\":\"ICU gauze stock\"}}', NULL, '2026-04-05 16:34:11', '2026-04-05 16:34:11'),
(670, 'default', 'updated', 'App\\Models\\InventoryItem', 'updated', 7, NULL, NULL, '{\"attributes\":{\"current_quantity\":\"40.00\",\"issued_quantity\":\"35.00\"},\"old\":{\"current_quantity\":\"75.00\",\"issued_quantity\":\"0.00\"}}', NULL, '2026-04-05 16:34:11', '2026-04-05 16:34:11'),
(671, 'default', 'created', 'App\\Models\\InventoryTransaction', 'created', 53, NULL, NULL, '{\"attributes\":{\"inventory_item_id\":7,\"inventory_batch_id\":47,\"transaction_type\":\"issued\",\"quantity\":\"35.00\",\"unit_of_measure\":\"pack\",\"before_quantity\":\"75.00\",\"after_quantity\":\"40.00\",\"before_batch_quantity\":\"35.00\",\"after_batch_quantity\":\"0.00\",\"from_location_id\":5,\"to_location_id\":null,\"from_department_id\":null,\"to_department_id\":1,\"issued_to_user_id\":null,\"received_from_user_id\":null,\"reference_type\":\"App\\\\Models\\\\StockIssue\",\"reference_id\":1,\"reference_number\":\"ISS-20260326-0001\",\"transaction_datetime\":\"2026-03-26T00:00:00.000000Z\",\"remarks\":\"ICU gauze stock\",\"performed_by\":4}}', NULL, '2026-04-05 16:34:13', '2026-04-05 16:34:13'),
(672, 'inventory', 'Stock issued', 'App\\Models\\InventoryItem', 'stock-issued', 7, 'App\\Models\\User', 4, '{\"issue_id\":1,\"issue_item_id\":2,\"batch_id\":47,\"quantity\":35}', NULL, '2026-04-05 16:34:13', '2026-04-05 16:34:13'),
(673, 'default', 'updated', 'App\\Models\\InventoryBatch', 'updated', 7, NULL, NULL, '{\"attributes\":{\"available_quantity\":\"5.00\",\"issued_quantity\":\"35.00\"},\"old\":{\"available_quantity\":\"40.00\",\"issued_quantity\":\"0.00\"}}', NULL, '2026-04-05 16:34:13', '2026-04-05 16:34:13'),
(674, 'default', 'updated', 'App\\Models\\InventoryBatch', 'updated', 7, NULL, NULL, '{\"attributes\":{\"status\":\"low_stock\"},\"old\":{\"status\":\"active\"}}', NULL, '2026-04-05 16:34:13', '2026-04-05 16:34:13'),
(675, 'default', 'created', 'App\\Models\\StockIssueItem', 'created', 3, NULL, NULL, '{\"attributes\":{\"stock_issue_id\":1,\"inventory_item_id\":7,\"inventory_batch_id\":7,\"quantity\":\"35.00\",\"unit_of_measure\":\"pack\",\"remarks\":\"ICU gauze stock\"}}', NULL, '2026-04-05 16:34:13', '2026-04-05 16:34:13'),
(676, 'default', 'updated', 'App\\Models\\InventoryItem', 'updated', 7, NULL, NULL, '{\"attributes\":{\"current_quantity\":\"5.00\",\"issued_quantity\":\"70.00\"},\"old\":{\"current_quantity\":\"40.00\",\"issued_quantity\":\"35.00\"}}', NULL, '2026-04-05 16:34:13', '2026-04-05 16:34:13'),
(677, 'default', 'created', 'App\\Models\\InventoryTransaction', 'created', 54, NULL, NULL, '{\"attributes\":{\"inventory_item_id\":7,\"inventory_batch_id\":7,\"transaction_type\":\"issued\",\"quantity\":\"35.00\",\"unit_of_measure\":\"pack\",\"before_quantity\":\"40.00\",\"after_quantity\":\"5.00\",\"before_batch_quantity\":\"40.00\",\"after_batch_quantity\":\"5.00\",\"from_location_id\":5,\"to_location_id\":null,\"from_department_id\":null,\"to_department_id\":1,\"issued_to_user_id\":null,\"received_from_user_id\":null,\"reference_type\":\"App\\\\Models\\\\StockIssue\",\"reference_id\":1,\"reference_number\":\"ISS-20260326-0001\",\"transaction_datetime\":\"2026-03-26T00:00:00.000000Z\",\"remarks\":\"ICU gauze stock\",\"performed_by\":4}}', NULL, '2026-04-05 16:34:13', '2026-04-05 16:34:13'),
(678, 'inventory', 'Stock issued', 'App\\Models\\InventoryItem', 'stock-issued', 7, 'App\\Models\\User', 4, '{\"issue_id\":1,\"issue_item_id\":3,\"batch_id\":7,\"quantity\":35}', NULL, '2026-04-05 16:34:13', '2026-04-05 16:34:13'),
(679, 'default', 'updated', 'App\\Models\\InventoryBatch', 'updated', 48, NULL, NULL, '{\"attributes\":{\"available_quantity\":\"0.00\",\"issued_quantity\":\"16.00\"},\"old\":{\"available_quantity\":\"16.00\",\"issued_quantity\":\"0.00\"}}', NULL, '2026-04-05 16:34:14', '2026-04-05 16:34:14'),
(680, 'default', 'updated', 'App\\Models\\InventoryBatch', 'updated', 48, NULL, NULL, '{\"attributes\":{\"status\":\"exhausted\"},\"old\":{\"status\":\"active\"}}', NULL, '2026-04-05 16:34:14', '2026-04-05 16:34:14'),
(681, 'default', 'created', 'App\\Models\\StockIssueItem', 'created', 4, NULL, NULL, '{\"attributes\":{\"stock_issue_id\":1,\"inventory_item_id\":14,\"inventory_batch_id\":48,\"quantity\":\"16.00\",\"unit_of_measure\":\"box\",\"remarks\":\"Procedure tray replenishment\"}}', NULL, '2026-04-05 16:34:14', '2026-04-05 16:34:14'),
(682, 'default', 'updated', 'App\\Models\\InventoryItem', 'updated', 14, NULL, NULL, '{\"attributes\":{\"current_quantity\":\"70.00\",\"issued_quantity\":\"16.00\"},\"old\":{\"current_quantity\":\"86.00\",\"issued_quantity\":\"0.00\"}}', NULL, '2026-04-05 16:34:14', '2026-04-05 16:34:14'),
(683, 'default', 'created', 'App\\Models\\InventoryTransaction', 'created', 55, NULL, NULL, '{\"attributes\":{\"inventory_item_id\":14,\"inventory_batch_id\":48,\"transaction_type\":\"issued\",\"quantity\":\"16.00\",\"unit_of_measure\":\"box\",\"before_quantity\":\"86.00\",\"after_quantity\":\"70.00\",\"before_batch_quantity\":\"16.00\",\"after_batch_quantity\":\"0.00\",\"from_location_id\":5,\"to_location_id\":null,\"from_department_id\":null,\"to_department_id\":1,\"issued_to_user_id\":null,\"received_from_user_id\":null,\"reference_type\":\"App\\\\Models\\\\StockIssue\",\"reference_id\":1,\"reference_number\":\"ISS-20260326-0001\",\"transaction_datetime\":\"2026-03-26T00:00:00.000000Z\",\"remarks\":\"Procedure tray replenishment\",\"performed_by\":4}}', NULL, '2026-04-05 16:34:14', '2026-04-05 16:34:14'),
(684, 'inventory', 'Stock issued', 'App\\Models\\InventoryItem', 'stock-issued', 14, 'App\\Models\\User', 4, '{\"issue_id\":1,\"issue_item_id\":4,\"batch_id\":48,\"quantity\":16}', NULL, '2026-04-05 16:34:14', '2026-04-05 16:34:14'),
(685, 'default', 'updated', 'App\\Models\\InventoryBatch', 'updated', 14, NULL, NULL, '{\"attributes\":{\"available_quantity\":\"58.00\",\"issued_quantity\":\"12.00\"},\"old\":{\"available_quantity\":\"70.00\",\"issued_quantity\":\"0.00\"}}', NULL, '2026-04-05 16:34:14', '2026-04-05 16:34:14'),
(686, 'default', 'created', 'App\\Models\\StockIssueItem', 'created', 5, NULL, NULL, '{\"attributes\":{\"stock_issue_id\":1,\"inventory_item_id\":14,\"inventory_batch_id\":14,\"quantity\":\"12.00\",\"unit_of_measure\":\"box\",\"remarks\":\"Procedure tray replenishment\"}}', NULL, '2026-04-05 16:34:14', '2026-04-05 16:34:14'),
(687, 'default', 'updated', 'App\\Models\\InventoryItem', 'updated', 14, NULL, NULL, '{\"attributes\":{\"current_quantity\":\"58.00\",\"issued_quantity\":\"28.00\"},\"old\":{\"current_quantity\":\"70.00\",\"issued_quantity\":\"16.00\"}}', NULL, '2026-04-05 16:34:14', '2026-04-05 16:34:14'),
(688, 'default', 'created', 'App\\Models\\InventoryTransaction', 'created', 56, NULL, NULL, '{\"attributes\":{\"inventory_item_id\":14,\"inventory_batch_id\":14,\"transaction_type\":\"issued\",\"quantity\":\"12.00\",\"unit_of_measure\":\"box\",\"before_quantity\":\"70.00\",\"after_quantity\":\"58.00\",\"before_batch_quantity\":\"70.00\",\"after_batch_quantity\":\"58.00\",\"from_location_id\":5,\"to_location_id\":null,\"from_department_id\":null,\"to_department_id\":1,\"issued_to_user_id\":null,\"received_from_user_id\":null,\"reference_type\":\"App\\\\Models\\\\StockIssue\",\"reference_id\":1,\"reference_number\":\"ISS-20260326-0001\",\"transaction_datetime\":\"2026-03-26T00:00:00.000000Z\",\"remarks\":\"Procedure tray replenishment\",\"performed_by\":4}}', NULL, '2026-04-05 16:34:14', '2026-04-05 16:34:14'),
(689, 'inventory', 'Stock issued', 'App\\Models\\InventoryItem', 'stock-issued', 14, 'App\\Models\\User', 4, '{\"issue_id\":1,\"issue_item_id\":5,\"batch_id\":14,\"quantity\":12}', NULL, '2026-04-05 16:34:14', '2026-04-05 16:34:14'),
(690, 'default', 'updated', 'App\\Models\\InventoryBatch', 'updated', 49, NULL, NULL, '{\"attributes\":{\"available_quantity\":\"0.00\",\"issued_quantity\":\"26.00\"},\"old\":{\"available_quantity\":\"26.00\",\"issued_quantity\":\"0.00\"}}', NULL, '2026-04-05 16:34:14', '2026-04-05 16:34:14'),
(691, 'default', 'updated', 'App\\Models\\InventoryBatch', 'updated', 49, NULL, NULL, '{\"attributes\":{\"status\":\"exhausted\"},\"old\":{\"status\":\"active\"}}', NULL, '2026-04-05 16:34:14', '2026-04-05 16:34:14'),
(692, 'default', 'created', 'App\\Models\\StockIssueItem', 'created', 6, NULL, NULL, '{\"attributes\":{\"stock_issue_id\":1,\"inventory_item_id\":15,\"inventory_batch_id\":49,\"quantity\":\"26.00\",\"unit_of_measure\":\"box\",\"remarks\":\"Medication round stock\"}}', NULL, '2026-04-05 16:34:14', '2026-04-05 16:34:14'),
(693, 'default', 'updated', 'App\\Models\\InventoryItem', 'updated', 15, NULL, NULL, '{\"attributes\":{\"current_quantity\":\"140.00\",\"issued_quantity\":\"26.00\"},\"old\":{\"current_quantity\":\"166.00\",\"issued_quantity\":\"0.00\"}}', NULL, '2026-04-05 16:34:14', '2026-04-05 16:34:14'),
(694, 'default', 'created', 'App\\Models\\InventoryTransaction', 'created', 57, NULL, NULL, '{\"attributes\":{\"inventory_item_id\":15,\"inventory_batch_id\":49,\"transaction_type\":\"issued\",\"quantity\":\"26.00\",\"unit_of_measure\":\"box\",\"before_quantity\":\"166.00\",\"after_quantity\":\"140.00\",\"before_batch_quantity\":\"26.00\",\"after_batch_quantity\":\"0.00\",\"from_location_id\":5,\"to_location_id\":null,\"from_department_id\":null,\"to_department_id\":1,\"issued_to_user_id\":null,\"received_from_user_id\":null,\"reference_type\":\"App\\\\Models\\\\StockIssue\",\"reference_id\":1,\"reference_number\":\"ISS-20260326-0001\",\"transaction_datetime\":\"2026-03-26T00:00:00.000000Z\",\"remarks\":\"Medication round stock\",\"performed_by\":4}}', NULL, '2026-04-05 16:34:14', '2026-04-05 16:34:14'),
(695, 'inventory', 'Stock issued', 'App\\Models\\InventoryItem', 'stock-issued', 15, 'App\\Models\\User', 4, '{\"issue_id\":1,\"issue_item_id\":6,\"batch_id\":49,\"quantity\":26}', NULL, '2026-04-05 16:34:14', '2026-04-05 16:34:14'),
(696, 'default', 'updated', 'App\\Models\\InventoryBatch', 'updated', 15, NULL, NULL, '{\"attributes\":{\"available_quantity\":\"106.00\",\"issued_quantity\":\"34.00\"},\"old\":{\"available_quantity\":\"140.00\",\"issued_quantity\":\"0.00\"}}', NULL, '2026-04-05 16:34:14', '2026-04-05 16:34:14'),
(697, 'default', 'created', 'App\\Models\\StockIssueItem', 'created', 7, NULL, NULL, '{\"attributes\":{\"stock_issue_id\":1,\"inventory_item_id\":15,\"inventory_batch_id\":15,\"quantity\":\"34.00\",\"unit_of_measure\":\"box\",\"remarks\":\"Medication round stock\"}}', NULL, '2026-04-05 16:34:14', '2026-04-05 16:34:14'),
(698, 'default', 'updated', 'App\\Models\\InventoryItem', 'updated', 15, NULL, NULL, '{\"attributes\":{\"current_quantity\":\"106.00\",\"issued_quantity\":\"60.00\"},\"old\":{\"current_quantity\":\"140.00\",\"issued_quantity\":\"26.00\"}}', NULL, '2026-04-05 16:34:14', '2026-04-05 16:34:14'),
(699, 'default', 'created', 'App\\Models\\InventoryTransaction', 'created', 58, NULL, NULL, '{\"attributes\":{\"inventory_item_id\":15,\"inventory_batch_id\":15,\"transaction_type\":\"issued\",\"quantity\":\"34.00\",\"unit_of_measure\":\"box\",\"before_quantity\":\"140.00\",\"after_quantity\":\"106.00\",\"before_batch_quantity\":\"140.00\",\"after_batch_quantity\":\"106.00\",\"from_location_id\":5,\"to_location_id\":null,\"from_department_id\":null,\"to_department_id\":1,\"issued_to_user_id\":null,\"received_from_user_id\":null,\"reference_type\":\"App\\\\Models\\\\StockIssue\",\"reference_id\":1,\"reference_number\":\"ISS-20260326-0001\",\"transaction_datetime\":\"2026-03-26T00:00:00.000000Z\",\"remarks\":\"Medication round stock\",\"performed_by\":4}}', NULL, '2026-04-05 16:34:14', '2026-04-05 16:34:14'),
(700, 'inventory', 'Stock issued', 'App\\Models\\InventoryItem', 'stock-issued', 15, 'App\\Models\\User', 4, '{\"issue_id\":1,\"issue_item_id\":7,\"batch_id\":15,\"quantity\":34}', NULL, '2026-04-05 16:34:14', '2026-04-05 16:34:14'),
(701, 'default', 'updated', 'App\\Models\\InventoryBatch', 'updated', 50, NULL, NULL, '{\"attributes\":{\"available_quantity\":\"0.00\",\"issued_quantity\":\"12.00\",\"updated_by\":4},\"old\":{\"available_quantity\":\"12.00\",\"issued_quantity\":\"0.00\",\"updated_by\":8}}', NULL, '2026-04-05 16:34:14', '2026-04-05 16:34:14'),
(702, 'default', 'updated', 'App\\Models\\InventoryBatch', 'updated', 50, NULL, NULL, '{\"attributes\":{\"status\":\"exhausted\"},\"old\":{\"status\":\"active\"}}', NULL, '2026-04-05 16:34:14', '2026-04-05 16:34:14'),
(703, 'default', 'created', 'App\\Models\\StockIssueItem', 'created', 8, NULL, NULL, '{\"attributes\":{\"stock_issue_id\":1,\"inventory_item_id\":27,\"inventory_batch_id\":50,\"quantity\":\"12.00\",\"unit_of_measure\":\"jar\",\"remarks\":\"Topical medication issue\"}}', NULL, '2026-04-05 16:34:14', '2026-04-05 16:34:14'),
(704, 'default', 'updated', 'App\\Models\\InventoryItem', 'updated', 27, NULL, NULL, '{\"attributes\":{\"current_quantity\":\"35.00\",\"issued_quantity\":\"12.00\",\"updated_by\":4},\"old\":{\"current_quantity\":\"47.00\",\"issued_quantity\":\"0.00\",\"updated_by\":8}}', NULL, '2026-04-05 16:34:14', '2026-04-05 16:34:14'),
(705, 'default', 'created', 'App\\Models\\InventoryTransaction', 'created', 59, NULL, NULL, '{\"attributes\":{\"inventory_item_id\":27,\"inventory_batch_id\":50,\"transaction_type\":\"issued\",\"quantity\":\"12.00\",\"unit_of_measure\":\"jar\",\"before_quantity\":\"47.00\",\"after_quantity\":\"35.00\",\"before_batch_quantity\":\"12.00\",\"after_batch_quantity\":\"0.00\",\"from_location_id\":8,\"to_location_id\":null,\"from_department_id\":null,\"to_department_id\":1,\"issued_to_user_id\":null,\"received_from_user_id\":null,\"reference_type\":\"App\\\\Models\\\\StockIssue\",\"reference_id\":1,\"reference_number\":\"ISS-20260326-0001\",\"transaction_datetime\":\"2026-03-26T00:00:00.000000Z\",\"remarks\":\"Topical medication issue\",\"performed_by\":4}}', NULL, '2026-04-05 16:34:14', '2026-04-05 16:34:14'),
(706, 'inventory', 'Stock issued', 'App\\Models\\InventoryItem', 'stock-issued', 27, 'App\\Models\\User', 4, '{\"issue_id\":1,\"issue_item_id\":8,\"batch_id\":50,\"quantity\":12}', NULL, '2026-04-05 16:34:14', '2026-04-05 16:34:14'),
(707, 'default', 'updated', 'App\\Models\\InventoryBatch', 'updated', 35, NULL, NULL, '{\"attributes\":{\"available_quantity\":\"31.00\",\"issued_quantity\":\"4.00\"},\"old\":{\"available_quantity\":\"35.00\",\"issued_quantity\":\"0.00\"}}', NULL, '2026-04-05 16:34:14', '2026-04-05 16:34:14'),
(708, 'default', 'created', 'App\\Models\\StockIssueItem', 'created', 9, NULL, NULL, '{\"attributes\":{\"stock_issue_id\":1,\"inventory_item_id\":27,\"inventory_batch_id\":35,\"quantity\":\"4.00\",\"unit_of_measure\":\"jar\",\"remarks\":\"Topical medication issue\"}}', NULL, '2026-04-05 16:34:14', '2026-04-05 16:34:14'),
(709, 'default', 'updated', 'App\\Models\\InventoryItem', 'updated', 27, NULL, NULL, '{\"attributes\":{\"current_quantity\":\"31.00\",\"issued_quantity\":\"16.00\"},\"old\":{\"current_quantity\":\"35.00\",\"issued_quantity\":\"12.00\"}}', NULL, '2026-04-05 16:34:14', '2026-04-05 16:34:14'),
(710, 'default', 'created', 'App\\Models\\InventoryTransaction', 'created', 60, NULL, NULL, '{\"attributes\":{\"inventory_item_id\":27,\"inventory_batch_id\":35,\"transaction_type\":\"issued\",\"quantity\":\"4.00\",\"unit_of_measure\":\"jar\",\"before_quantity\":\"35.00\",\"after_quantity\":\"31.00\",\"before_batch_quantity\":\"35.00\",\"after_batch_quantity\":\"31.00\",\"from_location_id\":8,\"to_location_id\":null,\"from_department_id\":null,\"to_department_id\":1,\"issued_to_user_id\":null,\"received_from_user_id\":null,\"reference_type\":\"App\\\\Models\\\\StockIssue\",\"reference_id\":1,\"reference_number\":\"ISS-20260326-0001\",\"transaction_datetime\":\"2026-03-26T00:00:00.000000Z\",\"remarks\":\"Topical medication issue\",\"performed_by\":4}}', NULL, '2026-04-05 16:34:14', '2026-04-05 16:34:14'),
(711, 'inventory', 'Stock issued', 'App\\Models\\InventoryItem', 'stock-issued', 27, 'App\\Models\\User', 4, '{\"issue_id\":1,\"issue_item_id\":9,\"batch_id\":35,\"quantity\":4}', NULL, '2026-04-05 16:34:14', '2026-04-05 16:34:14'),
(712, 'default', 'created', 'App\\Models\\StockIssue', 'created', 2, NULL, NULL, '{\"attributes\":{\"issue_number\":\"ISS-20260329-0001\",\"issue_date\":\"2026-03-29T00:00:00.000000Z\",\"issue_type\":\"location\",\"department_id\":2,\"location_id\":3,\"room_or_area\":null,\"issued_to_user_id\":null,\"issued_by\":4,\"remarks\":\"Ward stock top-up.\",\"status\":\"posted\",\"created_by\":4,\"updated_by\":4}}', NULL, '2026-04-05 16:34:15', '2026-04-05 16:34:15'),
(713, 'default', 'updated', 'App\\Models\\InventoryBatch', 'updated', 45, NULL, NULL, '{\"attributes\":{\"available_quantity\":\"0.00\",\"issued_quantity\":\"18.00\"},\"old\":{\"available_quantity\":\"18.00\",\"issued_quantity\":\"0.00\"}}', NULL, '2026-04-05 16:34:15', '2026-04-05 16:34:15'),
(714, 'default', 'updated', 'App\\Models\\InventoryBatch', 'updated', 45, NULL, NULL, '{\"attributes\":{\"status\":\"exhausted\"},\"old\":{\"status\":\"active\"}}', NULL, '2026-04-05 16:34:15', '2026-04-05 16:34:15'),
(715, 'default', 'created', 'App\\Models\\StockIssueItem', 'created', 10, NULL, NULL, '{\"attributes\":{\"stock_issue_id\":2,\"inventory_item_id\":2,\"inventory_batch_id\":45,\"quantity\":\"18.00\",\"unit_of_measure\":\"pack\",\"remarks\":null}}', NULL, '2026-04-05 16:34:15', '2026-04-05 16:34:15'),
(716, 'default', 'updated', 'App\\Models\\InventoryItem', 'updated', 2, NULL, NULL, '{\"attributes\":{\"current_quantity\":\"35.00\",\"issued_quantity\":\"18.00\"},\"old\":{\"current_quantity\":\"53.00\",\"issued_quantity\":\"0.00\"}}', NULL, '2026-04-05 16:34:15', '2026-04-05 16:34:15'),
(717, 'default', 'created', 'App\\Models\\InventoryTransaction', 'created', 61, NULL, NULL, '{\"attributes\":{\"inventory_item_id\":2,\"inventory_batch_id\":45,\"transaction_type\":\"issued\",\"quantity\":\"18.00\",\"unit_of_measure\":\"pack\",\"before_quantity\":\"53.00\",\"after_quantity\":\"35.00\",\"before_batch_quantity\":\"18.00\",\"after_batch_quantity\":\"0.00\",\"from_location_id\":5,\"to_location_id\":3,\"from_department_id\":null,\"to_department_id\":2,\"issued_to_user_id\":null,\"received_from_user_id\":null,\"reference_type\":\"App\\\\Models\\\\StockIssue\",\"reference_id\":2,\"reference_number\":\"ISS-20260329-0001\",\"transaction_datetime\":\"2026-03-29T00:00:00.000000Z\",\"remarks\":\"Ward stock top-up.\",\"performed_by\":4}}', NULL, '2026-04-05 16:34:15', '2026-04-05 16:34:15'),
(718, 'inventory', 'Stock issued', 'App\\Models\\InventoryItem', 'stock-issued', 2, 'App\\Models\\User', 4, '{\"issue_id\":2,\"issue_item_id\":10,\"batch_id\":45,\"quantity\":18}', NULL, '2026-04-05 16:34:15', '2026-04-05 16:34:15'),
(719, 'default', 'updated', 'App\\Models\\InventoryBatch', 'updated', 2, NULL, NULL, '{\"attributes\":{\"available_quantity\":\"33.00\",\"issued_quantity\":\"2.00\"},\"old\":{\"available_quantity\":\"35.00\",\"issued_quantity\":\"0.00\"}}', NULL, '2026-04-05 16:34:15', '2026-04-05 16:34:15'),
(720, 'default', 'created', 'App\\Models\\StockIssueItem', 'created', 11, NULL, NULL, '{\"attributes\":{\"stock_issue_id\":2,\"inventory_item_id\":2,\"inventory_batch_id\":2,\"quantity\":\"2.00\",\"unit_of_measure\":\"pack\",\"remarks\":null}}', NULL, '2026-04-05 16:34:16', '2026-04-05 16:34:16'),
(721, 'default', 'updated', 'App\\Models\\InventoryItem', 'updated', 2, NULL, NULL, '{\"attributes\":{\"current_quantity\":\"33.00\",\"issued_quantity\":\"20.00\"},\"old\":{\"current_quantity\":\"35.00\",\"issued_quantity\":\"18.00\"}}', NULL, '2026-04-05 16:34:16', '2026-04-05 16:34:16'),
(722, 'default', 'created', 'App\\Models\\InventoryTransaction', 'created', 62, NULL, NULL, '{\"attributes\":{\"inventory_item_id\":2,\"inventory_batch_id\":2,\"transaction_type\":\"issued\",\"quantity\":\"2.00\",\"unit_of_measure\":\"pack\",\"before_quantity\":\"35.00\",\"after_quantity\":\"33.00\",\"before_batch_quantity\":\"35.00\",\"after_batch_quantity\":\"33.00\",\"from_location_id\":5,\"to_location_id\":3,\"from_department_id\":null,\"to_department_id\":2,\"issued_to_user_id\":null,\"received_from_user_id\":null,\"reference_type\":\"App\\\\Models\\\\StockIssue\",\"reference_id\":2,\"reference_number\":\"ISS-20260329-0001\",\"transaction_datetime\":\"2026-03-29T00:00:00.000000Z\",\"remarks\":\"Ward stock top-up.\",\"performed_by\":4}}', NULL, '2026-04-05 16:34:16', '2026-04-05 16:34:16'),
(723, 'inventory', 'Stock issued', 'App\\Models\\InventoryItem', 'stock-issued', 2, 'App\\Models\\User', 4, '{\"issue_id\":2,\"issue_item_id\":11,\"batch_id\":2,\"quantity\":2}', NULL, '2026-04-05 16:34:17', '2026-04-05 16:34:17'),
(724, 'default', 'updated', 'App\\Models\\InventoryBatch', 'updated', 46, NULL, NULL, '{\"attributes\":{\"available_quantity\":\"2.00\",\"issued_quantity\":\"12.00\"},\"old\":{\"available_quantity\":\"14.00\",\"issued_quantity\":\"0.00\"}}', NULL, '2026-04-05 16:34:17', '2026-04-05 16:34:17'),
(725, 'default', 'updated', 'App\\Models\\InventoryBatch', 'updated', 46, NULL, NULL, '{\"attributes\":{\"status\":\"low_stock\"},\"old\":{\"status\":\"active\"}}', NULL, '2026-04-05 16:34:17', '2026-04-05 16:34:17'),
(726, 'default', 'created', 'App\\Models\\StockIssueItem', 'created', 12, NULL, NULL, '{\"attributes\":{\"stock_issue_id\":2,\"inventory_item_id\":3,\"inventory_batch_id\":46,\"quantity\":\"12.00\",\"unit_of_measure\":\"sheet\",\"remarks\":null}}', NULL, '2026-04-05 16:34:17', '2026-04-05 16:34:17'),
(727, 'default', 'updated', 'App\\Models\\InventoryItem', 'updated', 3, NULL, NULL, '{\"attributes\":{\"current_quantity\":\"37.00\",\"issued_quantity\":\"12.00\"},\"old\":{\"current_quantity\":\"49.00\",\"issued_quantity\":\"0.00\"}}', NULL, '2026-04-05 16:34:17', '2026-04-05 16:34:17'),
(728, 'default', 'created', 'App\\Models\\InventoryTransaction', 'created', 63, NULL, NULL, '{\"attributes\":{\"inventory_item_id\":3,\"inventory_batch_id\":46,\"transaction_type\":\"issued\",\"quantity\":\"12.00\",\"unit_of_measure\":\"sheet\",\"before_quantity\":\"49.00\",\"after_quantity\":\"37.00\",\"before_batch_quantity\":\"14.00\",\"after_batch_quantity\":\"2.00\",\"from_location_id\":5,\"to_location_id\":3,\"from_department_id\":null,\"to_department_id\":2,\"issued_to_user_id\":null,\"received_from_user_id\":null,\"reference_type\":\"App\\\\Models\\\\StockIssue\",\"reference_id\":2,\"reference_number\":\"ISS-20260329-0001\",\"transaction_datetime\":\"2026-03-29T00:00:00.000000Z\",\"remarks\":\"Ward stock top-up.\",\"performed_by\":4}}', NULL, '2026-04-05 16:34:17', '2026-04-05 16:34:17'),
(729, 'inventory', 'Stock issued', 'App\\Models\\InventoryItem', 'stock-issued', 3, 'App\\Models\\User', 4, '{\"issue_id\":2,\"issue_item_id\":12,\"batch_id\":46,\"quantity\":12}', NULL, '2026-04-05 16:34:17', '2026-04-05 16:34:17'),
(730, 'default', 'updated', 'App\\Models\\InventoryBatch', 'updated', 8, NULL, NULL, '{\"attributes\":{\"available_quantity\":\"40.00\",\"issued_quantity\":\"30.00\"},\"old\":{\"available_quantity\":\"70.00\",\"issued_quantity\":\"0.00\"}}', NULL, '2026-04-05 16:34:17', '2026-04-05 16:34:17'),
(731, 'default', 'created', 'App\\Models\\StockIssueItem', 'created', 13, NULL, NULL, '{\"attributes\":{\"stock_issue_id\":2,\"inventory_item_id\":8,\"inventory_batch_id\":8,\"quantity\":\"30.00\",\"unit_of_measure\":\"roll\",\"remarks\":null}}', NULL, '2026-04-05 16:34:17', '2026-04-05 16:34:17'),
(732, 'default', 'updated', 'App\\Models\\InventoryItem', 'updated', 8, NULL, NULL, '{\"attributes\":{\"current_quantity\":\"40.00\",\"issued_quantity\":\"30.00\"},\"old\":{\"current_quantity\":\"70.00\",\"issued_quantity\":\"0.00\"}}', NULL, '2026-04-05 16:34:17', '2026-04-05 16:34:17'),
(733, 'default', 'created', 'App\\Models\\InventoryTransaction', 'created', 64, NULL, NULL, '{\"attributes\":{\"inventory_item_id\":8,\"inventory_batch_id\":8,\"transaction_type\":\"issued\",\"quantity\":\"30.00\",\"unit_of_measure\":\"roll\",\"before_quantity\":\"70.00\",\"after_quantity\":\"40.00\",\"before_batch_quantity\":\"70.00\",\"after_batch_quantity\":\"40.00\",\"from_location_id\":5,\"to_location_id\":3,\"from_department_id\":null,\"to_department_id\":2,\"issued_to_user_id\":null,\"received_from_user_id\":null,\"reference_type\":\"App\\\\Models\\\\StockIssue\",\"reference_id\":2,\"reference_number\":\"ISS-20260329-0001\",\"transaction_datetime\":\"2026-03-29T00:00:00.000000Z\",\"remarks\":\"Ward stock top-up.\",\"performed_by\":4}}', NULL, '2026-04-05 16:34:17', '2026-04-05 16:34:17'),
(734, 'inventory', 'Stock issued', 'App\\Models\\InventoryItem', 'stock-issued', 8, 'App\\Models\\User', 4, '{\"issue_id\":2,\"issue_item_id\":13,\"batch_id\":8,\"quantity\":30}', NULL, '2026-04-05 16:34:17', '2026-04-05 16:34:17'),
(735, 'default', 'updated', 'App\\Models\\InventoryBatch', 'updated', 21, NULL, NULL, '{\"attributes\":{\"available_quantity\":\"100.00\",\"issued_quantity\":\"80.00\"},\"old\":{\"available_quantity\":\"180.00\",\"issued_quantity\":\"0.00\"}}', NULL, '2026-04-05 16:34:17', '2026-04-05 16:34:17'),
(736, 'default', 'created', 'App\\Models\\StockIssueItem', 'created', 14, NULL, NULL, '{\"attributes\":{\"stock_issue_id\":2,\"inventory_item_id\":21,\"inventory_batch_id\":21,\"quantity\":\"80.00\",\"unit_of_measure\":\"box\",\"remarks\":null}}', NULL, '2026-04-05 16:34:17', '2026-04-05 16:34:17'),
(737, 'default', 'updated', 'App\\Models\\InventoryItem', 'updated', 21, NULL, NULL, '{\"attributes\":{\"current_quantity\":\"100.00\",\"issued_quantity\":\"80.00\"},\"old\":{\"current_quantity\":\"180.00\",\"issued_quantity\":\"0.00\"}}', NULL, '2026-04-05 16:34:17', '2026-04-05 16:34:17'),
(738, 'default', 'created', 'App\\Models\\InventoryTransaction', 'created', 65, NULL, NULL, '{\"attributes\":{\"inventory_item_id\":21,\"inventory_batch_id\":21,\"transaction_type\":\"issued\",\"quantity\":\"80.00\",\"unit_of_measure\":\"box\",\"before_quantity\":\"180.00\",\"after_quantity\":\"100.00\",\"before_batch_quantity\":\"180.00\",\"after_batch_quantity\":\"100.00\",\"from_location_id\":6,\"to_location_id\":3,\"from_department_id\":null,\"to_department_id\":2,\"issued_to_user_id\":null,\"received_from_user_id\":null,\"reference_type\":\"App\\\\Models\\\\StockIssue\",\"reference_id\":2,\"reference_number\":\"ISS-20260329-0001\",\"transaction_datetime\":\"2026-03-29T00:00:00.000000Z\",\"remarks\":\"Ward stock top-up.\",\"performed_by\":4}}', NULL, '2026-04-05 16:34:18', '2026-04-05 16:34:18'),
(739, 'inventory', 'Stock issued', 'App\\Models\\InventoryItem', 'stock-issued', 21, 'App\\Models\\User', 4, '{\"issue_id\":2,\"issue_item_id\":14,\"batch_id\":21,\"quantity\":80}', NULL, '2026-04-05 16:34:18', '2026-04-05 16:34:18'),
(740, 'default', 'updated', 'App\\Models\\InventoryBatch', 'updated', 23, NULL, NULL, '{\"attributes\":{\"available_quantity\":\"130.00\",\"issued_quantity\":\"50.00\"},\"old\":{\"available_quantity\":\"180.00\",\"issued_quantity\":\"0.00\"}}', NULL, '2026-04-05 16:34:18', '2026-04-05 16:34:18'),
(741, 'default', 'created', 'App\\Models\\StockIssueItem', 'created', 15, NULL, NULL, '{\"attributes\":{\"stock_issue_id\":2,\"inventory_item_id\":23,\"inventory_batch_id\":23,\"quantity\":\"50.00\",\"unit_of_measure\":\"box\",\"remarks\":null}}', NULL, '2026-04-05 16:34:18', '2026-04-05 16:34:18'),
(742, 'default', 'updated', 'App\\Models\\InventoryItem', 'updated', 23, NULL, NULL, '{\"attributes\":{\"current_quantity\":\"130.00\",\"issued_quantity\":\"50.00\"},\"old\":{\"current_quantity\":\"180.00\",\"issued_quantity\":\"0.00\"}}', NULL, '2026-04-05 16:34:18', '2026-04-05 16:34:18'),
(743, 'default', 'created', 'App\\Models\\InventoryTransaction', 'created', 66, NULL, NULL, '{\"attributes\":{\"inventory_item_id\":23,\"inventory_batch_id\":23,\"transaction_type\":\"issued\",\"quantity\":\"50.00\",\"unit_of_measure\":\"box\",\"before_quantity\":\"180.00\",\"after_quantity\":\"130.00\",\"before_batch_quantity\":\"180.00\",\"after_batch_quantity\":\"130.00\",\"from_location_id\":6,\"to_location_id\":3,\"from_department_id\":null,\"to_department_id\":2,\"issued_to_user_id\":null,\"received_from_user_id\":null,\"reference_type\":\"App\\\\Models\\\\StockIssue\",\"reference_id\":2,\"reference_number\":\"ISS-20260329-0001\",\"transaction_datetime\":\"2026-03-29T00:00:00.000000Z\",\"remarks\":\"Ward stock top-up.\",\"performed_by\":4}}', NULL, '2026-04-05 16:34:18', '2026-04-05 16:34:18'),
(744, 'inventory', 'Stock issued', 'App\\Models\\InventoryItem', 'stock-issued', 23, 'App\\Models\\User', 4, '{\"issue_id\":2,\"issue_item_id\":15,\"batch_id\":23,\"quantity\":50}', NULL, '2026-04-05 16:34:18', '2026-04-05 16:34:18'),
(745, 'default', 'updated', 'App\\Models\\InventoryBatch', 'updated', 27, NULL, NULL, '{\"attributes\":{\"available_quantity\":\"48.00\",\"issued_quantity\":\"22.00\"},\"old\":{\"available_quantity\":\"70.00\",\"issued_quantity\":\"0.00\"}}', NULL, '2026-04-05 16:34:18', '2026-04-05 16:34:18'),
(746, 'default', 'created', 'App\\Models\\StockIssueItem', 'created', 16, NULL, NULL, '{\"attributes\":{\"stock_issue_id\":2,\"inventory_item_id\":33,\"inventory_batch_id\":27,\"quantity\":\"22.00\",\"unit_of_measure\":\"pack\",\"remarks\":null}}', NULL, '2026-04-05 16:34:18', '2026-04-05 16:34:18'),
(747, 'default', 'updated', 'App\\Models\\InventoryItem', 'updated', 33, NULL, NULL, '{\"attributes\":{\"current_quantity\":\"48.00\",\"issued_quantity\":\"22.00\"},\"old\":{\"current_quantity\":\"70.00\",\"issued_quantity\":\"0.00\"}}', NULL, '2026-04-05 16:34:18', '2026-04-05 16:34:18'),
(748, 'default', 'created', 'App\\Models\\InventoryTransaction', 'created', 67, NULL, NULL, '{\"attributes\":{\"inventory_item_id\":33,\"inventory_batch_id\":27,\"transaction_type\":\"issued\",\"quantity\":\"22.00\",\"unit_of_measure\":\"pack\",\"before_quantity\":\"70.00\",\"after_quantity\":\"48.00\",\"before_batch_quantity\":\"70.00\",\"after_batch_quantity\":\"48.00\",\"from_location_id\":6,\"to_location_id\":3,\"from_department_id\":null,\"to_department_id\":2,\"issued_to_user_id\":null,\"received_from_user_id\":null,\"reference_type\":\"App\\\\Models\\\\StockIssue\",\"reference_id\":2,\"reference_number\":\"ISS-20260329-0001\",\"transaction_datetime\":\"2026-03-29T00:00:00.000000Z\",\"remarks\":\"Ward stock top-up.\",\"performed_by\":4}}', NULL, '2026-04-05 16:34:18', '2026-04-05 16:34:18'),
(749, 'inventory', 'Stock issued', 'App\\Models\\InventoryItem', 'stock-issued', 33, 'App\\Models\\User', 4, '{\"issue_id\":2,\"issue_item_id\":16,\"batch_id\":27,\"quantity\":22}', NULL, '2026-04-05 16:34:18', '2026-04-05 16:34:18'),
(750, 'default', 'created', 'App\\Models\\StockIssue', 'created', 3, NULL, NULL, '{\"attributes\":{\"issue_number\":\"ISS-20260331-0001\",\"issue_date\":\"2026-03-31T00:00:00.000000Z\",\"issue_type\":\"staff\",\"department_id\":3,\"location_id\":null,\"room_or_area\":null,\"issued_to_user_id\":7,\"issued_by\":6,\"remarks\":\"Procedure room rapid issue.\",\"status\":\"posted\",\"created_by\":6,\"updated_by\":6}}', NULL, '2026-04-05 16:34:19', '2026-04-05 16:34:19'),
(751, 'default', 'updated', 'App\\Models\\InventoryBatch', 'updated', 18, NULL, NULL, '{\"attributes\":{\"available_quantity\":\"34.00\",\"issued_quantity\":\"6.00\",\"updated_by\":6},\"old\":{\"available_quantity\":\"40.00\",\"issued_quantity\":\"0.00\",\"updated_by\":4}}', NULL, '2026-04-05 16:34:19', '2026-04-05 16:34:19'),
(752, 'default', 'created', 'App\\Models\\StockIssueItem', 'created', 17, NULL, NULL, '{\"attributes\":{\"stock_issue_id\":3,\"inventory_item_id\":18,\"inventory_batch_id\":18,\"quantity\":\"6.00\",\"unit_of_measure\":\"set\",\"remarks\":null}}', NULL, '2026-04-05 16:34:19', '2026-04-05 16:34:19'),
(753, 'default', 'updated', 'App\\Models\\InventoryItem', 'updated', 18, NULL, NULL, '{\"attributes\":{\"current_quantity\":\"34.00\",\"issued_quantity\":\"6.00\",\"updated_by\":6},\"old\":{\"current_quantity\":\"40.00\",\"issued_quantity\":\"0.00\",\"updated_by\":4}}', NULL, '2026-04-05 16:34:19', '2026-04-05 16:34:19'),
(754, 'default', 'created', 'App\\Models\\InventoryTransaction', 'created', 68, NULL, NULL, '{\"attributes\":{\"inventory_item_id\":18,\"inventory_batch_id\":18,\"transaction_type\":\"issued\",\"quantity\":\"6.00\",\"unit_of_measure\":\"set\",\"before_quantity\":\"40.00\",\"after_quantity\":\"34.00\",\"before_batch_quantity\":\"40.00\",\"after_batch_quantity\":\"34.00\",\"from_location_id\":5,\"to_location_id\":null,\"from_department_id\":null,\"to_department_id\":3,\"issued_to_user_id\":7,\"received_from_user_id\":null,\"reference_type\":\"App\\\\Models\\\\StockIssue\",\"reference_id\":3,\"reference_number\":\"ISS-20260331-0001\",\"transaction_datetime\":\"2026-03-31T00:00:00.000000Z\",\"remarks\":\"Procedure room rapid issue.\",\"performed_by\":6}}', NULL, '2026-04-05 16:34:19', '2026-04-05 16:34:19'),
(755, 'inventory', 'Stock issued', 'App\\Models\\InventoryItem', 'stock-issued', 18, 'App\\Models\\User', 6, '{\"issue_id\":3,\"issue_item_id\":17,\"batch_id\":18,\"quantity\":6}', NULL, '2026-04-05 16:34:19', '2026-04-05 16:34:19'),
(756, 'default', 'updated', 'App\\Models\\InventoryBatch', 'updated', 19, NULL, NULL, '{\"attributes\":{\"available_quantity\":\"96.00\",\"issued_quantity\":\"24.00\",\"updated_by\":6},\"old\":{\"available_quantity\":\"120.00\",\"issued_quantity\":\"0.00\",\"updated_by\":4}}', NULL, '2026-04-05 16:34:19', '2026-04-05 16:34:19'),
(757, 'default', 'created', 'App\\Models\\StockIssueItem', 'created', 18, NULL, NULL, '{\"attributes\":{\"stock_issue_id\":3,\"inventory_item_id\":19,\"inventory_batch_id\":19,\"quantity\":\"24.00\",\"unit_of_measure\":\"bag\",\"remarks\":null}}', NULL, '2026-04-05 16:34:19', '2026-04-05 16:34:19'),
(758, 'default', 'updated', 'App\\Models\\InventoryItem', 'updated', 19, NULL, NULL, '{\"attributes\":{\"current_quantity\":\"96.00\",\"issued_quantity\":\"24.00\",\"updated_by\":6},\"old\":{\"current_quantity\":\"120.00\",\"issued_quantity\":\"0.00\",\"updated_by\":4}}', NULL, '2026-04-05 16:34:19', '2026-04-05 16:34:19'),
(759, 'default', 'created', 'App\\Models\\InventoryTransaction', 'created', 69, NULL, NULL, '{\"attributes\":{\"inventory_item_id\":19,\"inventory_batch_id\":19,\"transaction_type\":\"issued\",\"quantity\":\"24.00\",\"unit_of_measure\":\"bag\",\"before_quantity\":\"120.00\",\"after_quantity\":\"96.00\",\"before_batch_quantity\":\"120.00\",\"after_batch_quantity\":\"96.00\",\"from_location_id\":5,\"to_location_id\":null,\"from_department_id\":null,\"to_department_id\":3,\"issued_to_user_id\":7,\"received_from_user_id\":null,\"reference_type\":\"App\\\\Models\\\\StockIssue\",\"reference_id\":3,\"reference_number\":\"ISS-20260331-0001\",\"transaction_datetime\":\"2026-03-31T00:00:00.000000Z\",\"remarks\":\"Procedure room rapid issue.\",\"performed_by\":6}}', NULL, '2026-04-05 16:34:19', '2026-04-05 16:34:19'),
(760, 'inventory', 'Stock issued', 'App\\Models\\InventoryItem', 'stock-issued', 19, 'App\\Models\\User', 6, '{\"issue_id\":3,\"issue_item_id\":18,\"batch_id\":19,\"quantity\":24}', NULL, '2026-04-05 16:34:19', '2026-04-05 16:34:19'),
(761, 'default', 'updated', 'App\\Models\\InventoryBatch', 'updated', 40, NULL, NULL, '{\"attributes\":{\"available_quantity\":\"21.00\",\"issued_quantity\":\"14.00\",\"updated_by\":6},\"old\":{\"available_quantity\":\"35.00\",\"issued_quantity\":\"0.00\",\"updated_by\":4}}', NULL, '2026-04-05 16:34:19', '2026-04-05 16:34:19'),
(762, 'default', 'created', 'App\\Models\\StockIssueItem', 'created', 19, NULL, NULL, '{\"attributes\":{\"stock_issue_id\":3,\"inventory_item_id\":32,\"inventory_batch_id\":40,\"quantity\":\"14.00\",\"unit_of_measure\":\"vial\",\"remarks\":null}}', NULL, '2026-04-05 16:34:19', '2026-04-05 16:34:19'),
(763, 'default', 'updated', 'App\\Models\\InventoryItem', 'updated', 32, NULL, NULL, '{\"attributes\":{\"current_quantity\":\"21.00\",\"issued_quantity\":\"14.00\",\"updated_by\":6},\"old\":{\"current_quantity\":\"35.00\",\"issued_quantity\":\"0.00\",\"updated_by\":4}}', NULL, '2026-04-05 16:34:19', '2026-04-05 16:34:19'),
(764, 'default', 'created', 'App\\Models\\InventoryTransaction', 'created', 70, NULL, NULL, '{\"attributes\":{\"inventory_item_id\":32,\"inventory_batch_id\":40,\"transaction_type\":\"issued\",\"quantity\":\"14.00\",\"unit_of_measure\":\"vial\",\"before_quantity\":\"35.00\",\"after_quantity\":\"21.00\",\"before_batch_quantity\":\"35.00\",\"after_batch_quantity\":\"21.00\",\"from_location_id\":8,\"to_location_id\":null,\"from_department_id\":null,\"to_department_id\":3,\"issued_to_user_id\":7,\"received_from_user_id\":null,\"reference_type\":\"App\\\\Models\\\\StockIssue\",\"reference_id\":3,\"reference_number\":\"ISS-20260331-0001\",\"transaction_datetime\":\"2026-03-31T00:00:00.000000Z\",\"remarks\":\"Procedure room rapid issue.\",\"performed_by\":6}}', NULL, '2026-04-05 16:34:19', '2026-04-05 16:34:19'),
(765, 'inventory', 'Stock issued', 'App\\Models\\InventoryItem', 'stock-issued', 32, 'App\\Models\\User', 6, '{\"issue_id\":3,\"issue_item_id\":19,\"batch_id\":40,\"quantity\":14}', NULL, '2026-04-05 16:34:19', '2026-04-05 16:34:19'),
(766, 'default', 'created', 'App\\Models\\StockReturn', 'created', 1, NULL, NULL, '{\"attributes\":{\"return_number\":\"RET-20260402-0001\",\"return_date\":\"2026-04-02T00:00:00.000000Z\",\"source_issue_id\":1,\"returned_by\":6,\"received_by\":4,\"department_id\":1,\"location_id\":5,\"room_or_area\":null,\"remarks\":\"Unused and contaminated stock returned from ICU.\",\"status\":\"posted\",\"created_by\":4,\"updated_by\":4}}', NULL, '2026-04-05 16:34:20', '2026-04-05 16:34:20'),
(767, 'default', 'updated', 'App\\Models\\InventoryBatch', 'updated', 47, NULL, NULL, '{\"attributes\":{\"available_quantity\":\"8.00\",\"returned_quantity\":\"8.00\"},\"old\":{\"available_quantity\":\"0.00\",\"returned_quantity\":\"0.00\"}}', NULL, '2026-04-05 16:34:20', '2026-04-05 16:34:20'),
(768, 'default', 'updated', 'App\\Models\\InventoryBatch', 'updated', 47, NULL, NULL, '{\"attributes\":{\"status\":\"low_stock\"},\"old\":{\"status\":\"exhausted\"}}', NULL, '2026-04-05 16:34:20', '2026-04-05 16:34:20'),
(769, 'default', 'updated', 'App\\Models\\InventoryItem', 'updated', 7, NULL, NULL, '{\"attributes\":{\"current_quantity\":\"13.00\"},\"old\":{\"current_quantity\":\"5.00\"}}', NULL, '2026-04-05 16:34:20', '2026-04-05 16:34:20'),
(770, 'default', 'created', 'App\\Models\\StockReturnItem', 'created', 1, NULL, NULL, '{\"attributes\":{\"stock_return_id\":1,\"inventory_item_id\":7,\"inventory_batch_id\":47,\"quantity\":\"8.00\",\"return_condition\":\"usable\",\"remarks\":\"Unused sterile stock\"}}', NULL, '2026-04-05 16:34:21', '2026-04-05 16:34:21'),
(771, 'default', 'created', 'App\\Models\\InventoryTransaction', 'created', 71, NULL, NULL, '{\"attributes\":{\"inventory_item_id\":7,\"inventory_batch_id\":47,\"transaction_type\":\"returned\",\"quantity\":\"8.00\",\"unit_of_measure\":\"pack\",\"before_quantity\":\"5.00\",\"after_quantity\":\"13.00\",\"before_batch_quantity\":\"0.00\",\"after_batch_quantity\":\"8.00\",\"from_location_id\":null,\"to_location_id\":5,\"from_department_id\":null,\"to_department_id\":1,\"issued_to_user_id\":null,\"received_from_user_id\":6,\"reference_type\":\"App\\\\Models\\\\StockReturn\",\"reference_id\":1,\"reference_number\":\"RET-20260402-0001\",\"transaction_datetime\":\"2026-04-02T00:00:00.000000Z\",\"remarks\":\"Unused sterile stock\",\"performed_by\":4}}', NULL, '2026-04-05 16:34:21', '2026-04-05 16:34:21'),
(772, 'inventory', 'Stock returned', 'App\\Models\\InventoryItem', 'stock-returned', 7, 'App\\Models\\User', 4, '{\"return_id\":1,\"return_item_id\":1,\"batch_id\":47,\"condition\":\"usable\",\"quantity\":8}', NULL, '2026-04-05 16:34:21', '2026-04-05 16:34:21'),
(773, 'default', 'updated', 'App\\Models\\InventoryBatch', 'updated', 46, NULL, NULL, '{\"attributes\":{\"returned_quantity\":\"3.00\",\"quarantined_quantity\":\"3.00\"},\"old\":{\"returned_quantity\":\"0.00\",\"quarantined_quantity\":\"0.00\"}}', NULL, '2026-04-05 16:34:21', '2026-04-05 16:34:21'),
(774, 'default', 'updated', 'App\\Models\\InventoryItem', 'updated', 3, NULL, NULL, '{\"attributes\":{\"current_quantity\":\"40.00\",\"quarantined_quantity\":\"3.00\"},\"old\":{\"current_quantity\":\"37.00\",\"quarantined_quantity\":\"0.00\"}}', NULL, '2026-04-05 16:34:21', '2026-04-05 16:34:21'),
(775, 'default', 'created', 'App\\Models\\StockReturnItem', 'created', 2, NULL, NULL, '{\"attributes\":{\"stock_return_id\":1,\"inventory_item_id\":3,\"inventory_batch_id\":46,\"quantity\":\"3.00\",\"return_condition\":\"contaminated\",\"remarks\":\"Package compromised during dressing round\"}}', NULL, '2026-04-05 16:34:22', '2026-04-05 16:34:22'),
(776, 'default', 'created', 'App\\Models\\InventoryTransaction', 'created', 72, NULL, NULL, '{\"attributes\":{\"inventory_item_id\":3,\"inventory_batch_id\":46,\"transaction_type\":\"quarantined\",\"quantity\":\"3.00\",\"unit_of_measure\":\"sheet\",\"before_quantity\":\"37.00\",\"after_quantity\":\"40.00\",\"before_batch_quantity\":\"2.00\",\"after_batch_quantity\":\"2.00\",\"from_location_id\":null,\"to_location_id\":5,\"from_department_id\":null,\"to_department_id\":1,\"issued_to_user_id\":null,\"received_from_user_id\":6,\"reference_type\":\"App\\\\Models\\\\StockReturn\",\"reference_id\":1,\"reference_number\":\"RET-20260402-0001\",\"transaction_datetime\":\"2026-04-02T00:00:00.000000Z\",\"remarks\":\"Package compromised during dressing round\",\"performed_by\":4}}', NULL, '2026-04-05 16:34:22', '2026-04-05 16:34:22'),
(777, 'inventory', 'Stock returned', 'App\\Models\\InventoryItem', 'stock-returned', 3, 'App\\Models\\User', 4, '{\"return_id\":1,\"return_item_id\":2,\"batch_id\":46,\"condition\":\"contaminated\",\"quantity\":3}', NULL, '2026-04-05 16:34:22', '2026-04-05 16:34:22'),
(778, 'default', 'created', 'App\\Models\\StockTransfer', 'created', 1, NULL, NULL, '{\"attributes\":{\"transfer_number\":\"TRF-20260403-0001\",\"transfer_date\":\"2026-04-03T00:00:00.000000Z\",\"from_location_id\":5,\"to_location_id\":7,\"from_department_id\":4,\"to_department_id\":4,\"remarks\":\"Emergency reserve refresh.\",\"status\":\"posted\",\"created_by\":4,\"updated_by\":4,\"performed_by\":4}}', NULL, '2026-04-05 16:34:25', '2026-04-05 16:34:25'),
(779, 'default', 'created', 'App\\Models\\InventoryBatch', 'created', 52, NULL, NULL, '{\"attributes\":{\"inventory_item_id\":1,\"batch_number\":\"SILVERSU-A\",\"lot_number\":null,\"manufacture_date\":\"2026-02-05T00:00:00.000000Z\",\"expiry_date\":\"2026-10-05T00:00:00.000000Z\",\"unit_cost\":\"620.00\",\"received_quantity\":\"0.00\",\"available_quantity\":\"0.00\",\"reserved_quantity\":\"0.00\",\"issued_quantity\":\"0.00\",\"returned_quantity\":\"0.00\",\"damaged_quantity\":\"0.00\",\"quarantined_quantity\":\"0.00\",\"expired_quantity\":\"0.00\",\"status\":\"active\",\"supplier_id\":1,\"received_at\":\"2026-03-08T00:00:00.000000Z\",\"store_location_id\":7,\"storage_zone\":\"Sterile Rack A1\",\"notes\":\"Seeded for realistic burn center stock control.\",\"created_by\":4,\"updated_by\":4}}', NULL, '2026-04-05 16:34:25', '2026-04-05 16:34:25'),
(780, 'default', 'updated', 'App\\Models\\InventoryBatch', 'updated', 52, NULL, NULL, '{\"attributes\":{\"received_quantity\":\"0.00\",\"available_quantity\":\"0.00\",\"reserved_quantity\":\"0.00\",\"issued_quantity\":\"0.00\",\"returned_quantity\":\"0.00\",\"damaged_quantity\":\"0.00\",\"quarantined_quantity\":\"0.00\",\"expired_quantity\":\"0.00\",\"status\":\"exhausted\"},\"old\":{\"received_quantity\":null,\"available_quantity\":null,\"reserved_quantity\":null,\"issued_quantity\":null,\"returned_quantity\":null,\"damaged_quantity\":null,\"quarantined_quantity\":null,\"expired_quantity\":null,\"status\":null}}', NULL, '2026-04-05 16:34:26', '2026-04-05 16:34:26'),
(781, 'default', 'updated', 'App\\Models\\InventoryBatch', 'updated', 1, NULL, NULL, '{\"attributes\":{\"available_quantity\":\"32.00\"},\"old\":{\"available_quantity\":\"42.00\"}}', NULL, '2026-04-05 16:34:26', '2026-04-05 16:34:26'),
(782, 'default', 'updated', 'App\\Models\\InventoryBatch', 'updated', 52, NULL, NULL, '{\"attributes\":{\"received_quantity\":\"0.00\",\"available_quantity\":\"10.00\",\"reserved_quantity\":\"0.00\",\"issued_quantity\":\"0.00\",\"returned_quantity\":\"0.00\",\"damaged_quantity\":\"0.00\",\"quarantined_quantity\":\"0.00\",\"expired_quantity\":\"0.00\"},\"old\":{\"received_quantity\":null,\"available_quantity\":null,\"reserved_quantity\":null,\"issued_quantity\":null,\"returned_quantity\":null,\"damaged_quantity\":null,\"quarantined_quantity\":null,\"expired_quantity\":null}}', NULL, '2026-04-05 16:34:26', '2026-04-05 16:34:26'),
(783, 'default', 'updated', 'App\\Models\\InventoryBatch', 'updated', 52, NULL, NULL, '{\"attributes\":{\"received_quantity\":\"0.00\",\"reserved_quantity\":\"0.00\",\"issued_quantity\":\"0.00\",\"returned_quantity\":\"0.00\",\"damaged_quantity\":\"0.00\",\"quarantined_quantity\":\"0.00\",\"expired_quantity\":\"0.00\",\"status\":\"low_stock\"},\"old\":{\"received_quantity\":null,\"reserved_quantity\":null,\"issued_quantity\":null,\"returned_quantity\":null,\"damaged_quantity\":null,\"quarantined_quantity\":null,\"expired_quantity\":null,\"status\":\"exhausted\"}}', NULL, '2026-04-05 16:34:26', '2026-04-05 16:34:26'),
(784, 'default', 'created', 'App\\Models\\StockTransferItem', 'created', 1, NULL, NULL, '{\"attributes\":{\"stock_transfer_id\":1,\"inventory_item_id\":1,\"inventory_batch_id\":1,\"quantity\":\"10.00\",\"remarks\":null}}', NULL, '2026-04-05 16:34:26', '2026-04-05 16:34:26'),
(785, 'default', 'created', 'App\\Models\\InventoryTransaction', 'created', 73, NULL, NULL, '{\"attributes\":{\"inventory_item_id\":1,\"inventory_batch_id\":1,\"transaction_type\":\"transferred_out\",\"quantity\":\"10.00\",\"unit_of_measure\":\"pack\",\"before_quantity\":\"42.00\",\"after_quantity\":\"42.00\",\"before_batch_quantity\":\"42.00\",\"after_batch_quantity\":\"32.00\",\"from_location_id\":5,\"to_location_id\":7,\"from_department_id\":4,\"to_department_id\":4,\"issued_to_user_id\":null,\"received_from_user_id\":null,\"reference_type\":\"App\\\\Models\\\\StockTransfer\",\"reference_id\":1,\"reference_number\":\"TRF-20260403-0001\",\"transaction_datetime\":\"2026-04-03T00:00:00.000000Z\",\"remarks\":\"Emergency reserve refresh.\",\"performed_by\":4}}', NULL, '2026-04-05 16:34:26', '2026-04-05 16:34:26'),
(786, 'default', 'created', 'App\\Models\\InventoryTransaction', 'created', 74, NULL, NULL, '{\"attributes\":{\"inventory_item_id\":1,\"inventory_batch_id\":52,\"transaction_type\":\"transferred_in\",\"quantity\":\"10.00\",\"unit_of_measure\":\"pack\",\"before_quantity\":\"42.00\",\"after_quantity\":\"42.00\",\"before_batch_quantity\":\"0.00\",\"after_batch_quantity\":\"10.00\",\"from_location_id\":5,\"to_location_id\":7,\"from_department_id\":4,\"to_department_id\":4,\"issued_to_user_id\":null,\"received_from_user_id\":null,\"reference_type\":\"App\\\\Models\\\\StockTransfer\",\"reference_id\":1,\"reference_number\":\"TRF-20260403-0001\",\"transaction_datetime\":\"2026-04-03T00:00:00.000000Z\",\"remarks\":\"Emergency reserve refresh.\",\"performed_by\":4}}', NULL, '2026-04-05 16:34:26', '2026-04-05 16:34:26'),
(787, 'inventory', 'Stock transferred', 'App\\Models\\InventoryItem', 'stock-transferred', 1, 'App\\Models\\User', 4, '{\"transfer_id\":1,\"transfer_item_id\":1,\"source_batch_id\":1,\"target_batch_id\":52,\"quantity\":10}', NULL, '2026-04-05 16:34:26', '2026-04-05 16:34:26'),
(788, 'default', 'created', 'App\\Models\\InventoryBatch', 'created', 53, NULL, NULL, '{\"attributes\":{\"inventory_item_id\":7,\"batch_number\":\"GAU-NEAR-01\",\"lot_number\":null,\"manufacture_date\":\"2026-02-05T00:00:00.000000Z\",\"expiry_date\":\"2026-05-02T00:00:00.000000Z\",\"unit_cost\":\"180.00\",\"received_quantity\":\"0.00\",\"available_quantity\":\"0.00\",\"reserved_quantity\":\"0.00\",\"issued_quantity\":\"0.00\",\"returned_quantity\":\"0.00\",\"damaged_quantity\":\"0.00\",\"quarantined_quantity\":\"0.00\",\"expired_quantity\":\"0.00\",\"status\":\"active\",\"supplier_id\":1,\"received_at\":\"2026-03-22T00:00:00.000000Z\",\"store_location_id\":7,\"storage_zone\":\"Procedure Shelf B2\",\"notes\":\"Seeded for realistic burn center stock control.\",\"created_by\":4,\"updated_by\":4}}', NULL, '2026-04-05 16:34:26', '2026-04-05 16:34:26'),
(789, 'default', 'updated', 'App\\Models\\InventoryBatch', 'updated', 53, NULL, NULL, '{\"attributes\":{\"received_quantity\":\"0.00\",\"available_quantity\":\"0.00\",\"reserved_quantity\":\"0.00\",\"issued_quantity\":\"0.00\",\"returned_quantity\":\"0.00\",\"damaged_quantity\":\"0.00\",\"quarantined_quantity\":\"0.00\",\"expired_quantity\":\"0.00\",\"status\":\"exhausted\"},\"old\":{\"received_quantity\":null,\"available_quantity\":null,\"reserved_quantity\":null,\"issued_quantity\":null,\"returned_quantity\":null,\"damaged_quantity\":null,\"quarantined_quantity\":null,\"expired_quantity\":null,\"status\":null}}', NULL, '2026-04-05 16:34:26', '2026-04-05 16:34:26'),
(790, 'default', 'updated', 'App\\Models\\InventoryBatch', 'updated', 47, NULL, NULL, '{\"attributes\":{\"available_quantity\":\"2.00\"},\"old\":{\"available_quantity\":\"8.00\"}}', NULL, '2026-04-05 16:34:27', '2026-04-05 16:34:27'),
(791, 'default', 'updated', 'App\\Models\\InventoryBatch', 'updated', 53, NULL, NULL, '{\"attributes\":{\"received_quantity\":\"0.00\",\"available_quantity\":\"6.00\",\"reserved_quantity\":\"0.00\",\"issued_quantity\":\"0.00\",\"returned_quantity\":\"0.00\",\"damaged_quantity\":\"0.00\",\"quarantined_quantity\":\"0.00\",\"expired_quantity\":\"0.00\"},\"old\":{\"received_quantity\":null,\"available_quantity\":null,\"reserved_quantity\":null,\"issued_quantity\":null,\"returned_quantity\":null,\"damaged_quantity\":null,\"quarantined_quantity\":null,\"expired_quantity\":null}}', NULL, '2026-04-05 16:34:27', '2026-04-05 16:34:27'),
(792, 'default', 'updated', 'App\\Models\\InventoryBatch', 'updated', 53, NULL, NULL, '{\"attributes\":{\"received_quantity\":\"0.00\",\"reserved_quantity\":\"0.00\",\"issued_quantity\":\"0.00\",\"returned_quantity\":\"0.00\",\"damaged_quantity\":\"0.00\",\"quarantined_quantity\":\"0.00\",\"expired_quantity\":\"0.00\",\"status\":\"low_stock\"},\"old\":{\"received_quantity\":null,\"reserved_quantity\":null,\"issued_quantity\":null,\"returned_quantity\":null,\"damaged_quantity\":null,\"quarantined_quantity\":null,\"expired_quantity\":null,\"status\":\"exhausted\"}}', NULL, '2026-04-05 16:34:28', '2026-04-05 16:34:28'),
(793, 'default', 'created', 'App\\Models\\StockTransferItem', 'created', 2, NULL, NULL, '{\"attributes\":{\"stock_transfer_id\":1,\"inventory_item_id\":7,\"inventory_batch_id\":47,\"quantity\":\"6.00\",\"remarks\":null}}', NULL, '2026-04-05 16:34:28', '2026-04-05 16:34:28'),
(794, 'default', 'created', 'App\\Models\\InventoryTransaction', 'created', 75, NULL, NULL, '{\"attributes\":{\"inventory_item_id\":7,\"inventory_batch_id\":47,\"transaction_type\":\"transferred_out\",\"quantity\":\"6.00\",\"unit_of_measure\":\"pack\",\"before_quantity\":\"13.00\",\"after_quantity\":\"13.00\",\"before_batch_quantity\":\"8.00\",\"after_batch_quantity\":\"2.00\",\"from_location_id\":5,\"to_location_id\":7,\"from_department_id\":4,\"to_department_id\":4,\"issued_to_user_id\":null,\"received_from_user_id\":null,\"reference_type\":\"App\\\\Models\\\\StockTransfer\",\"reference_id\":1,\"reference_number\":\"TRF-20260403-0001\",\"transaction_datetime\":\"2026-04-03T00:00:00.000000Z\",\"remarks\":\"Emergency reserve refresh.\",\"performed_by\":4}}', NULL, '2026-04-05 16:34:28', '2026-04-05 16:34:28'),
(795, 'default', 'created', 'App\\Models\\InventoryTransaction', 'created', 76, NULL, NULL, '{\"attributes\":{\"inventory_item_id\":7,\"inventory_batch_id\":53,\"transaction_type\":\"transferred_in\",\"quantity\":\"6.00\",\"unit_of_measure\":\"pack\",\"before_quantity\":\"13.00\",\"after_quantity\":\"13.00\",\"before_batch_quantity\":\"0.00\",\"after_batch_quantity\":\"6.00\",\"from_location_id\":5,\"to_location_id\":7,\"from_department_id\":4,\"to_department_id\":4,\"issued_to_user_id\":null,\"received_from_user_id\":null,\"reference_type\":\"App\\\\Models\\\\StockTransfer\",\"reference_id\":1,\"reference_number\":\"TRF-20260403-0001\",\"transaction_datetime\":\"2026-04-03T00:00:00.000000Z\",\"remarks\":\"Emergency reserve refresh.\",\"performed_by\":4}}', NULL, '2026-04-05 16:34:29', '2026-04-05 16:34:29'),
(796, 'inventory', 'Stock transferred', 'App\\Models\\InventoryItem', 'stock-transferred', 7, 'App\\Models\\User', 4, '{\"transfer_id\":1,\"transfer_item_id\":2,\"source_batch_id\":47,\"target_batch_id\":53,\"quantity\":6}', NULL, '2026-04-05 16:34:29', '2026-04-05 16:34:29'),
(797, 'default', 'created', 'App\\Models\\StockAdjustment', 'created', 1, NULL, NULL, '{\"attributes\":{\"adjustment_number\":\"ADJ-20260404-0001\",\"adjustment_date\":\"2026-04-04T00:00:00.000000Z\",\"adjustment_type\":\"quarantine\",\"reason\":\"Packaging integrity concern after transport inspection.\",\"location_id\":5,\"department_id\":4,\"remarks\":\"Hydrogel sheets isolated pending review.\",\"performed_by\":4,\"approved_by\":4,\"status\":\"posted\",\"created_by\":4,\"updated_by\":4}}', NULL, '2026-04-05 16:34:35', '2026-04-05 16:34:35'),
(798, 'default', 'updated', 'App\\Models\\InventoryBatch', 'updated', 46, NULL, NULL, '{\"attributes\":{\"available_quantity\":\"0.00\",\"quarantined_quantity\":\"5.00\"},\"old\":{\"available_quantity\":\"2.00\",\"quarantined_quantity\":\"3.00\"}}', NULL, '2026-04-05 16:34:35', '2026-04-05 16:34:35'),
(799, 'default', 'updated', 'App\\Models\\InventoryBatch', 'updated', 46, NULL, NULL, '{\"attributes\":{\"status\":\"quarantined\"},\"old\":{\"status\":\"low_stock\"}}', NULL, '2026-04-05 16:34:35', '2026-04-05 16:34:35'),
(800, 'default', 'updated', 'App\\Models\\InventoryItem', 'updated', 3, NULL, NULL, '{\"attributes\":{\"quarantined_quantity\":\"5.00\"},\"old\":{\"quarantined_quantity\":\"3.00\"}}', NULL, '2026-04-05 16:34:35', '2026-04-05 16:34:35');
INSERT INTO `activity_log` (`id`, `log_name`, `description`, `subject_type`, `event`, `subject_id`, `causer_type`, `causer_id`, `properties`, `batch_uuid`, `created_at`, `updated_at`) VALUES
(801, 'default', 'created', 'App\\Models\\StockAdjustmentItem', 'created', 1, NULL, NULL, '{\"attributes\":{\"stock_adjustment_id\":1,\"inventory_item_id\":3,\"inventory_batch_id\":46,\"system_quantity\":\"2.00\",\"physical_quantity\":null,\"adjustment_quantity\":\"2.00\",\"unit_of_measure\":\"sheet\",\"remarks\":null}}', NULL, '2026-04-05 16:34:36', '2026-04-05 16:34:36'),
(802, 'default', 'created', 'App\\Models\\InventoryTransaction', 'created', 77, NULL, NULL, '{\"attributes\":{\"inventory_item_id\":3,\"inventory_batch_id\":46,\"transaction_type\":\"quarantined\",\"quantity\":\"2.00\",\"unit_of_measure\":\"sheet\",\"before_quantity\":\"40.00\",\"after_quantity\":\"40.00\",\"before_batch_quantity\":\"2.00\",\"after_batch_quantity\":\"0.00\",\"from_location_id\":null,\"to_location_id\":5,\"from_department_id\":null,\"to_department_id\":4,\"issued_to_user_id\":null,\"received_from_user_id\":null,\"reference_type\":\"App\\\\Models\\\\StockAdjustment\",\"reference_id\":1,\"reference_number\":\"ADJ-20260404-0001\",\"transaction_datetime\":\"2026-04-04T00:00:00.000000Z\",\"remarks\":\"Hydrogel sheets isolated pending review.\",\"performed_by\":4}}', NULL, '2026-04-05 16:34:36', '2026-04-05 16:34:36'),
(803, 'inventory', 'Stock adjusted', 'App\\Models\\InventoryItem', 'stock-adjusted', 3, 'App\\Models\\User', 4, '{\"adjustment_id\":1,\"adjustment_item_id\":1,\"batch_id\":46,\"adjustment_type\":\"quarantine\",\"adjustment_quantity\":\"2.00\"}', NULL, '2026-04-05 16:34:36', '2026-04-05 16:34:36'),
(804, 'default', 'created', 'App\\Models\\StockAdjustment', 'created', 2, NULL, NULL, '{\"attributes\":{\"adjustment_number\":\"ADJ-20260404-0002\",\"adjustment_date\":\"2026-04-04T00:00:00.000000Z\",\"adjustment_type\":\"damage\",\"reason\":\"Disposable burn sheets torn during storage handling.\",\"location_id\":6,\"department_id\":4,\"remarks\":\"Damaged stock segregated.\",\"performed_by\":4,\"approved_by\":4,\"status\":\"posted\",\"created_by\":4,\"updated_by\":4}}', NULL, '2026-04-05 16:34:36', '2026-04-05 16:34:36'),
(805, 'default', 'updated', 'App\\Models\\InventoryBatch', 'updated', 27, NULL, NULL, '{\"attributes\":{\"available_quantity\":\"42.00\",\"damaged_quantity\":\"6.00\"},\"old\":{\"available_quantity\":\"48.00\",\"damaged_quantity\":\"0.00\"}}', NULL, '2026-04-05 16:34:36', '2026-04-05 16:34:36'),
(806, 'default', 'updated', 'App\\Models\\InventoryItem', 'updated', 33, NULL, NULL, '{\"attributes\":{\"damaged_quantity\":\"6.00\"},\"old\":{\"damaged_quantity\":\"0.00\"}}', NULL, '2026-04-05 16:34:36', '2026-04-05 16:34:36'),
(807, 'default', 'created', 'App\\Models\\StockAdjustmentItem', 'created', 2, NULL, NULL, '{\"attributes\":{\"stock_adjustment_id\":2,\"inventory_item_id\":33,\"inventory_batch_id\":27,\"system_quantity\":\"48.00\",\"physical_quantity\":null,\"adjustment_quantity\":\"6.00\",\"unit_of_measure\":\"pack\",\"remarks\":null}}', NULL, '2026-04-05 16:34:36', '2026-04-05 16:34:36'),
(808, 'default', 'created', 'App\\Models\\InventoryTransaction', 'created', 78, NULL, NULL, '{\"attributes\":{\"inventory_item_id\":33,\"inventory_batch_id\":27,\"transaction_type\":\"damaged\",\"quantity\":\"6.00\",\"unit_of_measure\":\"pack\",\"before_quantity\":\"48.00\",\"after_quantity\":\"48.00\",\"before_batch_quantity\":\"48.00\",\"after_batch_quantity\":\"42.00\",\"from_location_id\":null,\"to_location_id\":6,\"from_department_id\":null,\"to_department_id\":4,\"issued_to_user_id\":null,\"received_from_user_id\":null,\"reference_type\":\"App\\\\Models\\\\StockAdjustment\",\"reference_id\":2,\"reference_number\":\"ADJ-20260404-0002\",\"transaction_datetime\":\"2026-04-04T00:00:00.000000Z\",\"remarks\":\"Damaged stock segregated.\",\"performed_by\":4}}', NULL, '2026-04-05 16:34:36', '2026-04-05 16:34:36'),
(809, 'inventory', 'Stock adjusted', 'App\\Models\\InventoryItem', 'stock-adjusted', 33, 'App\\Models\\User', 4, '{\"adjustment_id\":2,\"adjustment_item_id\":2,\"batch_id\":27,\"adjustment_type\":\"damage\",\"adjustment_quantity\":\"6.00\"}', NULL, '2026-04-05 16:34:36', '2026-04-05 16:34:36'),
(810, 'default', 'created', 'App\\Models\\StockAdjustment', 'created', 3, NULL, NULL, '{\"attributes\":{\"adjustment_number\":\"ADJ-20260405-0001\",\"adjustment_date\":\"2026-04-05T00:00:00.000000Z\",\"adjustment_type\":\"expiry\",\"reason\":\"Expired antiseptic stock formally blocked from use.\",\"location_id\":8,\"department_id\":6,\"remarks\":\"Expired chlorhexidine moved out of usable stock.\",\"performed_by\":8,\"approved_by\":null,\"status\":\"posted\",\"created_by\":8,\"updated_by\":8}}', NULL, '2026-04-05 16:34:37', '2026-04-05 16:34:37'),
(811, 'default', 'updated', 'App\\Models\\InventoryBatch', 'updated', 51, NULL, NULL, '{\"attributes\":{\"available_quantity\":\"0.00\",\"expired_quantity\":\"8.00\"},\"old\":{\"available_quantity\":\"8.00\",\"expired_quantity\":\"0.00\"}}', NULL, '2026-04-05 16:34:37', '2026-04-05 16:34:37'),
(812, 'default', 'updated', 'App\\Models\\InventoryItem', 'updated', 30, NULL, NULL, '{\"attributes\":{\"expired_quantity\":\"8.00\"},\"old\":{\"expired_quantity\":\"0.00\"}}', NULL, '2026-04-05 16:34:37', '2026-04-05 16:34:37'),
(813, 'default', 'created', 'App\\Models\\StockAdjustmentItem', 'created', 3, NULL, NULL, '{\"attributes\":{\"stock_adjustment_id\":3,\"inventory_item_id\":30,\"inventory_batch_id\":51,\"system_quantity\":\"8.00\",\"physical_quantity\":null,\"adjustment_quantity\":\"8.00\",\"unit_of_measure\":\"bottle\",\"remarks\":null}}', NULL, '2026-04-05 16:34:37', '2026-04-05 16:34:37'),
(814, 'default', 'created', 'App\\Models\\InventoryTransaction', 'created', 79, NULL, NULL, '{\"attributes\":{\"inventory_item_id\":30,\"inventory_batch_id\":51,\"transaction_type\":\"expired\",\"quantity\":\"8.00\",\"unit_of_measure\":\"bottle\",\"before_quantity\":\"43.00\",\"after_quantity\":\"43.00\",\"before_batch_quantity\":\"8.00\",\"after_batch_quantity\":\"0.00\",\"from_location_id\":null,\"to_location_id\":8,\"from_department_id\":null,\"to_department_id\":6,\"issued_to_user_id\":null,\"received_from_user_id\":null,\"reference_type\":\"App\\\\Models\\\\StockAdjustment\",\"reference_id\":3,\"reference_number\":\"ADJ-20260405-0001\",\"transaction_datetime\":\"2026-04-05T00:00:00.000000Z\",\"remarks\":\"Expired chlorhexidine moved out of usable stock.\",\"performed_by\":8}}', NULL, '2026-04-05 16:34:37', '2026-04-05 16:34:37'),
(815, 'inventory', 'Stock adjusted', 'App\\Models\\InventoryItem', 'stock-adjusted', 30, 'App\\Models\\User', 8, '{\"adjustment_id\":3,\"adjustment_item_id\":3,\"batch_id\":51,\"adjustment_type\":\"expiry\",\"adjustment_quantity\":\"8.00\"}', NULL, '2026-04-05 16:34:37', '2026-04-05 16:34:37'),
(816, 'default', 'created', 'App\\Models\\StockAdjustment', 'created', 4, NULL, NULL, '{\"attributes\":{\"adjustment_number\":\"ADJ-20260405-0002\",\"adjustment_date\":\"2026-04-05T00:00:00.000000Z\",\"adjustment_type\":\"release\",\"reason\":\"Partial quarantine release after biomedical and infection control clearance.\",\"location_id\":5,\"department_id\":4,\"remarks\":\"Safe remainder released to usable stock.\",\"performed_by\":4,\"approved_by\":4,\"status\":\"posted\",\"created_by\":4,\"updated_by\":4}}', NULL, '2026-04-05 16:34:38', '2026-04-05 16:34:38'),
(817, 'default', 'updated', 'App\\Models\\InventoryBatch', 'updated', 46, NULL, NULL, '{\"attributes\":{\"available_quantity\":\"1.00\",\"quarantined_quantity\":\"4.00\"},\"old\":{\"available_quantity\":\"0.00\",\"quarantined_quantity\":\"5.00\"}}', NULL, '2026-04-05 16:34:38', '2026-04-05 16:34:38'),
(818, 'default', 'updated', 'App\\Models\\InventoryBatch', 'updated', 46, NULL, NULL, '{\"attributes\":{\"status\":\"low_stock\"},\"old\":{\"status\":\"quarantined\"}}', NULL, '2026-04-05 16:34:39', '2026-04-05 16:34:39'),
(819, 'default', 'updated', 'App\\Models\\InventoryItem', 'updated', 3, NULL, NULL, '{\"attributes\":{\"quarantined_quantity\":\"4.00\"},\"old\":{\"quarantined_quantity\":\"5.00\"}}', NULL, '2026-04-05 16:34:39', '2026-04-05 16:34:39'),
(820, 'default', 'created', 'App\\Models\\StockAdjustmentItem', 'created', 4, NULL, NULL, '{\"attributes\":{\"stock_adjustment_id\":4,\"inventory_item_id\":3,\"inventory_batch_id\":46,\"system_quantity\":\"2.00\",\"physical_quantity\":null,\"adjustment_quantity\":\"1.00\",\"unit_of_measure\":\"sheet\",\"remarks\":null}}', NULL, '2026-04-05 16:34:40', '2026-04-05 16:34:40'),
(821, 'default', 'created', 'App\\Models\\InventoryTransaction', 'created', 80, NULL, NULL, '{\"attributes\":{\"inventory_item_id\":3,\"inventory_batch_id\":46,\"transaction_type\":\"released_from_quarantine\",\"quantity\":\"1.00\",\"unit_of_measure\":\"sheet\",\"before_quantity\":\"40.00\",\"after_quantity\":\"40.00\",\"before_batch_quantity\":\"0.00\",\"after_batch_quantity\":\"1.00\",\"from_location_id\":null,\"to_location_id\":5,\"from_department_id\":null,\"to_department_id\":4,\"issued_to_user_id\":null,\"received_from_user_id\":null,\"reference_type\":\"App\\\\Models\\\\StockAdjustment\",\"reference_id\":4,\"reference_number\":\"ADJ-20260405-0002\",\"transaction_datetime\":\"2026-04-05T00:00:00.000000Z\",\"remarks\":\"Safe remainder released to usable stock.\",\"performed_by\":4}}', NULL, '2026-04-05 16:34:40', '2026-04-05 16:34:40'),
(822, 'inventory', 'Stock adjusted', 'App\\Models\\InventoryItem', 'stock-adjusted', 3, 'App\\Models\\User', 4, '{\"adjustment_id\":4,\"adjustment_item_id\":4,\"batch_id\":46,\"adjustment_type\":\"release\",\"adjustment_quantity\":\"1.00\"}', NULL, '2026-04-05 16:34:40', '2026-04-05 16:34:40'),
(823, 'default', 'created', 'App\\Models\\StockAdjustment', 'created', 5, NULL, NULL, '{\"attributes\":{\"adjustment_number\":\"ADJ-20260405-0003\",\"adjustment_date\":\"2026-04-05T00:00:00.000000Z\",\"adjustment_type\":\"recount\",\"reason\":\"Physical count variance after weekly stock check.\",\"location_id\":6,\"department_id\":4,\"remarks\":\"Mask count aligned to physical stock.\",\"performed_by\":4,\"approved_by\":4,\"status\":\"posted\",\"created_by\":4,\"updated_by\":4}}', NULL, '2026-04-05 16:34:40', '2026-04-05 16:34:40'),
(824, 'default', 'updated', 'App\\Models\\InventoryBatch', 'updated', 22, NULL, NULL, '{\"attributes\":{\"available_quantity\":\"175.00\"},\"old\":{\"available_quantity\":\"180.00\"}}', NULL, '2026-04-05 16:34:40', '2026-04-05 16:34:40'),
(825, 'default', 'updated', 'App\\Models\\InventoryItem', 'updated', 22, NULL, NULL, '{\"attributes\":{\"current_quantity\":\"175.00\"},\"old\":{\"current_quantity\":\"180.00\"}}', NULL, '2026-04-05 16:34:40', '2026-04-05 16:34:40'),
(826, 'default', 'created', 'App\\Models\\StockAdjustmentItem', 'created', 5, NULL, NULL, '{\"attributes\":{\"stock_adjustment_id\":5,\"inventory_item_id\":22,\"inventory_batch_id\":22,\"system_quantity\":\"180.00\",\"physical_quantity\":\"175.00\",\"adjustment_quantity\":\"-5.00\",\"unit_of_measure\":\"box\",\"remarks\":null}}', NULL, '2026-04-05 16:34:40', '2026-04-05 16:34:40'),
(827, 'default', 'created', 'App\\Models\\InventoryTransaction', 'created', 81, NULL, NULL, '{\"attributes\":{\"inventory_item_id\":22,\"inventory_batch_id\":22,\"transaction_type\":\"adjusted_out\",\"quantity\":\"5.00\",\"unit_of_measure\":\"box\",\"before_quantity\":\"180.00\",\"after_quantity\":\"175.00\",\"before_batch_quantity\":\"180.00\",\"after_batch_quantity\":\"175.00\",\"from_location_id\":null,\"to_location_id\":6,\"from_department_id\":null,\"to_department_id\":4,\"issued_to_user_id\":null,\"received_from_user_id\":null,\"reference_type\":\"App\\\\Models\\\\StockAdjustment\",\"reference_id\":5,\"reference_number\":\"ADJ-20260405-0003\",\"transaction_datetime\":\"2026-04-05T00:00:00.000000Z\",\"remarks\":\"Mask count aligned to physical stock.\",\"performed_by\":4}}', NULL, '2026-04-05 16:34:40', '2026-04-05 16:34:40'),
(828, 'inventory', 'Stock adjusted', 'App\\Models\\InventoryItem', 'stock-adjusted', 22, 'App\\Models\\User', 4, '{\"adjustment_id\":5,\"adjustment_item_id\":5,\"batch_id\":22,\"adjustment_type\":\"recount\",\"adjustment_quantity\":\"-5.00\"}', NULL, '2026-04-05 16:34:40', '2026-04-05 16:34:40'),
(829, 'default', 'created', 'App\\Models\\PurchaseRequisition', 'created', 1, NULL, NULL, '{\"attributes\":{\"requisition_number\":\"PR-20260331-0001\",\"requisition_type\":\"inventory\",\"department_id\":4,\"requested_by\":4,\"request_date\":\"2026-03-31T00:00:00.000000Z\",\"priority\":\"normal\",\"purpose\":\"Planned reserve build for hydrogel coverage before next dressing load peak.\",\"remarks\":\"Keep in draft until monthly stock review closes.\",\"total_estimated_amount\":null,\"status\":\"draft\",\"current_approval_level\":null,\"final_approved_at\":null,\"rejected_at\":null,\"rejected_by\":null,\"rejection_reason\":null,\"created_by\":4,\"updated_by\":4}}', NULL, '2026-04-05 16:34:45', '2026-04-05 16:34:45'),
(830, 'default', 'updated', 'App\\Models\\PurchaseRequisition', 'updated', 1, NULL, NULL, '{\"attributes\":{\"total_estimated_amount\":\"15500.00\"},\"old\":{\"total_estimated_amount\":null}}', NULL, '2026-04-05 16:34:48', '2026-04-05 16:34:48'),
(831, 'procurement', 'Purchase requisition created', 'App\\Models\\PurchaseRequisition', 'requisition-created', 1, 'App\\Models\\User', 4, '[]', NULL, '2026-04-05 16:34:48', '2026-04-05 16:34:48'),
(832, 'default', 'created', 'App\\Models\\PurchaseRequisition', 'created', 2, NULL, NULL, '{\"attributes\":{\"requisition_number\":\"PR-20260401-0001\",\"requisition_type\":\"inventory\",\"department_id\":2,\"requested_by\":6,\"request_date\":\"2026-04-01T00:00:00.000000Z\",\"priority\":\"urgent\",\"purpose\":\"Urgent replenishment of burn cream and antimicrobial stock after surge admissions.\",\"remarks\":null,\"total_estimated_amount\":null,\"status\":\"draft\",\"current_approval_level\":null,\"final_approved_at\":null,\"rejected_at\":null,\"rejected_by\":null,\"rejection_reason\":null,\"created_by\":6,\"updated_by\":6}}', NULL, '2026-04-05 16:34:50', '2026-04-05 16:34:50'),
(833, 'default', 'updated', 'App\\Models\\PurchaseRequisition', 'updated', 2, NULL, NULL, '{\"attributes\":{\"total_estimated_amount\":\"16920.00\"},\"old\":{\"total_estimated_amount\":null}}', NULL, '2026-04-05 16:34:52', '2026-04-05 16:34:52'),
(834, 'procurement', 'Purchase requisition created', 'App\\Models\\PurchaseRequisition', 'requisition-created', 2, 'App\\Models\\User', 6, '[]', NULL, '2026-04-05 16:34:52', '2026-04-05 16:34:52'),
(835, 'default', 'updated', 'App\\Models\\PurchaseRequisition', 'updated', 2, NULL, NULL, '{\"attributes\":{\"status\":\"submitted\",\"current_approval_level\":1},\"old\":{\"status\":\"draft\",\"current_approval_level\":null}}', NULL, '2026-04-05 16:34:52', '2026-04-05 16:34:52'),
(836, 'procurement', 'Purchase requisition submitted', 'App\\Models\\PurchaseRequisition', 'requisition-submitted', 2, 'App\\Models\\User', 6, '{\"comments\":\"Need manager review before emergency buffer is consumed.\"}', NULL, '2026-04-05 16:34:53', '2026-04-05 16:34:53'),
(837, 'default', 'created', 'App\\Models\\PurchaseRequisition', 'created', 3, NULL, NULL, '{\"attributes\":{\"requisition_number\":\"PR-20260402-0001\",\"requisition_type\":\"inventory\",\"department_id\":4,\"requested_by\":4,\"request_date\":\"2026-04-02T00:00:00.000000Z\",\"priority\":\"high\",\"purpose\":\"Rebuild sterile gauze position for procedure room rotation.\",\"remarks\":null,\"total_estimated_amount\":null,\"status\":\"draft\",\"current_approval_level\":null,\"final_approved_at\":null,\"rejected_at\":null,\"rejected_by\":null,\"rejection_reason\":null,\"created_by\":4,\"updated_by\":4}}', NULL, '2026-04-05 16:34:56', '2026-04-05 16:34:56'),
(838, 'default', 'updated', 'App\\Models\\PurchaseRequisition', 'updated', 3, NULL, NULL, '{\"attributes\":{\"total_estimated_amount\":\"7200.00\"},\"old\":{\"total_estimated_amount\":null}}', NULL, '2026-04-05 16:34:56', '2026-04-05 16:34:56'),
(839, 'procurement', 'Purchase requisition created', 'App\\Models\\PurchaseRequisition', 'requisition-created', 3, 'App\\Models\\User', 4, '[]', NULL, '2026-04-05 16:34:56', '2026-04-05 16:34:56'),
(840, 'default', 'updated', 'App\\Models\\PurchaseRequisition', 'updated', 3, NULL, NULL, '{\"attributes\":{\"status\":\"submitted\",\"current_approval_level\":1},\"old\":{\"status\":\"draft\",\"current_approval_level\":null}}', NULL, '2026-04-05 16:34:57', '2026-04-05 16:34:57'),
(841, 'procurement', 'Purchase requisition submitted', 'App\\Models\\PurchaseRequisition', 'requisition-submitted', 3, 'App\\Models\\User', 4, '{\"comments\":\"Routine sterile replenishment.\"}', NULL, '2026-04-05 16:34:57', '2026-04-05 16:34:57'),
(842, 'default', 'updated', 'App\\Models\\PurchaseRequisition', 'updated', 3, NULL, NULL, '{\"attributes\":{\"status\":\"approved\",\"current_approval_level\":null,\"final_approved_at\":\"2026-04-05T16:35:00.000000Z\",\"updated_by\":3},\"old\":{\"status\":\"submitted\",\"current_approval_level\":1,\"final_approved_at\":null,\"updated_by\":4}}', NULL, '2026-04-05 16:35:00', '2026-04-05 16:35:00'),
(843, 'procurement', 'Purchase requisition approved', 'App\\Models\\PurchaseRequisition', 'requisition-approved', 3, 'App\\Models\\User', 3, '{\"level\":1,\"comments\":\"Manager approval completed.\"}', NULL, '2026-04-05 16:35:02', '2026-04-05 16:35:02'),
(844, 'default', 'created', 'App\\Models\\PurchaseRequisition', 'created', 4, NULL, NULL, '{\"attributes\":{\"requisition_number\":\"PR-20260403-0001\",\"requisition_type\":\"asset\",\"department_id\":2,\"requested_by\":6,\"request_date\":\"2026-04-03T00:00:00.000000Z\",\"priority\":\"normal\",\"purpose\":\"Ward tablet refresh request for non-critical documentation overflow.\",\"remarks\":null,\"total_estimated_amount\":null,\"status\":\"draft\",\"current_approval_level\":null,\"final_approved_at\":null,\"rejected_at\":null,\"rejected_by\":null,\"rejection_reason\":null,\"created_by\":6,\"updated_by\":6}}', NULL, '2026-04-05 16:35:03', '2026-04-05 16:35:03'),
(845, 'default', 'updated', 'App\\Models\\PurchaseRequisition', 'updated', 4, NULL, NULL, '{\"attributes\":{\"total_estimated_amount\":\"330000.00\"},\"old\":{\"total_estimated_amount\":null}}', NULL, '2026-04-05 16:35:03', '2026-04-05 16:35:03'),
(846, 'procurement', 'Purchase requisition created', 'App\\Models\\PurchaseRequisition', 'requisition-created', 4, 'App\\Models\\User', 6, '[]', NULL, '2026-04-05 16:35:03', '2026-04-05 16:35:03'),
(847, 'default', 'updated', 'App\\Models\\PurchaseRequisition', 'updated', 4, NULL, NULL, '{\"attributes\":{\"status\":\"submitted\",\"current_approval_level\":1},\"old\":{\"status\":\"draft\",\"current_approval_level\":null}}', NULL, '2026-04-05 16:35:04', '2026-04-05 16:35:04'),
(848, 'procurement', 'Purchase requisition submitted', 'App\\Models\\PurchaseRequisition', 'requisition-submitted', 4, 'App\\Models\\User', 6, '{\"comments\":\"Nice-to-have refresh request.\"}', NULL, '2026-04-05 16:35:06', '2026-04-05 16:35:06'),
(849, 'default', 'updated', 'App\\Models\\PurchaseRequisition', 'updated', 4, NULL, NULL, '{\"attributes\":{\"status\":\"rejected\",\"current_approval_level\":null,\"rejected_at\":\"2026-04-05T16:35:07.000000Z\",\"rejected_by\":3,\"rejection_reason\":\"Deferred until clinical demand backlog clears.\",\"updated_by\":3},\"old\":{\"status\":\"submitted\",\"current_approval_level\":1,\"rejected_at\":null,\"rejected_by\":null,\"rejection_reason\":null,\"updated_by\":6}}', NULL, '2026-04-05 16:35:07', '2026-04-05 16:35:07'),
(850, 'procurement', 'Purchase requisition rejected', 'App\\Models\\PurchaseRequisition', 'requisition-rejected', 4, 'App\\Models\\User', 3, '{\"level\":1,\"reason\":\"Deferred until clinical demand backlog clears.\"}', NULL, '2026-04-05 16:35:07', '2026-04-05 16:35:07'),
(851, 'default', 'created', 'App\\Models\\PurchaseRequisition', 'created', 5, NULL, NULL, '{\"attributes\":{\"requisition_number\":\"PR-20260328-0001\",\"requisition_type\":\"inventory\",\"department_id\":4,\"requested_by\":4,\"request_date\":\"2026-03-28T00:00:00.000000Z\",\"priority\":\"high\",\"purpose\":\"Monthly silver dressing procurement for ward and ICU burn dressing cycles.\",\"remarks\":null,\"total_estimated_amount\":null,\"status\":\"draft\",\"current_approval_level\":null,\"final_approved_at\":null,\"rejected_at\":null,\"rejected_by\":null,\"rejection_reason\":null,\"created_by\":4,\"updated_by\":4}}', NULL, '2026-04-05 16:35:07', '2026-04-05 16:35:07'),
(852, 'default', 'updated', 'App\\Models\\PurchaseRequisition', 'updated', 5, NULL, NULL, '{\"attributes\":{\"total_estimated_amount\":\"62400.00\"},\"old\":{\"total_estimated_amount\":null}}', NULL, '2026-04-05 16:35:07', '2026-04-05 16:35:07'),
(853, 'procurement', 'Purchase requisition created', 'App\\Models\\PurchaseRequisition', 'requisition-created', 5, 'App\\Models\\User', 4, '[]', NULL, '2026-04-05 16:35:07', '2026-04-05 16:35:07'),
(854, 'default', 'updated', 'App\\Models\\PurchaseRequisition', 'updated', 5, NULL, NULL, '{\"attributes\":{\"status\":\"submitted\",\"current_approval_level\":1},\"old\":{\"status\":\"draft\",\"current_approval_level\":null}}', NULL, '2026-04-05 16:35:07', '2026-04-05 16:35:07'),
(855, 'procurement', 'Purchase requisition submitted', 'App\\Models\\PurchaseRequisition', 'requisition-submitted', 5, 'App\\Models\\User', 4, '{\"comments\":\"Monthly wound care replenishment plan.\"}', NULL, '2026-04-05 16:35:08', '2026-04-05 16:35:08'),
(856, 'default', 'updated', 'App\\Models\\PurchaseRequisition', 'updated', 5, NULL, NULL, '{\"attributes\":{\"status\":\"approved\",\"current_approval_level\":null,\"final_approved_at\":\"2026-04-05T16:35:08.000000Z\",\"updated_by\":3},\"old\":{\"status\":\"submitted\",\"current_approval_level\":1,\"final_approved_at\":null,\"updated_by\":4}}', NULL, '2026-04-05 16:35:08', '2026-04-05 16:35:08'),
(857, 'procurement', 'Purchase requisition approved', 'App\\Models\\PurchaseRequisition', 'requisition-approved', 5, 'App\\Models\\User', 3, '{\"level\":1,\"comments\":\"Approved for immediate ordering.\"}', NULL, '2026-04-05 16:35:08', '2026-04-05 16:35:08'),
(858, 'default', 'created', 'App\\Models\\PurchaseOrder', 'created', 1, NULL, NULL, '{\"attributes\":{\"po_number\":\"PO-20260329-0001\",\"purchase_requisition_id\":5,\"supplier_id\":1,\"po_date\":\"2026-03-29T00:00:00.000000Z\",\"expected_delivery_date\":\"2026-04-10T00:00:00.000000Z\",\"currency\":\"PKR\",\"subtotal\":null,\"tax_amount\":\"0.00\",\"discount_amount\":\"0.00\",\"total_amount\":null,\"payment_terms\":\"30 days\",\"remarks\":\"Partial supplier allocation against current vendor availability.\",\"status\":\"draft\",\"approved_by\":null,\"approved_at\":null,\"issued_by\":null,\"issued_at\":null,\"created_by\":9,\"updated_by\":9}}', NULL, '2026-04-05 16:35:10', '2026-04-05 16:35:10'),
(859, 'default', 'updated', 'App\\Models\\PurchaseOrder', 'updated', 1, NULL, NULL, '{\"attributes\":{\"subtotal\":\"41200.00\",\"total_amount\":\"41200.00\"},\"old\":{\"subtotal\":null,\"total_amount\":null}}', NULL, '2026-04-05 16:35:13', '2026-04-05 16:35:13'),
(860, 'default', 'updated', 'App\\Models\\PurchaseRequisition', 'updated', 5, NULL, NULL, '{\"attributes\":{\"status\":\"partially_ordered\"},\"old\":{\"status\":\"approved\"}}', NULL, '2026-04-05 16:35:13', '2026-04-05 16:35:13'),
(861, 'procurement', 'Purchase order created', 'App\\Models\\PurchaseOrder', 'purchase-order-created', 1, 'App\\Models\\User', 9, '[]', NULL, '2026-04-05 16:35:13', '2026-04-05 16:35:13'),
(862, 'default', 'updated', 'App\\Models\\PurchaseOrder', 'updated', 1, NULL, NULL, '{\"attributes\":{\"remarks\":\"Partial supplier allocation against current vendor availability.\\nIssued to supplier after approval.\",\"status\":\"issued\",\"approved_by\":9,\"approved_at\":\"2026-04-05T16:35:13.000000Z\",\"issued_by\":9,\"issued_at\":\"2026-04-05T16:35:13.000000Z\"},\"old\":{\"remarks\":\"Partial supplier allocation against current vendor availability.\",\"status\":\"draft\",\"approved_by\":null,\"approved_at\":null,\"issued_by\":null,\"issued_at\":null}}', NULL, '2026-04-05 16:35:16', '2026-04-05 16:35:16'),
(863, 'procurement', 'Purchase order issued', 'App\\Models\\PurchaseOrder', 'purchase-order-issued', 1, 'App\\Models\\User', 9, '{\"remarks\":\"Issued to supplier after approval.\"}', NULL, '2026-04-05 16:35:17', '2026-04-05 16:35:17'),
(864, 'default', 'created', 'App\\Models\\GoodsReceipt', 'created', 1, NULL, NULL, '{\"attributes\":{\"grn_number\":\"GRN-20260330-0001\",\"purchase_order_id\":1,\"supplier_id\":1,\"receipt_date\":\"2026-03-30T00:00:00.000000Z\",\"invoice_reference\":\"INV-HBMS-4401\",\"delivery_note_number\":\"DN-HBMS-2201\",\"received_by\":4,\"inspected_by\":3,\"remarks\":\"Partial shipment with minor damaged cartons.\",\"status\":\"received\",\"created_by\":4,\"updated_by\":4}}', NULL, '2026-04-05 16:35:18', '2026-04-05 16:35:18'),
(865, 'default', 'created', 'App\\Models\\InventoryBatch', 'created', 54, NULL, NULL, '{\"attributes\":{\"inventory_item_id\":1,\"batch_number\":\"PROC-SSD-4401\",\"lot_number\":null,\"manufacture_date\":\"2026-02-05T00:00:00.000000Z\",\"expiry_date\":\"2027-10-05T00:00:00.000000Z\",\"unit_cost\":\"515.00\",\"received_quantity\":\"0.00\",\"available_quantity\":\"0.00\",\"reserved_quantity\":\"0.00\",\"issued_quantity\":\"0.00\",\"returned_quantity\":\"0.00\",\"damaged_quantity\":\"0.00\",\"quarantined_quantity\":\"0.00\",\"expired_quantity\":\"0.00\",\"status\":\"active\",\"supplier_id\":1,\"received_at\":\"2026-03-30T00:00:00.000000Z\",\"store_location_id\":5,\"storage_zone\":\"Procurement Intake Shelf A1\",\"notes\":null,\"created_by\":4,\"updated_by\":4}}', NULL, '2026-04-05 16:35:23', '2026-04-05 16:35:23'),
(866, 'default', 'updated', 'App\\Models\\InventoryBatch', 'updated', 54, NULL, NULL, '{\"attributes\":{\"received_quantity\":\"0.00\",\"available_quantity\":\"0.00\",\"reserved_quantity\":\"0.00\",\"issued_quantity\":\"0.00\",\"returned_quantity\":\"0.00\",\"damaged_quantity\":\"0.00\",\"quarantined_quantity\":\"0.00\",\"expired_quantity\":\"0.00\",\"status\":\"exhausted\"},\"old\":{\"received_quantity\":null,\"available_quantity\":null,\"reserved_quantity\":null,\"issued_quantity\":null,\"returned_quantity\":null,\"damaged_quantity\":null,\"quarantined_quantity\":null,\"expired_quantity\":null,\"status\":null}}', NULL, '2026-04-05 16:35:23', '2026-04-05 16:35:23'),
(867, 'default', 'updated', 'App\\Models\\InventoryBatch', 'updated', 54, NULL, NULL, '{\"attributes\":{\"received_quantity\":\"36.00\",\"available_quantity\":\"36.00\",\"reserved_quantity\":\"0.00\",\"issued_quantity\":\"0.00\",\"returned_quantity\":\"0.00\",\"damaged_quantity\":\"0.00\",\"quarantined_quantity\":\"0.00\",\"expired_quantity\":\"0.00\"},\"old\":{\"received_quantity\":null,\"available_quantity\":null,\"reserved_quantity\":null,\"issued_quantity\":null,\"returned_quantity\":null,\"damaged_quantity\":null,\"quarantined_quantity\":null,\"expired_quantity\":null}}', NULL, '2026-04-05 16:35:23', '2026-04-05 16:35:23'),
(868, 'default', 'updated', 'App\\Models\\InventoryBatch', 'updated', 54, NULL, NULL, '{\"attributes\":{\"reserved_quantity\":\"0.00\",\"issued_quantity\":\"0.00\",\"returned_quantity\":\"0.00\",\"damaged_quantity\":\"0.00\",\"quarantined_quantity\":\"0.00\",\"expired_quantity\":\"0.00\",\"status\":\"active\"},\"old\":{\"reserved_quantity\":null,\"issued_quantity\":null,\"returned_quantity\":null,\"damaged_quantity\":null,\"quarantined_quantity\":null,\"expired_quantity\":null,\"status\":\"exhausted\"}}', NULL, '2026-04-05 16:35:23', '2026-04-05 16:35:23'),
(869, 'default', 'updated', 'App\\Models\\InventoryItem', 'updated', 1, NULL, NULL, '{\"attributes\":{\"current_quantity\":\"78.00\"},\"old\":{\"current_quantity\":\"42.00\"}}', NULL, '2026-04-05 16:35:23', '2026-04-05 16:35:23'),
(870, 'default', 'created', 'App\\Models\\InventoryTransaction', 'created', 82, NULL, NULL, '{\"attributes\":{\"inventory_item_id\":1,\"inventory_batch_id\":54,\"transaction_type\":\"received\",\"quantity\":\"36.00\",\"unit_of_measure\":\"pack\",\"before_quantity\":\"42.00\",\"after_quantity\":\"78.00\",\"before_batch_quantity\":\"0.00\",\"after_batch_quantity\":\"36.00\",\"from_location_id\":null,\"to_location_id\":5,\"from_department_id\":null,\"to_department_id\":4,\"issued_to_user_id\":null,\"received_from_user_id\":null,\"reference_type\":\"App\\\\Models\\\\GoodsReceipt\",\"reference_id\":1,\"reference_number\":\"GRN-20260330-0001\",\"transaction_datetime\":\"2026-03-30T00:00:00.000000Z\",\"remarks\":\"Procurement receipt processed via GRN.\",\"performed_by\":4}}', NULL, '2026-04-05 16:35:25', '2026-04-05 16:35:25'),
(871, 'procurement', 'Inventory stock received from procurement', 'App\\Models\\InventoryItem', 'goods-received-into-inventory', 1, 'App\\Models\\User', 4, '{\"grn_number\":\"GRN-20260330-0001\",\"batch_number\":\"PROC-SSD-4401\",\"quantity\":36}', NULL, '2026-04-05 16:35:25', '2026-04-05 16:35:25'),
(872, 'default', 'updated', 'App\\Models\\PurchaseOrder', 'updated', 1, NULL, NULL, '{\"attributes\":{\"status\":\"partially_received\"},\"old\":{\"status\":\"issued\"}}', NULL, '2026-04-05 16:35:25', '2026-04-05 16:35:25'),
(873, 'default', 'updated', 'App\\Models\\GoodsReceipt', 'updated', 1, NULL, NULL, '{\"attributes\":{\"status\":\"flagged\"},\"old\":{\"status\":\"received\"}}', NULL, '2026-04-05 16:35:25', '2026-04-05 16:35:25'),
(874, 'procurement', 'Goods receipt processed', 'App\\Models\\GoodsReceipt', 'goods-receipt-processed', 1, 'App\\Models\\User', 4, '{\"purchase_order_id\":1,\"flagged\":true}', NULL, '2026-04-05 16:35:25', '2026-04-05 16:35:25'),
(875, 'default', 'created', 'App\\Models\\PurchaseRequisition', 'created', 6, NULL, NULL, '{\"attributes\":{\"requisition_number\":\"PR-20260326-0001\",\"requisition_type\":\"asset\",\"department_id\":1,\"requested_by\":3,\"request_date\":\"2026-03-26T00:00:00.000000Z\",\"priority\":\"urgent\",\"purpose\":\"Burn ICU expansion requires additional infusion pumps for high-acuity beds.\",\"remarks\":null,\"total_estimated_amount\":null,\"status\":\"draft\",\"current_approval_level\":null,\"final_approved_at\":null,\"rejected_at\":null,\"rejected_by\":null,\"rejection_reason\":null,\"created_by\":3,\"updated_by\":3}}', NULL, '2026-04-05 16:35:26', '2026-04-05 16:35:26'),
(876, 'default', 'updated', 'App\\Models\\PurchaseRequisition', 'updated', 6, NULL, NULL, '{\"attributes\":{\"total_estimated_amount\":\"1300000.00\"},\"old\":{\"total_estimated_amount\":null}}', NULL, '2026-04-05 16:35:27', '2026-04-05 16:35:27'),
(877, 'procurement', 'Purchase requisition created', 'App\\Models\\PurchaseRequisition', 'requisition-created', 6, 'App\\Models\\User', 3, '[]', NULL, '2026-04-05 16:35:27', '2026-04-05 16:35:27'),
(878, 'default', 'updated', 'App\\Models\\PurchaseRequisition', 'updated', 6, NULL, NULL, '{\"attributes\":{\"status\":\"submitted\",\"current_approval_level\":1},\"old\":{\"status\":\"draft\",\"current_approval_level\":null}}', NULL, '2026-04-05 16:35:27', '2026-04-05 16:35:27'),
(879, 'procurement', 'Purchase requisition submitted', 'App\\Models\\PurchaseRequisition', 'requisition-submitted', 6, 'App\\Models\\User', 3, '{\"comments\":\"Critical expansion request for ICU coverage.\"}', NULL, '2026-04-05 16:35:28', '2026-04-05 16:35:28'),
(880, 'default', 'updated', 'App\\Models\\PurchaseRequisition', 'updated', 6, NULL, NULL, '{\"attributes\":{\"status\":\"under_review\",\"current_approval_level\":2},\"old\":{\"status\":\"submitted\",\"current_approval_level\":1}}', NULL, '2026-04-05 16:35:29', '2026-04-05 16:35:29'),
(881, 'procurement', 'Purchase requisition approved', 'App\\Models\\PurchaseRequisition', 'requisition-approved', 6, 'App\\Models\\User', 3, '{\"level\":1,\"comments\":\"Department head approval completed.\"}', NULL, '2026-04-05 16:35:29', '2026-04-05 16:35:29'),
(882, 'default', 'updated', 'App\\Models\\PurchaseRequisition', 'updated', 6, NULL, NULL, '{\"attributes\":{\"status\":\"approved\",\"current_approval_level\":null,\"final_approved_at\":\"2026-04-05T16:35:30.000000Z\",\"updated_by\":2},\"old\":{\"status\":\"under_review\",\"current_approval_level\":2,\"final_approved_at\":null,\"updated_by\":3}}', NULL, '2026-04-05 16:35:30', '2026-04-05 16:35:30'),
(883, 'procurement', 'Purchase requisition approved', 'App\\Models\\PurchaseRequisition', 'requisition-approved', 6, 'App\\Models\\User', 2, '{\"level\":2,\"comments\":\"Approved above threshold for capital spend.\"}', NULL, '2026-04-05 16:35:30', '2026-04-05 16:35:30'),
(884, 'default', 'created', 'App\\Models\\PurchaseOrder', 'created', 2, NULL, NULL, '{\"attributes\":{\"po_number\":\"PO-20260327-0001\",\"purchase_requisition_id\":6,\"supplier_id\":2,\"po_date\":\"2026-03-27T00:00:00.000000Z\",\"expected_delivery_date\":\"2026-04-15T00:00:00.000000Z\",\"currency\":\"PKR\",\"subtotal\":null,\"tax_amount\":\"0.00\",\"discount_amount\":\"0.00\",\"total_amount\":null,\"payment_terms\":\"45 days\",\"remarks\":\"Capital equipment order for ICU expansion.\",\"status\":\"draft\",\"approved_by\":null,\"approved_at\":null,\"issued_by\":null,\"issued_at\":null,\"created_by\":9,\"updated_by\":9}}', NULL, '2026-04-05 16:35:30', '2026-04-05 16:35:30'),
(885, 'default', 'updated', 'App\\Models\\PurchaseOrder', 'updated', 2, NULL, NULL, '{\"attributes\":{\"subtotal\":\"1290000.00\",\"total_amount\":\"1290000.00\"},\"old\":{\"subtotal\":null,\"total_amount\":null}}', NULL, '2026-04-05 16:35:31', '2026-04-05 16:35:31'),
(886, 'default', 'updated', 'App\\Models\\PurchaseRequisition', 'updated', 6, NULL, NULL, '{\"attributes\":{\"status\":\"fully_ordered\"},\"old\":{\"status\":\"approved\"}}', NULL, '2026-04-05 16:35:31', '2026-04-05 16:35:31'),
(887, 'procurement', 'Purchase order created', 'App\\Models\\PurchaseOrder', 'purchase-order-created', 2, 'App\\Models\\User', 9, '[]', NULL, '2026-04-05 16:35:31', '2026-04-05 16:35:31'),
(888, 'default', 'updated', 'App\\Models\\PurchaseOrder', 'updated', 2, NULL, NULL, '{\"attributes\":{\"remarks\":\"Capital equipment order for ICU expansion.\\nIssued to supplier after dual approval.\",\"status\":\"issued\",\"approved_by\":9,\"approved_at\":\"2026-04-05T16:35:31.000000Z\",\"issued_by\":9,\"issued_at\":\"2026-04-05T16:35:31.000000Z\"},\"old\":{\"remarks\":\"Capital equipment order for ICU expansion.\",\"status\":\"draft\",\"approved_by\":null,\"approved_at\":null,\"issued_by\":null,\"issued_at\":null}}', NULL, '2026-04-05 16:35:32', '2026-04-05 16:35:32'),
(889, 'procurement', 'Purchase order issued', 'App\\Models\\PurchaseOrder', 'purchase-order-issued', 2, 'App\\Models\\User', 9, '{\"remarks\":\"Issued to supplier after dual approval.\"}', NULL, '2026-04-05 16:35:32', '2026-04-05 16:35:32'),
(890, 'default', 'created', 'App\\Models\\GoodsReceipt', 'created', 2, NULL, NULL, '{\"attributes\":{\"grn_number\":\"GRN-20260401-0001\",\"purchase_order_id\":2,\"supplier_id\":2,\"receipt_date\":\"2026-04-01T00:00:00.000000Z\",\"invoice_reference\":\"INV-CCDL-8804\",\"delivery_note_number\":\"DN-CCDL-3110\",\"received_by\":9,\"inspected_by\":3,\"remarks\":\"Equipment accepted into receiving hold for asset tagging.\",\"status\":\"received\",\"created_by\":9,\"updated_by\":9}}', NULL, '2026-04-05 16:35:33', '2026-04-05 16:35:33'),
(891, 'default', 'created', 'App\\Models\\Asset', 'created', 29, NULL, NULL, '{\"attributes\":{\"asset_uuid\":\"a178e9f5-5979-491e-8af6-4e1ab901a35f\",\"asset_name\":\"Baxter infusion pump Unit 01\",\"asset_code\":\"AST-CBST-000005\",\"tag_number\":null,\"barcode_value\":null,\"qr_value\":null,\"asset_category_id\":8,\"supplier_id\":2,\"department_id\":4,\"location_id\":7,\"room_or_area\":\"Receiving Hold\",\"assigned_user_id\":null,\"assigned_department_id\":null,\"assigned_location_id\":null,\"custodian_name\":null,\"brand\":null,\"model\":null,\"serial_number\":\"PROC-INF-5001\",\"manufacturer\":null,\"purchase_date\":\"2026-04-01T00:00:00.000000Z\",\"warranty_start\":null,\"warranty_end\":null,\"purchase_cost\":\"645000.00\",\"depreciation_method\":null,\"useful_life_years\":null,\"residual_value\":null,\"condition_status\":\"good\",\"asset_status\":\"available\",\"image_path\":null,\"notes\":\"Received via GRN-20260401-0001. Pending asset tagging and final deployment.\",\"last_issued_at\":null,\"last_returned_at\":null,\"created_by\":9,\"updated_by\":9}}', NULL, '2026-04-05 16:35:34', '2026-04-05 16:35:34'),
(892, 'procurement', 'Asset intake created from procurement receipt', 'App\\Models\\Asset', 'goods-received-into-assets', 29, 'App\\Models\\User', 9, '{\"grn_number\":\"GRN-20260401-0001\",\"serial_number\":\"PROC-INF-5001\"}', NULL, '2026-04-05 16:35:34', '2026-04-05 16:35:34'),
(893, 'default', 'created', 'App\\Models\\Asset', 'created', 30, NULL, NULL, '{\"attributes\":{\"asset_uuid\":\"a178e9f7-465d-4fb7-ac1a-3c3e76a326d5\",\"asset_name\":\"Baxter infusion pump Unit 02\",\"asset_code\":\"AST-CBST-000006\",\"tag_number\":null,\"barcode_value\":null,\"qr_value\":null,\"asset_category_id\":8,\"supplier_id\":2,\"department_id\":4,\"location_id\":7,\"room_or_area\":\"Receiving Hold\",\"assigned_user_id\":null,\"assigned_department_id\":null,\"assigned_location_id\":null,\"custodian_name\":null,\"brand\":null,\"model\":null,\"serial_number\":\"PROC-INF-5002\",\"manufacturer\":null,\"purchase_date\":\"2026-04-01T00:00:00.000000Z\",\"warranty_start\":null,\"warranty_end\":null,\"purchase_cost\":\"645000.00\",\"depreciation_method\":null,\"useful_life_years\":null,\"residual_value\":null,\"condition_status\":\"good\",\"asset_status\":\"available\",\"image_path\":null,\"notes\":\"Received via GRN-20260401-0001. Pending asset tagging and final deployment.\",\"last_issued_at\":null,\"last_returned_at\":null,\"created_by\":9,\"updated_by\":9}}', NULL, '2026-04-05 16:35:34', '2026-04-05 16:35:34'),
(894, 'procurement', 'Asset intake created from procurement receipt', 'App\\Models\\Asset', 'goods-received-into-assets', 30, 'App\\Models\\User', 9, '{\"grn_number\":\"GRN-20260401-0001\",\"serial_number\":\"PROC-INF-5002\"}', NULL, '2026-04-05 16:35:34', '2026-04-05 16:35:34'),
(895, 'default', 'updated', 'App\\Models\\PurchaseOrder', 'updated', 2, NULL, NULL, '{\"attributes\":{\"status\":\"fully_received\"},\"old\":{\"status\":\"issued\"}}', NULL, '2026-04-05 16:35:34', '2026-04-05 16:35:34'),
(896, 'default', 'updated', 'App\\Models\\GoodsReceipt', 'updated', 2, NULL, NULL, '{\"attributes\":{\"status\":\"completed\"},\"old\":{\"status\":\"received\"}}', NULL, '2026-04-05 16:35:34', '2026-04-05 16:35:34'),
(897, 'procurement', 'Goods receipt processed', 'App\\Models\\GoodsReceipt', 'goods-receipt-processed', 2, 'App\\Models\\User', 9, '{\"purchase_order_id\":2,\"flagged\":false}', NULL, '2026-04-05 16:35:34', '2026-04-05 16:35:34'),
(898, 'default', 'created', 'App\\Models\\PurchaseRequisition', 'created', 7, NULL, NULL, '{\"attributes\":{\"requisition_number\":\"PR-20260330-0001\",\"requisition_type\":\"inventory\",\"department_id\":4,\"requested_by\":4,\"request_date\":\"2026-03-30T00:00:00.000000Z\",\"priority\":\"normal\",\"purpose\":\"Additional N95 masks for extended infection-control cover.\",\"remarks\":null,\"total_estimated_amount\":null,\"status\":\"draft\",\"current_approval_level\":null,\"final_approved_at\":null,\"rejected_at\":null,\"rejected_by\":null,\"rejection_reason\":null,\"created_by\":4,\"updated_by\":4}}', NULL, '2026-04-05 16:35:35', '2026-04-05 16:35:35'),
(899, 'default', 'updated', 'App\\Models\\PurchaseRequisition', 'updated', 7, NULL, NULL, '{\"attributes\":{\"total_estimated_amount\":\"75000.00\"},\"old\":{\"total_estimated_amount\":null}}', NULL, '2026-04-05 16:35:35', '2026-04-05 16:35:35'),
(900, 'procurement', 'Purchase requisition created', 'App\\Models\\PurchaseRequisition', 'requisition-created', 7, 'App\\Models\\User', 4, '[]', NULL, '2026-04-05 16:35:35', '2026-04-05 16:35:35'),
(901, 'default', 'updated', 'App\\Models\\PurchaseRequisition', 'updated', 7, NULL, NULL, '{\"attributes\":{\"status\":\"submitted\",\"current_approval_level\":1},\"old\":{\"status\":\"draft\",\"current_approval_level\":null}}', NULL, '2026-04-05 16:35:35', '2026-04-05 16:35:35'),
(902, 'procurement', 'Purchase requisition submitted', 'App\\Models\\PurchaseRequisition', 'requisition-submitted', 7, 'App\\Models\\User', 4, '{\"comments\":\"Routine PPE replenishment.\"}', NULL, '2026-04-05 16:35:36', '2026-04-05 16:35:36'),
(903, 'default', 'updated', 'App\\Models\\PurchaseRequisition', 'updated', 7, NULL, NULL, '{\"attributes\":{\"status\":\"approved\",\"current_approval_level\":null,\"final_approved_at\":\"2026-04-05T16:35:36.000000Z\",\"updated_by\":3},\"old\":{\"status\":\"submitted\",\"current_approval_level\":1,\"final_approved_at\":null,\"updated_by\":4}}', NULL, '2026-04-05 16:35:36', '2026-04-05 16:35:36'),
(904, 'procurement', 'Purchase requisition approved', 'App\\Models\\PurchaseRequisition', 'requisition-approved', 7, 'App\\Models\\User', 3, '{\"level\":1,\"comments\":\"Approved for issue to procurement.\"}', NULL, '2026-04-05 16:35:36', '2026-04-05 16:35:36'),
(905, 'default', 'created', 'App\\Models\\PurchaseOrder', 'created', 3, NULL, NULL, '{\"attributes\":{\"po_number\":\"PO-20260331-0001\",\"purchase_requisition_id\":7,\"supplier_id\":3,\"po_date\":\"2026-03-31T00:00:00.000000Z\",\"expected_delivery_date\":\"2026-04-09T00:00:00.000000Z\",\"currency\":\"PKR\",\"subtotal\":null,\"tax_amount\":\"0.00\",\"discount_amount\":\"0.00\",\"total_amount\":null,\"payment_terms\":\"30 days\",\"remarks\":\"PPE replenishment awaiting supplier delivery.\",\"status\":\"draft\",\"approved_by\":null,\"approved_at\":null,\"issued_by\":null,\"issued_at\":null,\"created_by\":9,\"updated_by\":9}}', NULL, '2026-04-05 16:35:37', '2026-04-05 16:35:37'),
(906, 'default', 'updated', 'App\\Models\\PurchaseOrder', 'updated', 3, NULL, NULL, '{\"attributes\":{\"subtotal\":\"72600.00\",\"total_amount\":\"72600.00\"},\"old\":{\"subtotal\":null,\"total_amount\":null}}', NULL, '2026-04-05 16:35:37', '2026-04-05 16:35:37'),
(907, 'default', 'updated', 'App\\Models\\PurchaseRequisition', 'updated', 7, NULL, NULL, '{\"attributes\":{\"status\":\"fully_ordered\"},\"old\":{\"status\":\"approved\"}}', NULL, '2026-04-05 16:35:37', '2026-04-05 16:35:37'),
(908, 'procurement', 'Purchase order created', 'App\\Models\\PurchaseOrder', 'purchase-order-created', 3, 'App\\Models\\User', 9, '[]', NULL, '2026-04-05 16:35:37', '2026-04-05 16:35:37'),
(909, 'default', 'updated', 'App\\Models\\PurchaseOrder', 'updated', 3, NULL, NULL, '{\"attributes\":{\"remarks\":\"PPE replenishment awaiting supplier delivery.\\nIssued to supplier and awaiting delivery.\",\"status\":\"issued\",\"approved_by\":9,\"approved_at\":\"2026-04-05T16:35:37.000000Z\",\"issued_by\":9,\"issued_at\":\"2026-04-05T16:35:37.000000Z\"},\"old\":{\"remarks\":\"PPE replenishment awaiting supplier delivery.\",\"status\":\"draft\",\"approved_by\":null,\"approved_at\":null,\"issued_by\":null,\"issued_at\":null}}', NULL, '2026-04-05 16:35:39', '2026-04-05 16:35:39'),
(910, 'procurement', 'Purchase order issued', 'App\\Models\\PurchaseOrder', 'purchase-order-issued', 3, 'App\\Models\\User', 9, '{\"remarks\":\"Issued to supplier and awaiting delivery.\"}', NULL, '2026-04-05 16:35:42', '2026-04-05 16:35:42'),
(911, 'default', 'created', 'App\\Models\\PurchaseOrder', 'created', 4, NULL, NULL, '{\"attributes\":{\"po_number\":\"PO-20260404-0001\",\"purchase_requisition_id\":null,\"supplier_id\":1,\"po_date\":\"2026-04-04T00:00:00.000000Z\",\"expected_delivery_date\":\"2026-04-17T00:00:00.000000Z\",\"currency\":\"PKR\",\"subtotal\":null,\"tax_amount\":\"0.00\",\"discount_amount\":\"0.00\",\"total_amount\":null,\"payment_terms\":\"30 days\",\"remarks\":\"Standalone draft for emergency trolley consumable restock.\",\"status\":\"draft\",\"approved_by\":null,\"approved_at\":null,\"issued_by\":null,\"issued_at\":null,\"created_by\":9,\"updated_by\":9}}', NULL, '2026-04-05 16:35:44', '2026-04-05 16:35:44'),
(912, 'default', 'updated', 'App\\Models\\PurchaseOrder', 'updated', 4, NULL, NULL, '{\"attributes\":{\"subtotal\":\"21000.00\",\"total_amount\":\"21000.00\"},\"old\":{\"subtotal\":null,\"total_amount\":null}}', NULL, '2026-04-05 16:35:44', '2026-04-05 16:35:44'),
(913, 'procurement', 'Purchase order created', 'App\\Models\\PurchaseOrder', 'purchase-order-created', 4, 'App\\Models\\User', 9, '[]', NULL, '2026-04-05 16:35:44', '2026-04-05 16:35:44');

-- --------------------------------------------------------
-- Table: `asset_assignments`
-- --------------------------------------------------------
DROP TABLE IF EXISTS `asset_assignments`;
CREATE TABLE `asset_assignments` (
  `id` bigint(20) unsigned NOT NULL AUTO_INCREMENT,
  `asset_id` bigint(20) unsigned NOT NULL,
  `assignment_type` varchar(30) NOT NULL DEFAULT 'department',
  `department_id` bigint(20) unsigned DEFAULT NULL,
  `location_id` bigint(20) unsigned DEFAULT NULL,
  `assigned_user_id` bigint(20) unsigned DEFAULT NULL,
  `room_or_area` varchar(120) DEFAULT NULL,
  `custodian_name` varchar(120) DEFAULT NULL,
  `issued_by` bigint(20) unsigned NOT NULL,
  `received_by` bigint(20) unsigned DEFAULT NULL,
  `assigned_at` timestamp NOT NULL DEFAULT current_timestamp() ON UPDATE current_timestamp(),
  `expected_return_at` timestamp NULL DEFAULT NULL,
  `returned_at` timestamp NULL DEFAULT NULL,
  `status` varchar(30) NOT NULL DEFAULT 'active',
  `remarks` text DEFAULT NULL,
  `created_by` bigint(20) unsigned DEFAULT NULL,
  `updated_by` bigint(20) unsigned DEFAULT NULL,
  `created_at` timestamp NULL DEFAULT NULL,
  `updated_at` timestamp NULL DEFAULT NULL,
  PRIMARY KEY (`id`),
  KEY `asset_assignments_department_id_foreign` (`department_id`),
  KEY `asset_assignments_location_id_foreign` (`location_id`),
  KEY `asset_assignments_assigned_user_id_foreign` (`assigned_user_id`),
  KEY `asset_assignments_issued_by_foreign` (`issued_by`),
  KEY `asset_assignments_received_by_foreign` (`received_by`),
  KEY `asset_assignments_created_by_foreign` (`created_by`),
  KEY `asset_assignments_updated_by_foreign` (`updated_by`),
  KEY `asset_assignments_asset_id_status_index` (`asset_id`,`status`),
  KEY `asset_assignments_assignment_type_index` (`assignment_type`),
  KEY `asset_assignments_expected_return_at_index` (`expected_return_at`),
  KEY `asset_assignments_returned_at_index` (`returned_at`),
  KEY `asset_assignments_status_index` (`status`),
  CONSTRAINT `asset_assignments_asset_id_foreign` FOREIGN KEY (`asset_id`) REFERENCES `assets` (`id`) ON DELETE CASCADE,
  CONSTRAINT `asset_assignments_assigned_user_id_foreign` FOREIGN KEY (`assigned_user_id`) REFERENCES `users` (`id`) ON DELETE SET NULL,
  CONSTRAINT `asset_assignments_created_by_foreign` FOREIGN KEY (`created_by`) REFERENCES `users` (`id`) ON DELETE SET NULL,
  CONSTRAINT `asset_assignments_department_id_foreign` FOREIGN KEY (`department_id`) REFERENCES `departments` (`id`) ON DELETE SET NULL,
  CONSTRAINT `asset_assignments_issued_by_foreign` FOREIGN KEY (`issued_by`) REFERENCES `users` (`id`) ON DELETE CASCADE,
  CONSTRAINT `asset_assignments_location_id_foreign` FOREIGN KEY (`location_id`) REFERENCES `locations` (`id`) ON DELETE SET NULL,
  CONSTRAINT `asset_assignments_received_by_foreign` FOREIGN KEY (`received_by`) REFERENCES `users` (`id`) ON DELETE SET NULL,
  CONSTRAINT `asset_assignments_updated_by_foreign` FOREIGN KEY (`updated_by`) REFERENCES `users` (`id`) ON DELETE SET NULL
) ENGINE=InnoDB AUTO_INCREMENT=8 DEFAULT CHARSET=utf8mb4 COLLATE=utf8mb4_unicode_ci;
INSERT INTO `asset_assignments` (`id`, `asset_id`, `assignment_type`, `department_id`, `location_id`, `assigned_user_id`, `room_or_area`, `custodian_name`, `issued_by`, `received_by`, `assigned_at`, `expected_return_at`, `returned_at`, `status`, `remarks`, `created_by`, `updated_by`, `created_at`, `updated_at`) VALUES
(1, 1, 'staff', 1, 1, 7, 'Ventilator Station A', 'Rabia Iftikhar', 1, 7, '2026-04-01 16:31:42', '2026-04-08 16:31:42', NULL, 'active', 'Assigned for Burn ICU bedside respiratory support.', 1, 1, '2026-04-05 16:31:42', '2026-04-05 16:31:42'),
(2, 2, 'department', 2, 3, NULL, 'Ward Monitor Bay', 'Nadia Rehman', 1, NULL, '2026-04-02 16:31:48', '2026-04-10 16:31:48', NULL, 'active', 'Issued to Burn Ward for overflow critical monitoring.', 1, 1, '2026-04-05 16:31:48', '2026-04-05 16:31:48'),
(3, 3, 'room', 1, 2, NULL, 'Isolation Room 2', 'Isolation Bedside Team', 1, NULL, '2026-04-03 16:31:50', '2026-04-09 16:31:50', NULL, 'active', 'Placed in isolation room for dedicated infusion support.', 1, 1, '2026-04-05 16:31:51', '2026-04-05 16:31:51'),
(4, 4, 'location', 3, 4, NULL, 'Procedure Prep Zone', 'Burn Dressing Team', 1, 1, '2026-04-05 21:31:53', '2026-04-04 16:31:51', '2026-04-04 16:31:52', 'returned', 'Returned after scheduled dressing round.', 1, 1, '2026-04-05 16:31:51', '2026-04-05 16:31:53'),
(5, 5, 'location', 5, 9, NULL, 'Workshop Bench', 'Biomedical Workshop', 1, NULL, '2026-04-04 16:31:54', NULL, NULL, 'active', 'Transferred for bench inspection after intermittent alarm.', 1, 1, '2026-04-05 16:31:54', '2026-04-05 16:31:54'),
(6, 6, 'staff', 2, 3, 6, 'Crash Cart Position', 'Nadia Rehman', 1, 6, '2026-04-05 21:31:59', '2026-04-12 16:31:58', '2026-04-04 16:31:59', 'transferred', 'Held by nurse supervisor for crash cart coverage. Closed automatically during transfer.', 1, 1, '2026-04-05 16:31:58', '2026-04-05 16:31:59'),
(7, 6, 'staff', 2, 3, 7, 'Crash Cart Position', 'Rabia Iftikhar', 1, 7, '2026-04-04 16:31:59', NULL, NULL, 'active', 'Transferred to bedside staff for active patient coverage.', 1, 1, '2026-04-05 16:32:00', '2026-04-05 16:32:00');

-- --------------------------------------------------------
-- Table: `asset_calibrations`
-- --------------------------------------------------------
DROP TABLE IF EXISTS `asset_calibrations`;
CREATE TABLE `asset_calibrations` (
  `id` bigint(20) unsigned NOT NULL AUTO_INCREMENT,
  `asset_id` bigint(20) unsigned NOT NULL,
  `performed_by_id` bigint(20) unsigned DEFAULT NULL,
  `supplier_id` bigint(20) unsigned DEFAULT NULL,
  `certificate_number` varchar(80) DEFAULT NULL,
  `performed_at` timestamp NULL DEFAULT NULL,
  `due_at` timestamp NULL DEFAULT NULL,
  `status` varchar(30) NOT NULL DEFAULT 'scheduled',
  `notes` text DEFAULT NULL,
  `created_at` timestamp NULL DEFAULT NULL,
  `updated_at` timestamp NULL DEFAULT NULL,
  PRIMARY KEY (`id`),
  KEY `asset_calibrations_asset_id_foreign` (`asset_id`),
  KEY `asset_calibrations_performed_by_id_foreign` (`performed_by_id`),
  KEY `asset_calibrations_supplier_id_foreign` (`supplier_id`),
  KEY `asset_calibrations_due_at_index` (`due_at`),
  KEY `asset_calibrations_status_index` (`status`),
  CONSTRAINT `asset_calibrations_asset_id_foreign` FOREIGN KEY (`asset_id`) REFERENCES `assets` (`id`) ON DELETE CASCADE,
  CONSTRAINT `asset_calibrations_performed_by_id_foreign` FOREIGN KEY (`performed_by_id`) REFERENCES `users` (`id`) ON DELETE SET NULL,
  CONSTRAINT `asset_calibrations_supplier_id_foreign` FOREIGN KEY (`supplier_id`) REFERENCES `suppliers` (`id`) ON DELETE SET NULL
) ENGINE=InnoDB DEFAULT CHARSET=utf8mb4 COLLATE=utf8mb4_unicode_ci;

-- --------------------------------------------------------
-- Table: `asset_categories`
-- --------------------------------------------------------
DROP TABLE IF EXISTS `asset_categories`;
CREATE TABLE `asset_categories` (
  `id` bigint(20) unsigned NOT NULL AUTO_INCREMENT,
  `parent_id` bigint(20) unsigned DEFAULT NULL,
  `name` varchar(255) NOT NULL,
  `code` varchar(30) NOT NULL,
  `description` text DEFAULT NULL,
  `is_active` tinyint(1) NOT NULL DEFAULT 1,
  `created_by` bigint(20) unsigned DEFAULT NULL,
  `updated_by` bigint(20) unsigned DEFAULT NULL,
  `created_at` timestamp NULL DEFAULT NULL,
  `updated_at` timestamp NULL DEFAULT NULL,
  `deleted_at` timestamp NULL DEFAULT NULL,
  PRIMARY KEY (`id`),
  UNIQUE KEY `asset_categories_code_unique` (`code`),
  KEY `asset_categories_parent_id_foreign` (`parent_id`),
  KEY `asset_categories_created_by_foreign` (`created_by`),
  KEY `asset_categories_updated_by_foreign` (`updated_by`),
  KEY `asset_categories_is_active_index` (`is_active`),
  CONSTRAINT `asset_categories_created_by_foreign` FOREIGN KEY (`created_by`) REFERENCES `users` (`id`) ON DELETE SET NULL,
  CONSTRAINT `asset_categories_parent_id_foreign` FOREIGN KEY (`parent_id`) REFERENCES `asset_categories` (`id`) ON DELETE SET NULL,
  CONSTRAINT `asset_categories_updated_by_foreign` FOREIGN KEY (`updated_by`) REFERENCES `users` (`id`) ON DELETE SET NULL
) ENGINE=InnoDB AUTO_INCREMENT=22 DEFAULT CHARSET=utf8mb4 COLLATE=utf8mb4_unicode_ci;
INSERT INTO `asset_categories` (`id`, `parent_id`, `name`, `code`, `description`, `is_active`, `created_by`, `updated_by`, `created_at`, `updated_at`, `deleted_at`) VALUES
(1, NULL, 'Clinical Equipment', 'EQP-CLIN', 'Clinical Equipment configured for burn center fixed asset control.', 1, 1, 1, '2026-04-05 16:30:02', '2026-04-05 16:30:02', NULL),
(2, NULL, 'Burn Treatment Equipment', 'EQP-BURN', 'Burn Treatment Equipment configured for burn center fixed asset control.', 1, 1, 1, '2026-04-05 16:30:03', '2026-04-05 16:30:03', NULL),
(3, NULL, 'Sterilization Equipment', 'EQP-STER', 'Sterilization Equipment configured for burn center fixed asset control.', 1, 1, 1, '2026-04-05 16:30:04', '2026-04-05 16:30:04', NULL),
(4, NULL, 'IT Equipment', 'ITM-DIGI', 'IT Equipment configured for burn center fixed asset control.', 1, 1, 1, '2026-04-05 16:30:05', '2026-04-05 16:30:05', NULL),
(5, NULL, 'Facility Support Equipment', 'FAC-SUP', 'Facility Support Equipment configured for burn center fixed asset control.', 1, 1, 1, '2026-04-05 16:30:06', '2026-04-05 16:30:06', NULL),
(6, NULL, 'Emergency Equipment', 'EMR-EQP', 'Emergency Equipment configured for burn center fixed asset control.', 1, 1, 1, '2026-04-05 16:30:06', '2026-04-05 16:30:06', NULL),
(7, 1, 'Ventilators', 'EQP-VENT', 'Ventilators configured for burn center fixed asset control.', 1, 1, 1, '2026-04-05 16:30:07', '2026-04-05 16:30:07', NULL),
(8, 1, 'Infusion Pumps', 'EQP-INF', 'Infusion Pumps configured for burn center fixed asset control.', 1, 1, 1, '2026-04-05 16:30:07', '2026-04-05 16:30:07', NULL),
(9, 1, 'Syringe Pumps', 'EQP-SYR', 'Syringe Pumps configured for burn center fixed asset control.', 1, 1, 1, '2026-04-05 16:30:08', '2026-04-05 16:30:08', NULL),
(10, 1, 'Patient Monitors', 'EQP-MON', 'Patient Monitors configured for burn center fixed asset control.', 1, 1, 1, '2026-04-05 16:30:08', '2026-04-05 16:30:08', NULL),
(11, 1, 'ICU Beds', 'EQP-BED', 'ICU Beds configured for burn center fixed asset control.', 1, 1, 1, '2026-04-05 16:30:09', '2026-04-05 16:30:09', NULL),
(12, 2, 'Dressing Trolleys', 'EQP-DTR', 'Dressing Trolleys configured for burn center fixed asset control.', 1, 1, 1, '2026-04-05 16:30:09', '2026-04-05 16:30:09', NULL),
(13, 3, 'Autoclaves', 'EQP-AUT', 'Autoclaves configured for burn center fixed asset control.', 1, 1, 1, '2026-04-05 16:30:10', '2026-04-05 16:30:10', NULL),
(14, 2, 'Suction Machines', 'EQP-SUC', 'Suction Machines configured for burn center fixed asset control.', 1, 1, 1, '2026-04-05 16:30:12', '2026-04-05 16:30:12', NULL),
(15, 6, 'Oxygen Devices', 'EQP-OXY', 'Oxygen Devices configured for burn center fixed asset control.', 1, 1, 1, '2026-04-05 16:30:13', '2026-04-05 16:30:13', NULL),
(16, 4, 'Tablets', 'ITM-TAB', 'Tablets configured for burn center fixed asset control.', 1, 1, 1, '2026-04-05 16:30:13', '2026-04-05 16:30:13', NULL),
(17, 4, 'Barcode Scanners', 'ITM-SCN', 'Barcode Scanners configured for burn center fixed asset control.', 1, 1, 1, '2026-04-05 16:30:13', '2026-04-05 16:30:13', NULL),
(18, 4, 'Printers', 'ITM-PRN', 'Printers configured for burn center fixed asset control.', 1, 1, 1, '2026-04-05 16:30:14', '2026-04-05 16:30:14', NULL),
(19, 5, 'Refrigerators', 'FAC-REF', 'Refrigerators configured for burn center fixed asset control.', 1, 1, 1, '2026-04-05 16:30:15', '2026-04-05 16:30:15', NULL),
(20, 5, 'UPS Units', 'FAC-UPS', 'UPS Units configured for burn center fixed asset control.', 1, 1, 1, '2026-04-05 16:30:16', '2026-04-05 16:30:16', NULL),
(21, 6, 'Fire Safety Equipment', 'EMR-FSE', 'Fire Safety Equipment configured for burn center fixed asset control.', 1, 1, 1, '2026-04-05 16:30:16', '2026-04-05 16:30:16', NULL);

-- --------------------------------------------------------
-- Table: `asset_disposals`
-- --------------------------------------------------------
DROP TABLE IF EXISTS `asset_disposals`;
CREATE TABLE `asset_disposals` (
  `id` bigint(20) unsigned NOT NULL AUTO_INCREMENT,
  `asset_id` bigint(20) unsigned NOT NULL,
  `approved_by_id` bigint(20) unsigned DEFAULT NULL,
  `disposed_by_id` bigint(20) unsigned DEFAULT NULL,
  `disposal_type` varchar(30) NOT NULL,
  `disposal_date` date NOT NULL,
  `reason` text DEFAULT NULL,
  `recovery_amount` decimal(14,2) DEFAULT NULL,
  `notes` text DEFAULT NULL,
  `created_at` timestamp NULL DEFAULT NULL,
  `updated_at` timestamp NULL DEFAULT NULL,
  PRIMARY KEY (`id`),
  KEY `asset_disposals_asset_id_foreign` (`asset_id`),
  KEY `asset_disposals_approved_by_id_foreign` (`approved_by_id`),
  KEY `asset_disposals_disposed_by_id_foreign` (`disposed_by_id`),
  KEY `asset_disposals_disposal_type_index` (`disposal_type`),
  KEY `asset_disposals_disposal_date_index` (`disposal_date`),
  CONSTRAINT `asset_disposals_approved_by_id_foreign` FOREIGN KEY (`approved_by_id`) REFERENCES `users` (`id`) ON DELETE SET NULL,
  CONSTRAINT `asset_disposals_asset_id_foreign` FOREIGN KEY (`asset_id`) REFERENCES `assets` (`id`) ON DELETE CASCADE,
  CONSTRAINT `asset_disposals_disposed_by_id_foreign` FOREIGN KEY (`disposed_by_id`) REFERENCES `users` (`id`) ON DELETE SET NULL
) ENGINE=InnoDB DEFAULT CHARSET=utf8mb4 COLLATE=utf8mb4_unicode_ci;

-- --------------------------------------------------------
-- Table: `asset_maintenances`
-- --------------------------------------------------------
DROP TABLE IF EXISTS `asset_maintenances`;
CREATE TABLE `asset_maintenances` (
  `id` bigint(20) unsigned NOT NULL AUTO_INCREMENT,
  `asset_id` bigint(20) unsigned NOT NULL,
  `reported_by_id` bigint(20) unsigned DEFAULT NULL,
  `engineer_id` bigint(20) unsigned DEFAULT NULL,
  `supplier_id` bigint(20) unsigned DEFAULT NULL,
  `ticket_number` varchar(50) NOT NULL,
  `maintenance_type` varchar(30) NOT NULL,
  `status` varchar(30) NOT NULL DEFAULT 'open',
  `fault_report` text DEFAULT NULL,
  `started_at` timestamp NULL DEFAULT NULL,
  `completed_at` timestamp NULL DEFAULT NULL,
  `downtime_minutes` bigint(20) unsigned DEFAULT NULL,
  `cost` decimal(14,2) DEFAULT NULL,
  `spare_parts_used` longtext CHARACTER SET utf8mb4 COLLATE utf8mb4_bin DEFAULT NULL CHECK (json_valid(`spare_parts_used`)),
  `resolution_notes` text DEFAULT NULL,
  `fit_status` varchar(30) DEFAULT NULL,
  `warranty_claim` tinyint(1) NOT NULL DEFAULT 0,
  `created_at` timestamp NULL DEFAULT NULL,
  `updated_at` timestamp NULL DEFAULT NULL,
  PRIMARY KEY (`id`),
  UNIQUE KEY `asset_maintenances_ticket_number_unique` (`ticket_number`),
  KEY `asset_maintenances_asset_id_foreign` (`asset_id`),
  KEY `asset_maintenances_reported_by_id_foreign` (`reported_by_id`),
  KEY `asset_maintenances_engineer_id_foreign` (`engineer_id`),
  KEY `asset_maintenances_supplier_id_foreign` (`supplier_id`),
  KEY `asset_maintenances_maintenance_type_index` (`maintenance_type`),
  KEY `asset_maintenances_status_index` (`status`),
  KEY `asset_maintenances_fit_status_index` (`fit_status`),
  CONSTRAINT `asset_maintenances_asset_id_foreign` FOREIGN KEY (`asset_id`) REFERENCES `assets` (`id`) ON DELETE CASCADE,
  CONSTRAINT `asset_maintenances_engineer_id_foreign` FOREIGN KEY (`engineer_id`) REFERENCES `users` (`id`) ON DELETE SET NULL,
  CONSTRAINT `asset_maintenances_reported_by_id_foreign` FOREIGN KEY (`reported_by_id`) REFERENCES `users` (`id`) ON DELETE SET NULL,
  CONSTRAINT `asset_maintenances_supplier_id_foreign` FOREIGN KEY (`supplier_id`) REFERENCES `suppliers` (`id`) ON DELETE SET NULL
) ENGINE=InnoDB DEFAULT CHARSET=utf8mb4 COLLATE=utf8mb4_unicode_ci;

-- --------------------------------------------------------
-- Table: `asset_movements`
-- --------------------------------------------------------
DROP TABLE IF EXISTS `asset_movements`;
CREATE TABLE `asset_movements` (
  `id` bigint(20) unsigned NOT NULL AUTO_INCREMENT,
  `asset_id` bigint(20) unsigned NOT NULL,
  `from_department_id` bigint(20) unsigned DEFAULT NULL,
  `to_department_id` bigint(20) unsigned DEFAULT NULL,
  `from_location_id` bigint(20) unsigned DEFAULT NULL,
  `to_location_id` bigint(20) unsigned DEFAULT NULL,
  `from_user_id` bigint(20) unsigned DEFAULT NULL,
  `to_user_id` bigint(20) unsigned DEFAULT NULL,
  `from_room_or_area` varchar(120) DEFAULT NULL,
  `to_room_or_area` varchar(120) DEFAULT NULL,
  `movement_type` varchar(30) NOT NULL DEFAULT 'created',
  `movement_datetime` timestamp NOT NULL DEFAULT current_timestamp() ON UPDATE current_timestamp(),
  `performed_by` bigint(20) unsigned NOT NULL,
  `reference_type` varchar(120) DEFAULT NULL,
  `reference_id` bigint(20) unsigned DEFAULT NULL,
  `notes` text DEFAULT NULL,
  `created_at` timestamp NULL DEFAULT NULL,
  `updated_at` timestamp NULL DEFAULT NULL,
  PRIMARY KEY (`id`),
  KEY `asset_movements_asset_id_foreign` (`asset_id`),
  KEY `asset_movements_from_department_id_foreign` (`from_department_id`),
  KEY `asset_movements_to_department_id_foreign` (`to_department_id`),
  KEY `asset_movements_from_location_id_foreign` (`from_location_id`),
  KEY `asset_movements_to_location_id_foreign` (`to_location_id`),
  KEY `asset_movements_from_user_id_foreign` (`from_user_id`),
  KEY `asset_movements_to_user_id_foreign` (`to_user_id`),
  KEY `asset_movements_performed_by_foreign` (`performed_by`),
  KEY `asset_movements_movement_type_index` (`movement_type`),
  KEY `asset_movements_movement_datetime_index` (`movement_datetime`),
  KEY `asset_movements_reference_type_index` (`reference_type`),
  KEY `asset_movements_reference_id_index` (`reference_id`),
  CONSTRAINT `asset_movements_asset_id_foreign` FOREIGN KEY (`asset_id`) REFERENCES `assets` (`id`) ON DELETE CASCADE,
  CONSTRAINT `asset_movements_from_department_id_foreign` FOREIGN KEY (`from_department_id`) REFERENCES `departments` (`id`) ON DELETE SET NULL,
  CONSTRAINT `asset_movements_from_location_id_foreign` FOREIGN KEY (`from_location_id`) REFERENCES `locations` (`id`) ON DELETE SET NULL,
  CONSTRAINT `asset_movements_from_user_id_foreign` FOREIGN KEY (`from_user_id`) REFERENCES `users` (`id`) ON DELETE SET NULL,
  CONSTRAINT `asset_movements_performed_by_foreign` FOREIGN KEY (`performed_by`) REFERENCES `users` (`id`) ON DELETE CASCADE,
  CONSTRAINT `asset_movements_to_department_id_foreign` FOREIGN KEY (`to_department_id`) REFERENCES `departments` (`id`) ON DELETE SET NULL,
  CONSTRAINT `asset_movements_to_location_id_foreign` FOREIGN KEY (`to_location_id`) REFERENCES `locations` (`id`) ON DELETE SET NULL,
  CONSTRAINT `asset_movements_to_user_id_foreign` FOREIGN KEY (`to_user_id`) REFERENCES `users` (`id`) ON DELETE SET NULL
) ENGINE=InnoDB AUTO_INCREMENT=35 DEFAULT CHARSET=utf8mb4 COLLATE=utf8mb4_unicode_ci;
INSERT INTO `asset_movements` (`id`, `asset_id`, `from_department_id`, `to_department_id`, `from_location_id`, `to_location_id`, `from_user_id`, `to_user_id`, `from_room_or_area`, `to_room_or_area`, `movement_type`, `movement_datetime`, `performed_by`, `reference_type`, `reference_id`, `notes`, `created_at`, `updated_at`) VALUES
(1, 1, 1, 1, 1, 1, NULL, NULL, NULL, NULL, 'tagged', '2026-04-05 16:31:18', 1, 'App\\Models\\AssetTag', 1, 'Asset tag generated.', '2026-04-05 16:31:18', '2026-04-05 16:31:18'),
(2, 2, 1, 1, 2, 2, NULL, NULL, NULL, NULL, 'tagged', '2026-04-05 16:31:21', 1, 'App\\Models\\AssetTag', 2, 'Asset tag generated.', '2026-04-05 16:31:21', '2026-04-05 16:31:21'),
(3, 3, 1, 1, 1, 1, NULL, NULL, NULL, NULL, 'tagged', '2026-04-05 16:31:23', 1, 'App\\Models\\AssetTag', 3, 'Asset tag generated.', '2026-04-05 16:31:23', '2026-04-05 16:31:23'),
(4, 4, 3, 3, 4, 4, NULL, NULL, NULL, NULL, 'tagged', '2026-04-05 16:31:24', 1, 'App\\Models\\AssetTag', 4, 'Asset tag generated.', '2026-04-05 16:31:24', '2026-04-05 16:31:24'),
(5, 5, 1, 1, 1, 1, NULL, NULL, NULL, NULL, 'tagged', '2026-04-05 16:31:25', 1, 'App\\Models\\AssetTag', 5, 'Asset tag generated.', '2026-04-05 16:31:25', '2026-04-05 16:31:25'),
(6, 6, 2, 2, 3, 3, NULL, NULL, NULL, NULL, 'tagged', '2026-04-05 16:31:26', 1, 'App\\Models\\AssetTag', 6, 'Asset tag generated.', '2026-04-05 16:31:26', '2026-04-05 16:31:26'),
(7, 7, 1, 1, 1, 1, NULL, NULL, NULL, NULL, 'tagged', '2026-04-05 16:31:27', 1, 'App\\Models\\AssetTag', 7, 'Asset tag generated.', '2026-04-05 16:31:27', '2026-04-05 16:31:27'),
(8, 8, 1, 1, 2, 2, NULL, NULL, NULL, NULL, 'tagged', '2026-04-05 16:31:28', 1, 'App\\Models\\AssetTag', 8, 'Asset tag generated.', '2026-04-05 16:31:28', '2026-04-05 16:31:28'),
(9, 9, 3, 3, 4, 4, NULL, NULL, NULL, NULL, 'tagged', '2026-04-05 16:31:28', 1, 'App\\Models\\AssetTag', 9, 'Asset tag generated.', '2026-04-05 16:31:28', '2026-04-05 16:31:28'),
(10, 10, 3, 3, 4, 4, NULL, NULL, NULL, NULL, 'tagged', '2026-04-05 16:31:28', 1, 'App\\Models\\AssetTag', 10, 'Asset tag generated.', '2026-04-05 16:31:28', '2026-04-05 16:31:28'),
(11, 11, 4, 4, 5, 5, NULL, NULL, NULL, NULL, 'tagged', '2026-04-05 16:31:29', 1, 'App\\Models\\AssetTag', 11, 'Asset tag generated.', '2026-04-05 16:31:29', '2026-04-05 16:31:29'),
(12, 12, 4, 4, 5, 5, NULL, NULL, NULL, NULL, 'tagged', '2026-04-05 16:31:29', 1, 'App\\Models\\AssetTag', 12, 'Asset tag generated.', '2026-04-05 16:31:29', '2026-04-05 16:31:29'),
(13, 13, 1, 1, 1, 1, NULL, NULL, NULL, NULL, 'tagged', '2026-04-05 16:31:29', 1, 'App\\Models\\AssetTag', 13, 'Asset tag generated.', '2026-04-05 16:31:29', '2026-04-05 16:31:29'),
(14, 14, 2, 2, 3, 3, NULL, NULL, NULL, NULL, 'tagged', '2026-04-05 16:31:29', 1, 'App\\Models\\AssetTag', 14, 'Asset tag generated.', '2026-04-05 16:31:29', '2026-04-05 16:31:29'),
(15, 15, 1, 1, 1, 1, NULL, NULL, NULL, NULL, 'tagged', '2026-04-05 16:31:30', 1, 'App\\Models\\AssetTag', 15, 'Asset tag generated.', '2026-04-05 16:31:30', '2026-04-05 16:31:30'),
(16, 16, 2, 2, 3, 3, NULL, NULL, NULL, NULL, 'tagged', '2026-04-05 16:31:30', 1, 'App\\Models\\AssetTag', 16, 'Asset tag generated.', '2026-04-05 16:31:30', '2026-04-05 16:31:30'),
(17, 17, 6, 6, 8, 8, NULL, NULL, NULL, NULL, 'tagged', '2026-04-05 16:31:30', 1, 'App\\Models\\AssetTag', 17, 'Asset tag generated.', '2026-04-05 16:31:30', '2026-04-05 16:31:30'),
(18, 18, 2, 2, 3, 3, NULL, NULL, NULL, NULL, 'tagged', '2026-04-05 16:31:31', 1, 'App\\Models\\AssetTag', 18, 'Asset tag generated.', '2026-04-05 16:31:31', '2026-04-05 16:31:31'),
(19, 19, 1, 1, 1, 1, NULL, NULL, NULL, NULL, 'tagged', '2026-04-05 16:31:35', 1, 'App\\Models\\AssetTag', 19, 'Asset tag generated.', '2026-04-05 16:31:35', '2026-04-05 16:31:35'),
(20, 20, 4, 4, 5, 5, NULL, NULL, NULL, NULL, 'tagged', '2026-04-05 16:31:38', 1, 'App\\Models\\AssetTag', 20, 'Asset tag generated.', '2026-04-05 16:31:38', '2026-04-05 16:31:38'),
(21, 1, 1, 1, 1, 1, NULL, 7, NULL, 'Ventilator Station A', 'issued', '2026-04-01 16:31:42', 1, 'App\\Models\\AssetAssignment', 1, 'Assigned for Burn ICU bedside respiratory support.', '2026-04-05 16:31:47', '2026-04-05 16:31:47'),
(22, 2, 1, 2, 2, 3, NULL, NULL, NULL, 'Ward Monitor Bay', 'issued', '2026-04-02 16:31:48', 1, 'App\\Models\\AssetAssignment', 2, 'Issued to Burn Ward for overflow critical monitoring.', '2026-04-05 16:31:50', '2026-04-05 16:31:50'),
(23, 3, 1, 1, 1, 2, NULL, NULL, NULL, 'Isolation Room 2', 'issued', '2026-04-03 16:31:50', 1, 'App\\Models\\AssetAssignment', 3, 'Placed in isolation room for dedicated infusion support.', '2026-04-05 16:31:51', '2026-04-05 16:31:51'),
(24, 4, 3, 3, 4, 4, NULL, NULL, NULL, 'Procedure Prep Zone', 'issued', '2026-03-31 16:31:51', 1, 'App\\Models\\AssetAssignment', 4, 'Allocated for dressing preparation workflow.', '2026-04-05 16:31:51', '2026-04-05 16:31:51'),
(25, 4, 3, 3, 4, 4, NULL, NULL, 'Procedure Prep Zone', 'Procedure Prep Zone', 'returned', '2026-04-04 16:31:52', 1, 'App\\Models\\AssetAssignment', 4, 'Returned after scheduled dressing round.', '2026-04-05 16:31:54', '2026-04-05 16:31:54'),
(26, 5, 1, 5, 1, 9, NULL, NULL, NULL, 'Workshop Bench', 'transferred', '2026-04-04 16:31:54', 1, 'App\\Models\\AssetAssignment', 5, 'Transferred for bench inspection after intermittent alarm.', '2026-04-05 16:31:58', '2026-04-05 16:31:58'),
(27, 6, 2, 2, 3, 3, NULL, 6, NULL, 'Crash Cart Position', 'issued', '2026-04-03 16:31:58', 1, 'App\\Models\\AssetAssignment', 6, 'Held by nurse supervisor for crash cart coverage.', '2026-04-05 16:31:59', '2026-04-05 16:31:59'),
(28, 6, 2, 2, 3, 3, 6, 7, 'Crash Cart Position', 'Crash Cart Position', 'transferred', '2026-04-04 16:31:59', 1, 'App\\Models\\AssetAssignment', 7, 'Transferred to bedside staff for active patient coverage.', '2026-04-05 16:32:04', '2026-04-05 16:32:04'),
(29, 7, 1, 1, 1, 1, NULL, NULL, NULL, NULL, 'status_changed', '2026-04-05 16:32:06', 1, 'App\\Models\\AssetStatusLog', 7, 'Sent for terminal disinfection after isolation room use.', '2026-04-05 16:32:06', '2026-04-05 16:32:06'),
(30, 8, 1, 1, 2, 2, NULL, NULL, NULL, NULL, 'status_changed', '2026-04-05 16:32:10', 1, 'App\\Models\\AssetStatusLog', 8, 'Device display intermittently failing during checks.', '2026-04-05 16:32:11', '2026-04-05 16:32:11'),
(31, 9, 3, 3, 4, 4, NULL, NULL, NULL, NULL, 'status_changed', '2026-04-05 16:32:13', 1, 'App\\Models\\AssetStatusLog', 9, 'Wheel lock assembly requires repair review.', '2026-04-05 16:32:13', '2026-04-05 16:32:13'),
(32, 10, 3, 3, 4, 4, NULL, NULL, NULL, NULL, 'status_changed', '2026-04-05 16:32:15', 1, 'App\\Models\\AssetStatusLog', 10, 'Scheduled calibration before next high-acuity shift cycle.', '2026-04-05 16:32:15', '2026-04-05 16:32:15'),
(33, 29, NULL, 4, NULL, 7, NULL, NULL, NULL, 'Receiving Hold', 'created', '2026-04-01 00:00:00', 9, 'App\\Models\\GoodsReceipt', 2, 'Asset intake created from procurement goods receipt.', '2026-04-05 16:35:34', '2026-04-05 16:35:34'),
(34, 30, NULL, 4, NULL, 7, NULL, NULL, NULL, 'Receiving Hold', 'created', '2026-04-01 00:00:00', 9, 'App\\Models\\GoodsReceipt', 2, 'Asset intake created from procurement goods receipt.', '2026-04-05 16:35:34', '2026-04-05 16:35:34');

-- --------------------------------------------------------
-- Table: `asset_status_logs`
-- --------------------------------------------------------
DROP TABLE IF EXISTS `asset_status_logs`;
CREATE TABLE `asset_status_logs` (
  `id` bigint(20) unsigned NOT NULL AUTO_INCREMENT,
  `asset_id` bigint(20) unsigned NOT NULL,
  `old_status` varchar(40) DEFAULT NULL,
  `new_status` varchar(40) NOT NULL,
  `old_condition` varchar(30) DEFAULT NULL,
  `new_condition` varchar(30) DEFAULT NULL,
  `changed_by` bigint(20) unsigned DEFAULT NULL,
  `changed_at` timestamp NOT NULL DEFAULT current_timestamp() ON UPDATE current_timestamp(),
  `reason` text DEFAULT NULL,
  `created_at` timestamp NULL DEFAULT NULL,
  `updated_at` timestamp NULL DEFAULT NULL,
  PRIMARY KEY (`id`),
  KEY `asset_status_logs_asset_id_foreign` (`asset_id`),
  KEY `asset_status_logs_changed_by_foreign` (`changed_by`),
  KEY `asset_status_logs_changed_at_index` (`changed_at`),
  CONSTRAINT `asset_status_logs_asset_id_foreign` FOREIGN KEY (`asset_id`) REFERENCES `assets` (`id`) ON DELETE CASCADE,
  CONSTRAINT `asset_status_logs_changed_by_foreign` FOREIGN KEY (`changed_by`) REFERENCES `users` (`id`) ON DELETE SET NULL
) ENGINE=InnoDB AUTO_INCREMENT=11 DEFAULT CHARSET=utf8mb4 COLLATE=utf8mb4_unicode_ci;
INSERT INTO `asset_status_logs` (`id`, `asset_id`, `old_status`, `new_status`, `old_condition`, `new_condition`, `changed_by`, `changed_at`, `reason`, `created_at`, `updated_at`) VALUES
(1, 1, 'available', 'in_use', 'excellent', 'excellent', 1, '2026-04-05 16:31:46', 'Assigned for Burn ICU bedside respiratory support.', '2026-04-05 16:31:46', '2026-04-05 16:31:46'),
(2, 2, 'available', 'in_use', 'excellent', 'excellent', 1, '2026-04-05 16:31:50', 'Issued to Burn Ward for overflow critical monitoring.', '2026-04-05 16:31:50', '2026-04-05 16:31:50'),
(3, 3, 'available', 'in_use', 'good', 'good', 1, '2026-04-05 16:31:51', 'Placed in isolation room for dedicated infusion support.', '2026-04-05 16:31:51', '2026-04-05 16:31:51'),
(4, 4, 'available', 'in_use', 'good', 'good', 1, '2026-04-05 16:31:51', 'Allocated for dressing preparation workflow.', '2026-04-05 16:31:51', '2026-04-05 16:31:51'),
(5, 4, 'in_use', 'available', 'good', 'good', 1, '2026-04-05 16:31:54', 'Returned after scheduled dressing round.', '2026-04-05 16:31:54', '2026-04-05 16:31:54'),
(6, 6, 'available', 'in_use', 'good', 'good', 1, '2026-04-05 16:31:59', 'Held by nurse supervisor for crash cart coverage.', '2026-04-05 16:31:59', '2026-04-05 16:31:59'),
(7, 7, 'available', 'under_cleaning', 'good', 'good', 1, '2026-04-05 16:32:06', 'Sent for terminal disinfection after isolation room use.', '2026-04-05 16:32:06', '2026-04-05 16:32:06'),
(8, 8, 'available', 'out_of_order', 'good', 'damaged', 1, '2026-04-05 16:32:10', 'Device display intermittently failing during checks.', '2026-04-05 16:32:10', '2026-04-05 16:32:10'),
(9, 9, 'available', 'under_maintenance', 'good', 'damaged', 1, '2026-04-05 16:32:13', 'Wheel lock assembly requires repair review.', '2026-04-05 16:32:13', '2026-04-05 16:32:13'),
(10, 10, 'available', 'under_calibration', 'good', 'good', 1, '2026-04-05 16:32:15', 'Scheduled calibration before next high-acuity shift cycle.', '2026-04-05 16:32:15', '2026-04-05 16:32:15');

-- --------------------------------------------------------
-- Table: `asset_tags`
-- --------------------------------------------------------
DROP TABLE IF EXISTS `asset_tags`;
CREATE TABLE `asset_tags` (
  `id` bigint(20) unsigned NOT NULL AUTO_INCREMENT,
  `asset_id` bigint(20) unsigned NOT NULL,
  `tag_number` varchar(80) NOT NULL,
  `tag_format` varchar(120) NOT NULL,
  `barcode_value` varchar(120) NOT NULL,
  `qr_value` varchar(255) NOT NULL,
  `printed_count` int(10) unsigned NOT NULL DEFAULT 0,
  `last_printed_at` timestamp NULL DEFAULT NULL,
  `is_active` tinyint(1) NOT NULL DEFAULT 1,
  `created_by` bigint(20) unsigned DEFAULT NULL,
  `updated_by` bigint(20) unsigned DEFAULT NULL,
  `created_at` timestamp NULL DEFAULT NULL,
  `updated_at` timestamp NULL DEFAULT NULL,
  PRIMARY KEY (`id`),
  UNIQUE KEY `asset_tags_tag_number_unique` (`tag_number`),
  UNIQUE KEY `asset_tags_barcode_value_unique` (`barcode_value`),
  UNIQUE KEY `asset_tags_qr_value_unique` (`qr_value`),
  KEY `asset_tags_asset_id_foreign` (`asset_id`),
  KEY `asset_tags_created_by_foreign` (`created_by`),
  KEY `asset_tags_updated_by_foreign` (`updated_by`),
  KEY `asset_tags_is_active_index` (`is_active`),
  CONSTRAINT `asset_tags_asset_id_foreign` FOREIGN KEY (`asset_id`) REFERENCES `assets` (`id`) ON DELETE CASCADE,
  CONSTRAINT `asset_tags_created_by_foreign` FOREIGN KEY (`created_by`) REFERENCES `users` (`id`) ON DELETE SET NULL,
  CONSTRAINT `asset_tags_updated_by_foreign` FOREIGN KEY (`updated_by`) REFERENCES `users` (`id`) ON DELETE SET NULL
) ENGINE=InnoDB AUTO_INCREMENT=21 DEFAULT CHARSET=utf8mb4 COLLATE=utf8mb4_unicode_ci;
INSERT INTO `asset_tags` (`id`, `asset_id`, `tag_number`, `tag_format`, `barcode_value`, `qr_value`, `printed_count`, `last_printed_at`, `is_active`, `created_by`, `updated_by`, `created_at`, `updated_at`) VALUES
(1, 1, 'BC-KORT-BICU-EQP-000001', 'BC-KORT-[DEPARTMENT]-[TYPE]-[SEQUENCE]', 'BC-KORT-BICU-EQP-000001', 'http://localhost/assets/1', 1, '2026-04-05 16:31:39', 1, 1, 1, '2026-04-05 16:31:15', '2026-04-05 16:31:39'),
(2, 2, 'BC-KORT-BICU-EQP-000002', 'BC-KORT-[DEPARTMENT]-[TYPE]-[SEQUENCE]', 'BC-KORT-BICU-EQP-000002', 'http://localhost/assets/2', 1, '2026-04-05 16:31:40', 1, 1, 1, '2026-04-05 16:31:21', '2026-04-05 16:31:40'),
(3, 3, 'BC-KORT-BICU-EQP-000003', 'BC-KORT-[DEPARTMENT]-[TYPE]-[SEQUENCE]', 'BC-KORT-BICU-EQP-000003', 'http://localhost/assets/3', 0, NULL, 1, 1, 1, '2026-04-05 16:31:22', '2026-04-05 16:31:22'),
(4, 4, 'BC-KORT-BDRU-EQP-000001', 'BC-KORT-[DEPARTMENT]-[TYPE]-[SEQUENCE]', 'BC-KORT-BDRU-EQP-000001', 'http://localhost/assets/4', 0, NULL, 1, 1, 1, '2026-04-05 16:31:24', '2026-04-05 16:31:24'),
(5, 5, 'BC-KORT-BICU-EQP-000004', 'BC-KORT-[DEPARTMENT]-[TYPE]-[SEQUENCE]', 'BC-KORT-BICU-EQP-000004', 'http://localhost/assets/5', 0, NULL, 1, 1, 1, '2026-04-05 16:31:25', '2026-04-05 16:31:25'),
(6, 6, 'BC-KORT-BWRD-EQP-000001', 'BC-KORT-[DEPARTMENT]-[TYPE]-[SEQUENCE]', 'BC-KORT-BWRD-EQP-000001', 'http://localhost/assets/6', 0, NULL, 1, 1, 1, '2026-04-05 16:31:25', '2026-04-05 16:31:25'),
(7, 7, 'BC-KORT-BICU-EQP-000005', 'BC-KORT-[DEPARTMENT]-[TYPE]-[SEQUENCE]', 'BC-KORT-BICU-EQP-000005', 'http://localhost/assets/7', 0, NULL, 1, 1, 1, '2026-04-05 16:31:26', '2026-04-05 16:31:26'),
(8, 8, 'BC-KORT-BICU-EQP-000006', 'BC-KORT-[DEPARTMENT]-[TYPE]-[SEQUENCE]', 'BC-KORT-BICU-EQP-000006', 'http://localhost/assets/8', 0, NULL, 1, 1, 1, '2026-04-05 16:31:27', '2026-04-05 16:31:27'),
(9, 9, 'BC-KORT-BDRU-EQP-000002', 'BC-KORT-[DEPARTMENT]-[TYPE]-[SEQUENCE]', 'BC-KORT-BDRU-EQP-000002', 'http://localhost/assets/9', 0, NULL, 1, 1, 1, '2026-04-05 16:31:28', '2026-04-05 16:31:28'),
(10, 10, 'BC-KORT-BDRU-EQP-000003', 'BC-KORT-[DEPARTMENT]-[TYPE]-[SEQUENCE]', 'BC-KORT-BDRU-EQP-000003', 'http://localhost/assets/10', 0, NULL, 1, 1, 1, '2026-04-05 16:31:28', '2026-04-05 16:31:28'),
(11, 11, 'BC-KORT-CBST-EQP-000001', 'BC-KORT-[DEPARTMENT]-[TYPE]-[SEQUENCE]', 'BC-KORT-CBST-EQP-000001', 'http://localhost/assets/11', 0, NULL, 1, 1, 1, '2026-04-05 16:31:28', '2026-04-05 16:31:28'),
(12, 12, 'BC-KORT-CBST-EQP-000002', 'BC-KORT-[DEPARTMENT]-[TYPE]-[SEQUENCE]', 'BC-KORT-CBST-EQP-000002', 'http://localhost/assets/12', 0, NULL, 1, 1, 1, '2026-04-05 16:31:29', '2026-04-05 16:31:29'),
(13, 13, 'BC-KORT-BICU-EQP-000007', 'BC-KORT-[DEPARTMENT]-[TYPE]-[SEQUENCE]', 'BC-KORT-BICU-EQP-000007', 'http://localhost/assets/13', 0, NULL, 1, 1, 1, '2026-04-05 16:31:29', '2026-04-05 16:31:29'),
(14, 14, 'BC-KORT-BWRD-EQP-000002', 'BC-KORT-[DEPARTMENT]-[TYPE]-[SEQUENCE]', 'BC-KORT-BWRD-EQP-000002', 'http://localhost/assets/14', 0, NULL, 1, 1, 1, '2026-04-05 16:31:29', '2026-04-05 16:31:29'),
(15, 15, 'BC-KORT-BICU-EQP-000008', 'BC-KORT-[DEPARTMENT]-[TYPE]-[SEQUENCE]', 'BC-KORT-BICU-EQP-000008', 'http://localhost/assets/15', 0, NULL, 1, 1, 1, '2026-04-05 16:31:30', '2026-04-05 16:31:30'),
(16, 16, 'BC-KORT-BWRD-EQP-000003', 'BC-KORT-[DEPARTMENT]-[TYPE]-[SEQUENCE]', 'BC-KORT-BWRD-EQP-000003', 'http://localhost/assets/16', 0, NULL, 1, 1, 1, '2026-04-05 16:31:30', '2026-04-05 16:31:30'),
(17, 17, 'BC-KORT-BPH-FAC-000001', 'BC-KORT-[DEPARTMENT]-[TYPE]-[SEQUENCE]', 'BC-KORT-BPH-FAC-000001', 'http://localhost/assets/17', 0, NULL, 1, 1, 1, '2026-04-05 16:31:30', '2026-04-05 16:31:30'),
(18, 18, 'BC-KORT-BWRD-ITM-000001', 'BC-KORT-[DEPARTMENT]-[TYPE]-[SEQUENCE]', 'BC-KORT-BWRD-ITM-000001', 'http://localhost/assets/18', 0, NULL, 1, 1, 1, '2026-04-05 16:31:31', '2026-04-05 16:31:31'),
(19, 19, 'BC-KORT-BICU-ITM-000001', 'BC-KORT-[DEPARTMENT]-[TYPE]-[SEQUENCE]', 'BC-KORT-BICU-ITM-000001', 'http://localhost/assets/19', 0, NULL, 1, 1, 1, '2026-04-05 16:31:33', '2026-04-05 16:31:33'),
(20, 20, 'BC-KORT-CBST-ITM-000001', 'BC-KORT-[DEPARTMENT]-[TYPE]-[SEQUENCE]', 'BC-KORT-CBST-ITM-000001', 'http://localhost/assets/20', 0, NULL, 1, 1, 1, '2026-04-05 16:31:37', '2026-04-05 16:31:37');

-- --------------------------------------------------------
-- Table: `assets`
-- --------------------------------------------------------
DROP TABLE IF EXISTS `assets`;
CREATE TABLE `assets` (
  `id` bigint(20) unsigned NOT NULL AUTO_INCREMENT,
  `asset_uuid` char(36) NOT NULL,
  `asset_name` varchar(255) NOT NULL,
  `asset_code` varchar(50) NOT NULL,
  `asset_category_id` bigint(20) unsigned NOT NULL,
  `tag_number` varchar(80) DEFAULT NULL,
  `barcode_value` varchar(120) DEFAULT NULL,
  `qr_value` varchar(255) DEFAULT NULL,
  `supplier_id` bigint(20) unsigned DEFAULT NULL,
  `department_id` bigint(20) unsigned DEFAULT NULL,
  `location_id` bigint(20) unsigned DEFAULT NULL,
  `room_or_area` varchar(120) DEFAULT NULL,
  `assigned_user_id` bigint(20) unsigned DEFAULT NULL,
  `assigned_department_id` bigint(20) unsigned DEFAULT NULL,
  `assigned_location_id` bigint(20) unsigned DEFAULT NULL,
  `custodian_name` varchar(120) DEFAULT NULL,
  `brand` varchar(255) DEFAULT NULL,
  `model` varchar(255) DEFAULT NULL,
  `serial_number` varchar(255) DEFAULT NULL,
  `manufacturer` varchar(255) DEFAULT NULL,
  `purchase_date` date DEFAULT NULL,
  `warranty_start` date DEFAULT NULL,
  `warranty_end` date DEFAULT NULL,
  `purchase_cost` decimal(14,2) DEFAULT NULL,
  `depreciation_method` varchar(30) DEFAULT NULL,
  `useful_life_years` int(10) unsigned DEFAULT NULL,
  `residual_value` decimal(14,2) DEFAULT NULL,
  `condition_status` varchar(30) NOT NULL DEFAULT 'good',
  `asset_status` varchar(40) NOT NULL DEFAULT 'available',
  `last_issued_at` timestamp NULL DEFAULT NULL,
  `last_returned_at` timestamp NULL DEFAULT NULL,
  `image_path` varchar(255) DEFAULT NULL,
  `notes` text DEFAULT NULL,
  `created_by` bigint(20) unsigned DEFAULT NULL,
  `updated_by` bigint(20) unsigned DEFAULT NULL,
  `created_at` timestamp NULL DEFAULT NULL,
  `updated_at` timestamp NULL DEFAULT NULL,
  `deleted_at` timestamp NULL DEFAULT NULL,
  PRIMARY KEY (`id`),
  UNIQUE KEY `assets_asset_uuid_unique` (`asset_uuid`),
  UNIQUE KEY `assets_asset_code_unique` (`asset_code`),
  UNIQUE KEY `assets_tag_number_unique` (`tag_number`),
  UNIQUE KEY `assets_barcode_value_unique` (`barcode_value`),
  UNIQUE KEY `assets_qr_value_unique` (`qr_value`),
  UNIQUE KEY `assets_serial_number_unique` (`serial_number`),
  KEY `assets_supplier_id_foreign` (`supplier_id`),
  KEY `assets_location_id_foreign` (`location_id`),
  KEY `assets_assigned_user_id_foreign` (`assigned_user_id`),
  KEY `assets_assigned_department_id_foreign` (`assigned_department_id`),
  KEY `assets_assigned_location_id_foreign` (`assigned_location_id`),
  KEY `assets_created_by_foreign` (`created_by`),
  KEY `assets_updated_by_foreign` (`updated_by`),
  KEY `assets_asset_category_id_asset_status_index` (`asset_category_id`,`asset_status`),
  KEY `assets_department_id_location_id_index` (`department_id`,`location_id`),
  KEY `assets_warranty_end_index` (`warranty_end`),
  KEY `assets_condition_status_index` (`condition_status`),
  KEY `assets_asset_status_index` (`asset_status`),
  KEY `assets_last_issued_at_index` (`last_issued_at`),
  KEY `assets_last_returned_at_index` (`last_returned_at`),
  CONSTRAINT `assets_asset_category_id_foreign` FOREIGN KEY (`asset_category_id`) REFERENCES `asset_categories` (`id`) ON DELETE CASCADE,
  CONSTRAINT `assets_assigned_department_id_foreign` FOREIGN KEY (`assigned_department_id`) REFERENCES `departments` (`id`) ON DELETE SET NULL,
  CONSTRAINT `assets_assigned_location_id_foreign` FOREIGN KEY (`assigned_location_id`) REFERENCES `locations` (`id`) ON DELETE SET NULL,
  CONSTRAINT `assets_assigned_user_id_foreign` FOREIGN KEY (`assigned_user_id`) REFERENCES `users` (`id`) ON DELETE SET NULL,
  CONSTRAINT `assets_created_by_foreign` FOREIGN KEY (`created_by`) REFERENCES `users` (`id`) ON DELETE SET NULL,
  CONSTRAINT `assets_department_id_foreign` FOREIGN KEY (`department_id`) REFERENCES `departments` (`id`) ON DELETE SET NULL,
  CONSTRAINT `assets_location_id_foreign` FOREIGN KEY (`location_id`) REFERENCES `locations` (`id`) ON DELETE SET NULL,
  CONSTRAINT `assets_supplier_id_foreign` FOREIGN KEY (`supplier_id`) REFERENCES `suppliers` (`id`) ON DELETE SET NULL,
  CONSTRAINT `assets_updated_by_foreign` FOREIGN KEY (`updated_by`) REFERENCES `users` (`id`) ON DELETE SET NULL
) ENGINE=InnoDB AUTO_INCREMENT=31 DEFAULT CHARSET=utf8mb4 COLLATE=utf8mb4_unicode_ci;
INSERT INTO `assets` (`id`, `asset_uuid`, `asset_name`, `asset_code`, `asset_category_id`, `tag_number`, `barcode_value`, `qr_value`, `supplier_id`, `department_id`, `location_id`, `room_or_area`, `assigned_user_id`, `assigned_department_id`, `assigned_location_id`, `custodian_name`, `brand`, `model`, `serial_number`, `manufacturer`, `purchase_date`, `warranty_start`, `warranty_end`, `purchase_cost`, `depreciation_method`, `useful_life_years`, `residual_value`, `condition_status`, `asset_status`, `last_issued_at`, `last_returned_at`, `image_path`, `notes`, `created_by`, `updated_by`, `created_at`, `updated_at`, `deleted_at`) VALUES
(1, 'a178e823-0c41-4d09-b888-bd25cabb46f6', 'Hamilton Burn ICU Ventilator A', 'AST-BICU-000001', 7, 'BC-KORT-BICU-EQP-000001', 'BC-KORT-BICU-EQP-000001', 'http://localhost/assets/1', 2, 1, 1, 'Ventilator Station A', 7, 1, 1, 'Rabia Iftikhar', 'Hamilton', 'G5', 'HAM-G5-BICU-1001', 'Hamilton Medical', '2024-01-14', '2024-01-14', '2027-01-13', '4800000.00', 'straight_line', 7, '0.00', 'excellent', 'in_use', '2026-04-01 16:31:42', NULL, NULL, NULL, 1, 1, '2026-04-05 16:30:30', '2026-04-05 16:31:44', NULL),
(2, 'a178e828-8cbf-41d1-aebe-876b9982845f', 'Hamilton Burn ICU Ventilator B', 'AST-BICU-000002', 7, 'BC-KORT-BICU-EQP-000002', 'BC-KORT-BICU-EQP-000002', 'http://localhost/assets/2', 2, 2, 3, 'Ward Monitor Bay', NULL, 2, 3, 'Nadia Rehman', 'Hamilton', 'G5', 'HAM-G5-BICU-1002', 'Hamilton Medical', '2024-01-14', '2024-01-14', '2027-01-13', '4800000.00', 'straight_line', 7, '0.00', 'excellent', 'in_use', '2026-04-02 16:31:48', NULL, NULL, NULL, 1, 1, '2026-04-05 16:30:31', '2026-04-05 16:31:50', NULL),
(3, 'a178e82a-659a-40dc-8fd9-412307064fd4', 'Baxter Infusion Pump 01', 'AST-BICU-000003', 8, 'BC-KORT-BICU-EQP-000003', 'BC-KORT-BICU-EQP-000003', 'http://localhost/assets/3', 2, 1, 2, 'Isolation Room 2', NULL, 1, 2, 'Isolation Bedside Team', 'Baxter', 'Sigma Spectrum', 'BAX-INF-2001', 'Baxter', '2024-03-02', '2024-03-02', '2027-03-01', '650000.00', 'straight_line', 7, '0.00', 'good', 'in_use', '2026-04-03 16:31:50', NULL, NULL, NULL, 1, 1, '2026-04-05 16:30:32', '2026-04-05 16:31:51', NULL),
(4, 'a178e82d-6b6f-42bf-ae32-53361ec6ae90', 'Terumo Syringe Pump 01', 'AST-BDRU-000001', 9, 'BC-KORT-BDRU-EQP-000001', 'BC-KORT-BDRU-EQP-000001', 'http://localhost/assets/4', 2, 3, 4, 'Procedure Prep Zone', NULL, NULL, NULL, NULL, 'Terumo', 'TE-SS830', 'TER-SYR-3001', 'Terumo', '2024-04-10', '2024-04-10', '2027-04-09', '420000.00', 'straight_line', 7, '0.00', 'good', 'available', '2026-03-31 16:31:51', '2026-04-04 16:31:52', NULL, NULL, 1, 1, '2026-04-05 16:30:34', '2026-04-05 16:31:54', NULL),
(5, 'a178e82e-a2ec-4689-bf1b-0e03f70d443a', 'GE Patient Monitor 01', 'AST-BICU-000004', 10, 'BC-KORT-BICU-EQP-000004', 'BC-KORT-BICU-EQP-000004', 'http://localhost/assets/5', 2, 5, 9, 'Workshop Bench', NULL, 5, 9, 'Biomedical Workshop', 'GE', 'B105', 'GE-MON-4001', 'GE Healthcare', '2023-12-21', '2023-12-21', '2026-12-20', '890000.00', 'straight_line', 7, '0.00', 'good', 'available', NULL, NULL, NULL, NULL, 1, 1, '2026-04-05 16:30:35', '2026-04-05 16:31:57', NULL),
(6, 'a178e82f-fe4e-4b42-b636-487f5215881f', 'GE Patient Monitor 02', 'AST-BWRD-000001', 10, 'BC-KORT-BWRD-EQP-000001', 'BC-KORT-BWRD-EQP-000001', 'http://localhost/assets/6', 2, 2, 3, 'Crash Cart Position', 7, 2, 3, 'Rabia Iftikhar', 'GE', 'B105', 'GE-MON-4002', 'GE Healthcare', '2023-12-21', '2023-12-21', '2026-12-20', '890000.00', 'straight_line', 7, '0.00', 'good', 'in_use', '2026-04-03 16:31:58', NULL, NULL, NULL, 1, 1, '2026-04-05 16:30:36', '2026-04-05 16:32:00', NULL),
(7, 'a178e831-0782-4830-b671-635f7126eab7', 'Hillrom Burn ICU Bed 01', 'AST-BICU-000005', 11, 'BC-KORT-BICU-EQP-000005', 'BC-KORT-BICU-EQP-000005', 'http://localhost/assets/7', 2, 1, 1, NULL, NULL, NULL, NULL, NULL, 'Hillrom', 'TotalCare', 'HIL-BED-5001', 'Hillrom', '2022-08-18', '2022-08-18', '2027-08-17', '3500000.00', 'straight_line', 7, '0.00', 'good', 'under_cleaning', NULL, NULL, NULL, NULL, 1, 1, '2026-04-05 16:30:36', '2026-04-05 16:32:06', NULL),
(8, 'a178e832-b826-4d61-b352-7c17c0165bda', 'Hillrom Burn ICU Bed 02', 'AST-BICU-000006', 11, 'BC-KORT-BICU-EQP-000006', 'BC-KORT-BICU-EQP-000006', 'http://localhost/assets/8', 2, 1, 2, NULL, NULL, NULL, NULL, NULL, 'Hillrom', 'TotalCare', 'HIL-BED-5002', 'Hillrom', '2022-08-18', '2022-08-18', '2027-08-17', '3500000.00', 'straight_line', 7, '0.00', 'damaged', 'out_of_order', NULL, NULL, NULL, NULL, 1, 1, '2026-04-05 16:30:37', '2026-04-05 16:32:08', NULL),
(9, 'a178e836-4ed7-4f15-8f01-489138b0470c', 'Burn Dressing Trolley Alpha', 'AST-BDRU-000002', 12, 'BC-KORT-BDRU-EQP-000002', 'BC-KORT-BDRU-EQP-000002', 'http://localhost/assets/9', 3, 3, 4, NULL, NULL, NULL, NULL, NULL, 'SteriSafe', 'BT-12', 'SST-DTR-6001', 'SteriSafe', '2024-02-05', '2024-02-05', '2026-02-04', '185000.00', 'straight_line', 7, '0.00', 'damaged', 'under_maintenance', NULL, NULL, NULL, NULL, 1, 1, '2026-04-05 16:30:40', '2026-04-05 16:32:12', NULL),
(10, 'a178e839-3d84-47e5-9d82-32ded59cb740', 'Burn Dressing Trolley Bravo', 'AST-BDRU-000003', 12, 'BC-KORT-BDRU-EQP-000003', 'BC-KORT-BDRU-EQP-000003', 'http://localhost/assets/10', 3, 3, 4, NULL, NULL, NULL, NULL, NULL, 'SteriSafe', 'BT-12', 'SST-DTR-6002', 'SteriSafe', '2024-02-05', '2024-02-05', '2026-02-04', '185000.00', 'straight_line', 7, '0.00', 'good', 'under_calibration', NULL, NULL, NULL, NULL, 1, 1, '2026-04-05 16:30:42', '2026-04-05 16:32:14', NULL),
(11, 'a178e83f-2127-45c9-b444-23449d0769b9', 'Steam Autoclave 01', 'AST-CBST-000001', 13, 'BC-KORT-CBST-EQP-000001', 'BC-KORT-CBST-EQP-000001', 'http://localhost/assets/11', 3, 4, 5, NULL, NULL, NULL, NULL, NULL, 'Getinge', 'HS66', 'GET-AUT-7001', 'Getinge', '2023-05-11', '2023-05-11', '2026-05-10', '2700000.00', 'straight_line', 7, '0.00', 'good', 'available', NULL, NULL, NULL, NULL, 1, 1, '2026-04-05 16:30:45', '2026-04-05 16:31:28', NULL),
(12, 'a178e840-e2a3-4661-8c81-b2711a586632', 'Steam Autoclave 02', 'AST-CBST-000002', 13, 'BC-KORT-CBST-EQP-000002', 'BC-KORT-CBST-EQP-000002', 'http://localhost/assets/12', 3, 4, 5, NULL, NULL, NULL, NULL, NULL, 'Getinge', 'HS66', 'GET-AUT-7002', 'Getinge', '2023-05-11', '2023-05-11', '2026-05-10', '2700000.00', 'straight_line', 7, '0.00', 'good', 'available', NULL, NULL, NULL, NULL, 1, 1, '2026-04-05 16:30:47', '2026-04-05 16:31:29', NULL),
(13, 'a178e843-67b5-428a-a7e1-b2e9f23f31e2', 'Portable Suction Machine 01', 'AST-BICU-000007', 14, 'BC-KORT-BICU-EQP-000007', 'BC-KORT-BICU-EQP-000007', 'http://localhost/assets/13', 2, 1, 1, NULL, NULL, NULL, NULL, NULL, 'Laerdal', 'LSU', 'LAE-SUC-8001', 'Laerdal', '2024-06-01', '2024-06-01', '2027-05-31', '320000.00', 'straight_line', 7, '0.00', 'good', 'available', NULL, NULL, NULL, NULL, 1, 1, '2026-04-05 16:30:48', '2026-04-05 16:31:29', NULL),
(14, 'a178e847-86bf-421a-88a0-ef9942be2e4a', 'Portable Suction Machine 02', 'AST-BWRD-000002', 14, 'BC-KORT-BWRD-EQP-000002', 'BC-KORT-BWRD-EQP-000002', 'http://localhost/assets/14', 2, 2, 3, NULL, NULL, NULL, NULL, NULL, 'Laerdal', 'LSU', 'LAE-SUC-8002', 'Laerdal', '2024-06-01', '2024-06-01', '2027-05-31', '320000.00', 'straight_line', 7, '0.00', 'good', 'available', NULL, NULL, NULL, NULL, 1, 1, '2026-04-05 16:30:53', '2026-04-05 16:31:29', NULL),
(15, 'a178e84b-80f0-48d2-a849-5afa457e17a9', 'Oxygen Flow Meter 01', 'AST-BICU-000008', 15, 'BC-KORT-BICU-EQP-000008', 'BC-KORT-BICU-EQP-000008', 'http://localhost/assets/15', 2, 1, 1, NULL, NULL, NULL, NULL, NULL, 'Precision', 'Flow-300', 'PRC-OXY-9001', 'Precision Medical', '2024-07-12', '2024-07-12', '2026-07-11', '68000.00', 'straight_line', 7, '0.00', 'good', 'available', NULL, NULL, NULL, NULL, 1, 1, '2026-04-05 16:30:54', '2026-04-05 16:31:30', NULL),
(16, 'a178e84d-c449-4de9-ba95-63166cffc8ea', 'Oxygen Flow Meter 02', 'AST-BWRD-000003', 15, 'BC-KORT-BWRD-EQP-000003', 'BC-KORT-BWRD-EQP-000003', 'http://localhost/assets/16', 2, 2, 3, NULL, NULL, NULL, NULL, NULL, 'Precision', 'Flow-300', 'PRC-OXY-9002', 'Precision Medical', '2024-07-12', '2024-07-12', '2026-07-11', '68000.00', 'straight_line', 7, '0.00', 'good', 'available', NULL, NULL, NULL, NULL, 1, 1, '2026-04-05 16:30:55', '2026-04-05 16:31:30', NULL),
(17, 'a178e84f-a49f-4f67-8057-491b3c506708', 'Medication Refrigerator 01', 'AST-BPH-000001', 19, 'BC-KORT-BPH-FAC-000001', 'BC-KORT-BPH-FAC-000001', 'http://localhost/assets/17', 3, 6, 8, NULL, NULL, NULL, NULL, NULL, 'Haier', 'HYC-290', 'HAI-REF-1101', 'Haier Biomedical', '2024-01-25', '2024-01-25', '2027-01-24', '460000.00', 'straight_line', 7, '0.00', 'good', 'available', NULL, NULL, NULL, NULL, 1, 1, '2026-04-05 16:30:56', '2026-04-05 16:31:30', NULL),
(18, 'a178e851-0abf-40df-a068-116fc15a3ded', 'Burn Ward Tablet 01', 'AST-BWRD-000004', 16, 'BC-KORT-BWRD-ITM-000001', 'BC-KORT-BWRD-ITM-000001', 'http://localhost/assets/18', 2, 2, 3, NULL, NULL, NULL, NULL, NULL, 'Samsung', 'Tab Active', 'SAM-TAB-1201', 'Samsung', '2024-08-10', '2024-08-10', '2026-08-09', '165000.00', 'straight_line', 7, '0.00', 'good', 'available', NULL, NULL, NULL, NULL, 1, 1, '2026-04-05 16:30:57', '2026-04-05 16:31:31', NULL),
(19, 'a178e852-70fe-4721-ad35-f093268986e1', 'Burn Ward Tablet 02', 'AST-BICU-000009', 16, 'BC-KORT-BICU-ITM-000001', 'BC-KORT-BICU-ITM-000001', 'http://localhost/assets/19', 2, 1, 1, NULL, NULL, NULL, NULL, NULL, 'Samsung', 'Tab Active', 'SAM-TAB-1202', 'Samsung', '2024-08-10', '2024-08-10', '2026-08-09', '165000.00', 'straight_line', 7, '0.00', 'good', 'available', NULL, NULL, NULL, NULL, 1, 1, '2026-04-05 16:30:58', '2026-04-05 16:31:34', NULL),
(20, 'a178e853-dc73-4f68-922a-31a196dafafa', 'USB Barcode Scanner 01', 'AST-CBST-000003', 17, 'BC-KORT-CBST-ITM-000001', 'BC-KORT-CBST-ITM-000001', 'http://localhost/assets/20', 2, 4, 5, NULL, NULL, NULL, NULL, NULL, 'Zebra', 'DS2208', 'ZEB-SCN-1301', 'Zebra', '2024-08-18', '2024-08-18', '2026-08-17', '45000.00', 'straight_line', 7, '0.00', 'good', 'available', NULL, NULL, NULL, NULL, 1, 1, '2026-04-05 16:30:59', '2026-04-05 16:31:37', NULL),
(21, 'a178e854-c8b1-4744-b137-c9424691702c', 'USB Barcode Scanner 02', 'AST-CBST-000004', 17, NULL, NULL, NULL, 2, 4, 6, NULL, NULL, NULL, NULL, NULL, 'Zebra', 'DS2208', 'ZEB-SCN-1302', 'Zebra', '2024-08-18', '2024-08-18', '2026-08-17', '45000.00', 'straight_line', 7, '0.00', 'good', 'available', NULL, NULL, NULL, NULL, 1, 1, '2026-04-05 16:31:00', '2026-04-05 16:31:00', NULL),
(22, 'a178e856-c34e-4ed5-a7bd-0ae90506f4fa', 'Laser Printer 01', 'AST-PROC-000001', 18, NULL, NULL, NULL, 2, 7, 7, NULL, NULL, NULL, NULL, NULL, 'HP', 'LaserJet Pro', 'HP-PRN-1401', 'HP', '2023-09-14', '2023-09-14', '2026-09-13', '78000.00', 'straight_line', 7, '0.00', 'good', 'available', NULL, NULL, NULL, NULL, 1, 1, '2026-04-05 16:31:02', '2026-04-05 16:31:02', NULL),
(23, 'a178e859-505b-4268-afb6-cb128ef68c37', 'Laser Printer 02', 'AST-FIN-000001', 18, NULL, NULL, NULL, 2, 8, 7, NULL, NULL, NULL, NULL, NULL, 'HP', 'LaserJet Pro', 'HP-PRN-1402', 'HP', '2023-09-14', '2023-09-14', '2026-09-13', '78000.00', 'straight_line', 7, '0.00', 'good', 'available', NULL, NULL, NULL, NULL, 1, 1, '2026-04-05 16:31:03', '2026-04-05 16:31:03', NULL),
(24, 'a178e85a-2ca9-4b85-b7d1-f3b946cb21e9', 'UPS Unit 01', 'AST-BICU-000010', 20, NULL, NULL, NULL, 2, 1, 1, NULL, NULL, NULL, NULL, NULL, 'APC', 'Smart-UPS 3000', 'APC-UPS-1501', 'APC', '2023-06-06', '2023-06-06', '2026-06-05', '210000.00', 'straight_line', 7, '0.00', 'good', 'available', NULL, NULL, NULL, NULL, 1, 1, '2026-04-05 16:31:03', '2026-04-05 16:31:03', NULL),
(25, 'a178e85a-cd63-42de-9345-e990ad6b3d92', 'UPS Unit 02', 'AST-BPH-000002', 20, NULL, NULL, NULL, 2, 6, 8, NULL, NULL, NULL, NULL, NULL, 'APC', 'Smart-UPS 3000', 'APC-UPS-1502', 'APC', '2023-06-06', '2023-06-06', '2026-06-05', '210000.00', 'straight_line', 7, '0.00', 'good', 'available', NULL, NULL, NULL, NULL, 1, 1, '2026-04-05 16:31:04', '2026-04-05 16:31:04', NULL),
(26, 'a178e860-4756-4f35-a316-7dc389474efd', 'Fire Extinguisher Cart 01', 'AST-BICU-000011', 21, NULL, NULL, NULL, 3, 1, 2, NULL, NULL, NULL, NULL, NULL, 'SafetyFirst', 'Dry Powder 6kg', 'SAF-FSE-1601', 'SafetyFirst', '2024-01-09', '2024-01-09', '2027-01-08', '38000.00', 'straight_line', 7, '0.00', 'good', 'available', NULL, NULL, NULL, NULL, 1, 1, '2026-04-05 16:31:07', '2026-04-05 16:31:07', NULL),
(27, 'a178e863-6678-4800-a330-8b962ddedd42', 'Fire Extinguisher Cart 02', 'AST-BWRD-000005', 21, NULL, NULL, NULL, 3, 2, 3, NULL, NULL, NULL, NULL, NULL, 'SafetyFirst', 'Dry Powder 6kg', 'SAF-FSE-1602', 'SafetyFirst', '2024-01-09', '2024-01-09', '2027-01-08', '38000.00', 'straight_line', 7, '0.00', 'good', 'available', NULL, NULL, NULL, NULL, 1, 1, '2026-04-05 16:31:09', '2026-04-05 16:31:09', NULL),
(28, 'a178e864-f2e1-430b-b883-274fc19bd77d', 'Biomedical Workshop Tablet', 'AST-BME-000001', 16, NULL, NULL, NULL, 2, 5, 9, NULL, NULL, NULL, NULL, NULL, 'Samsung', 'Tab Active', 'SAM-TAB-1203', 'Samsung', '2024-08-10', '2024-08-10', '2026-08-09', '165000.00', 'straight_line', 7, '0.00', 'good', 'available', NULL, NULL, NULL, NULL, 1, 1, '2026-04-05 16:31:10', '2026-04-05 16:31:10', NULL),
(29, 'a178e9f5-5979-491e-8af6-4e1ab901a35f', 'Baxter infusion pump Unit 01', 'AST-CBST-000005', 8, NULL, NULL, NULL, 2, 4, 7, 'Receiving Hold', NULL, NULL, NULL, NULL, NULL, NULL, 'PROC-INF-5001', NULL, '2026-04-01', NULL, NULL, '645000.00', NULL, NULL, NULL, 'good', 'available', NULL, NULL, NULL, 'Received via GRN-20260401-0001. Pending asset tagging and final deployment.', 9, 9, '2026-04-05 16:35:33', '2026-04-05 16:35:33', NULL),
(30, 'a178e9f7-465d-4fb7-ac1a-3c3e76a326d5', 'Baxter infusion pump Unit 02', 'AST-CBST-000006', 8, NULL, NULL, NULL, 2, 4, 7, 'Receiving Hold', NULL, NULL, NULL, NULL, NULL, NULL, 'PROC-INF-5002', NULL, '2026-04-01', NULL, NULL, '645000.00', NULL, NULL, NULL, 'good', 'available', NULL, NULL, NULL, 'Received via GRN-20260401-0001. Pending asset tagging and final deployment.', 9, 9, '2026-04-05 16:35:34', '2026-04-05 16:35:34', NULL);

-- --------------------------------------------------------
-- Table: `cache`
-- --------------------------------------------------------
DROP TABLE IF EXISTS `cache`;
CREATE TABLE `cache` (
  `key` varchar(255) NOT NULL,
  `value` mediumtext NOT NULL,
  `expiration` bigint(20) NOT NULL,
  PRIMARY KEY (`key`),
  KEY `cache_expiration_index` (`expiration`)
) ENGINE=InnoDB DEFAULT CHARSET=utf8mb4 COLLATE=utf8mb4_unicode_ci;

-- --------------------------------------------------------
-- Table: `cache_locks`
-- --------------------------------------------------------
DROP TABLE IF EXISTS `cache_locks`;
CREATE TABLE `cache_locks` (
  `key` varchar(255) NOT NULL,
  `owner` varchar(255) NOT NULL,
  `expiration` bigint(20) NOT NULL,
  PRIMARY KEY (`key`),
  KEY `cache_locks_expiration_index` (`expiration`)
) ENGINE=InnoDB DEFAULT CHARSET=utf8mb4 COLLATE=utf8mb4_unicode_ci;

-- --------------------------------------------------------
-- Table: `departments`
-- --------------------------------------------------------
DROP TABLE IF EXISTS `departments`;
CREATE TABLE `departments` (
  `id` bigint(20) unsigned NOT NULL AUTO_INCREMENT,
  `name` varchar(255) NOT NULL,
  `code` varchar(25) NOT NULL,
  `type` varchar(40) NOT NULL,
  `cost_center` varchar(50) DEFAULT NULL,
  `description` text DEFAULT NULL,
  `phone` varchar(30) DEFAULT NULL,
  `email` varchar(255) DEFAULT NULL,
  `manager_user_id` bigint(20) unsigned DEFAULT NULL,
  `is_active` tinyint(1) NOT NULL DEFAULT 1,
  `is_clinical` tinyint(1) NOT NULL DEFAULT 1,
  `sort_order` smallint(5) unsigned NOT NULL DEFAULT 0,
  `created_at` timestamp NULL DEFAULT NULL,
  `updated_at` timestamp NULL DEFAULT NULL,
  `deleted_at` timestamp NULL DEFAULT NULL,
  PRIMARY KEY (`id`),
  UNIQUE KEY `departments_code_unique` (`code`),
  KEY `departments_manager_user_id_foreign` (`manager_user_id`),
  KEY `departments_type_index` (`type`),
  KEY `departments_cost_center_index` (`cost_center`),
  KEY `departments_is_active_index` (`is_active`),
  CONSTRAINT `departments_manager_user_id_foreign` FOREIGN KEY (`manager_user_id`) REFERENCES `users` (`id`) ON DELETE SET NULL
) ENGINE=InnoDB AUTO_INCREMENT=9 DEFAULT CHARSET=utf8mb4 COLLATE=utf8mb4_unicode_ci;
INSERT INTO `departments` (`id`, `name`, `code`, `type`, `cost_center`, `description`, `phone`, `email`, `manager_user_id`, `is_active`, `is_clinical`, `sort_order`, `created_at`, `updated_at`, `deleted_at`) VALUES
(1, 'Burn ICU', 'BICU', 'burn_clinical', 'CC-BICU', 'Critical care unit for severe burn admissions.', NULL, NULL, 3, 1, 1, 0, '2026-04-05 16:28:58', '2026-04-05 16:29:57', NULL),
(2, 'Burn Ward', 'BWRD', 'burn_clinical', 'CC-BWRD', 'General burn inpatient ward.', NULL, NULL, NULL, 1, 1, 0, '2026-04-05 16:29:03', '2026-04-05 16:29:03', NULL),
(3, 'Burn Dressing Unit', 'BDRU', 'burn_clinical', 'CC-BDRU', 'Procedure and dressing preparation area.', NULL, NULL, NULL, 1, 1, 0, '2026-04-05 16:29:06', '2026-04-05 16:29:06', NULL),
(4, 'Central Burn Store', 'CBST', 'stores', 'CC-CBST', 'Primary sterile and non-sterile consumable store.', NULL, NULL, 4, 1, 0, 0, '2026-04-05 16:29:07', '2026-04-05 16:29:58', NULL),
(5, 'Biomedical Engineering', 'BME', 'biomedical', 'CC-BME', 'Maintenance and calibration support team.', NULL, NULL, NULL, 1, 0, 0, '2026-04-05 16:29:09', '2026-04-05 16:29:09', NULL),
(6, 'Burn Pharmacy', 'BPH', 'pharmacy', 'CC-BPH', 'Medicine and temperature-sensitive storage.', NULL, NULL, NULL, 1, 0, 0, '2026-04-05 16:29:09', '2026-04-05 16:29:09', NULL),
(7, 'Procurement Office', 'PROC', 'procurement', 'CC-PROC', 'Supplier and purchasing operations.', NULL, NULL, NULL, 1, 0, 0, '2026-04-05 16:29:10', '2026-04-05 16:29:10', NULL),
(8, 'Finance Office', 'FIN', 'finance', 'CC-FIN', 'Costing and budget review office.', NULL, NULL, NULL, 1, 0, 0, '2026-04-05 16:29:11', '2026-04-05 16:29:11', NULL);

-- --------------------------------------------------------
-- Table: `failed_jobs`
-- --------------------------------------------------------
DROP TABLE IF EXISTS `failed_jobs`;
CREATE TABLE `failed_jobs` (
  `id` bigint(20) unsigned NOT NULL AUTO_INCREMENT,
  `uuid` varchar(255) NOT NULL,
  `connection` text NOT NULL,
  `queue` text NOT NULL,
  `payload` longtext NOT NULL,
  `exception` longtext NOT NULL,
  `failed_at` timestamp NOT NULL DEFAULT current_timestamp(),
  PRIMARY KEY (`id`),
  UNIQUE KEY `failed_jobs_uuid_unique` (`uuid`)
) ENGINE=InnoDB DEFAULT CHARSET=utf8mb4 COLLATE=utf8mb4_unicode_ci;

-- --------------------------------------------------------
-- Table: `goods_receipt_items`
-- --------------------------------------------------------
DROP TABLE IF EXISTS `goods_receipt_items`;
CREATE TABLE `goods_receipt_items` (
  `id` bigint(20) unsigned NOT NULL AUTO_INCREMENT,
  `goods_receipt_id` bigint(20) unsigned NOT NULL,
  `purchase_order_item_id` bigint(20) unsigned DEFAULT NULL,
  `item_type` varchar(20) NOT NULL,
  `asset_category_id` bigint(20) unsigned DEFAULT NULL,
  `inventory_item_id` bigint(20) unsigned DEFAULT NULL,
  `item_description` varchar(255) NOT NULL,
  `quantity_received` decimal(14,2) NOT NULL,
  `quantity_accepted` decimal(14,2) NOT NULL,
  `quantity_rejected` decimal(14,2) NOT NULL DEFAULT 0.00,
  `rejection_reason` text DEFAULT NULL,
  `batch_number` varchar(80) DEFAULT NULL,
  `manufacture_date` date DEFAULT NULL,
  `expiry_date` date DEFAULT NULL,
  `serial_number` varchar(120) DEFAULT NULL,
  `unit_cost` decimal(14,2) DEFAULT NULL,
  `storage_location_id` bigint(20) unsigned DEFAULT NULL,
  `room_or_area` varchar(255) DEFAULT NULL,
  `remarks` text DEFAULT NULL,
  `created_at` timestamp NULL DEFAULT NULL,
  `updated_at` timestamp NULL DEFAULT NULL,
  PRIMARY KEY (`id`),
  KEY `goods_receipt_items_goods_receipt_id_foreign` (`goods_receipt_id`),
  KEY `goods_receipt_items_purchase_order_item_id_foreign` (`purchase_order_item_id`),
  KEY `goods_receipt_items_asset_category_id_foreign` (`asset_category_id`),
  KEY `goods_receipt_items_inventory_item_id_foreign` (`inventory_item_id`),
  KEY `goods_receipt_items_storage_location_id_foreign` (`storage_location_id`),
  KEY `goods_receipt_items_item_type_index` (`item_type`),
  CONSTRAINT `goods_receipt_items_asset_category_id_foreign` FOREIGN KEY (`asset_category_id`) REFERENCES `asset_categories` (`id`) ON DELETE SET NULL,
  CONSTRAINT `goods_receipt_items_goods_receipt_id_foreign` FOREIGN KEY (`goods_receipt_id`) REFERENCES `goods_receipts` (`id`) ON DELETE CASCADE,
  CONSTRAINT `goods_receipt_items_inventory_item_id_foreign` FOREIGN KEY (`inventory_item_id`) REFERENCES `inventory_items` (`id`) ON DELETE SET NULL,
  CONSTRAINT `goods_receipt_items_purchase_order_item_id_foreign` FOREIGN KEY (`purchase_order_item_id`) REFERENCES `purchase_order_items` (`id`) ON DELETE SET NULL,
  CONSTRAINT `goods_receipt_items_storage_location_id_foreign` FOREIGN KEY (`storage_location_id`) REFERENCES `locations` (`id`) ON DELETE SET NULL
) ENGINE=InnoDB AUTO_INCREMENT=3 DEFAULT CHARSET=utf8mb4 COLLATE=utf8mb4_unicode_ci;
INSERT INTO `goods_receipt_items` (`id`, `goods_receipt_id`, `purchase_order_item_id`, `item_type`, `asset_category_id`, `inventory_item_id`, `item_description`, `quantity_received`, `quantity_accepted`, `quantity_rejected`, `rejection_reason`, `batch_number`, `manufacture_date`, `expiry_date`, `serial_number`, `unit_cost`, `storage_location_id`, `room_or_area`, `remarks`, `created_at`, `updated_at`) VALUES
(1, 1, 1, 'inventory', NULL, 1, 'Silver Sulfadiazine Dressing 10x10', '40.00', '36.00', '4.00', 'Outer packs damaged and moisture barrier compromised.', 'PROC-SSD-4401', '2026-02-05', '2027-10-05', NULL, '515.00', 5, 'Procurement Intake Shelf A1', NULL, '2026-04-05 16:35:19', '2026-04-05 16:35:19'),
(2, 2, 2, 'asset', 8, NULL, 'Baxter infusion pump', '2.00', '2.00', '0.00', NULL, NULL, NULL, NULL, 'PROC-INF-5001,PROC-INF-5002', '645000.00', 7, 'Receiving Hold', NULL, '2026-04-05 16:35:33', '2026-04-05 16:35:33');

-- --------------------------------------------------------
-- Table: `goods_receipts`
-- --------------------------------------------------------
DROP TABLE IF EXISTS `goods_receipts`;
CREATE TABLE `goods_receipts` (
  `id` bigint(20) unsigned NOT NULL AUTO_INCREMENT,
  `grn_number` varchar(50) NOT NULL,
  `purchase_order_id` bigint(20) unsigned DEFAULT NULL,
  `supplier_id` bigint(20) unsigned DEFAULT NULL,
  `receipt_date` date NOT NULL,
  `invoice_reference` varchar(255) DEFAULT NULL,
  `delivery_note_number` varchar(255) DEFAULT NULL,
  `received_by` bigint(20) unsigned NOT NULL,
  `inspected_by` bigint(20) unsigned DEFAULT NULL,
  `remarks` text DEFAULT NULL,
  `status` varchar(30) NOT NULL DEFAULT 'draft',
  `created_by` bigint(20) unsigned DEFAULT NULL,
  `updated_by` bigint(20) unsigned DEFAULT NULL,
  `created_at` timestamp NULL DEFAULT NULL,
  `updated_at` timestamp NULL DEFAULT NULL,
  PRIMARY KEY (`id`),
  UNIQUE KEY `goods_receipts_grn_number_unique` (`grn_number`),
  KEY `goods_receipts_purchase_order_id_foreign` (`purchase_order_id`),
  KEY `goods_receipts_supplier_id_foreign` (`supplier_id`),
  KEY `goods_receipts_received_by_foreign` (`received_by`),
  KEY `goods_receipts_inspected_by_foreign` (`inspected_by`),
  KEY `goods_receipts_created_by_foreign` (`created_by`),
  KEY `goods_receipts_updated_by_foreign` (`updated_by`),
  KEY `goods_receipts_receipt_date_index` (`receipt_date`),
  KEY `goods_receipts_status_index` (`status`),
  CONSTRAINT `goods_receipts_created_by_foreign` FOREIGN KEY (`created_by`) REFERENCES `users` (`id`) ON DELETE SET NULL,
  CONSTRAINT `goods_receipts_inspected_by_foreign` FOREIGN KEY (`inspected_by`) REFERENCES `users` (`id`) ON DELETE SET NULL,
  CONSTRAINT `goods_receipts_purchase_order_id_foreign` FOREIGN KEY (`purchase_order_id`) REFERENCES `purchase_orders` (`id`) ON DELETE SET NULL,
  CONSTRAINT `goods_receipts_received_by_foreign` FOREIGN KEY (`received_by`) REFERENCES `users` (`id`) ON DELETE CASCADE,
  CONSTRAINT `goods_receipts_supplier_id_foreign` FOREIGN KEY (`supplier_id`) REFERENCES `suppliers` (`id`) ON DELETE SET NULL,
  CONSTRAINT `goods_receipts_updated_by_foreign` FOREIGN KEY (`updated_by`) REFERENCES `users` (`id`) ON DELETE SET NULL
) ENGINE=InnoDB AUTO_INCREMENT=3 DEFAULT CHARSET=utf8mb4 COLLATE=utf8mb4_unicode_ci;
INSERT INTO `goods_receipts` (`id`, `grn_number`, `purchase_order_id`, `supplier_id`, `receipt_date`, `invoice_reference`, `delivery_note_number`, `received_by`, `inspected_by`, `remarks`, `status`, `created_by`, `updated_by`, `created_at`, `updated_at`) VALUES
(1, 'GRN-20260330-0001', 1, 1, '2026-03-30', 'INV-HBMS-4401', 'DN-HBMS-2201', 4, 3, 'Partial shipment with minor damaged cartons.', 'flagged', 4, 4, '2026-04-05 16:35:17', '2026-04-05 16:35:25'),
(2, 'GRN-20260401-0001', 2, 2, '2026-04-01', 'INV-CCDL-8804', 'DN-CCDL-3110', 9, 3, 'Equipment accepted into receiving hold for asset tagging.', 'completed', 9, 9, '2026-04-05 16:35:33', '2026-04-05 16:35:34');

-- --------------------------------------------------------
-- Table: `inventory_batches`
-- --------------------------------------------------------
DROP TABLE IF EXISTS `inventory_batches`;
CREATE TABLE `inventory_batches` (
  `id` bigint(20) unsigned NOT NULL AUTO_INCREMENT,
  `inventory_item_id` bigint(20) unsigned NOT NULL,
  `batch_number` varchar(80) NOT NULL,
  `lot_number` varchar(80) DEFAULT NULL,
  `manufacture_date` date DEFAULT NULL,
  `expiry_date` date DEFAULT NULL,
  `unit_cost` decimal(14,2) DEFAULT NULL,
  `received_quantity` decimal(14,2) NOT NULL DEFAULT 0.00,
  `available_quantity` decimal(14,2) NOT NULL DEFAULT 0.00,
  `reserved_quantity` decimal(14,2) NOT NULL DEFAULT 0.00,
  `issued_quantity` decimal(14,2) NOT NULL DEFAULT 0.00,
  `returned_quantity` decimal(14,2) NOT NULL DEFAULT 0.00,
  `damaged_quantity` decimal(14,2) NOT NULL DEFAULT 0.00,
  `quarantined_quantity` decimal(14,2) NOT NULL DEFAULT 0.00,
  `expired_quantity` decimal(14,2) NOT NULL DEFAULT 0.00,
  `status` varchar(30) NOT NULL DEFAULT 'active',
  `supplier_id` bigint(20) unsigned DEFAULT NULL,
  `received_at` timestamp NULL DEFAULT NULL,
  `store_location_id` bigint(20) unsigned DEFAULT NULL,
  `storage_zone` varchar(100) DEFAULT NULL,
  `notes` text DEFAULT NULL,
  `created_by` bigint(20) unsigned DEFAULT NULL,
  `updated_by` bigint(20) unsigned DEFAULT NULL,
  `created_at` timestamp NULL DEFAULT NULL,
  `updated_at` timestamp NULL DEFAULT NULL,
  PRIMARY KEY (`id`),
  UNIQUE KEY `inventory_batches_item_batch_location_unique` (`inventory_item_id`,`batch_number`,`store_location_id`),
  KEY `inventory_batches_supplier_id_foreign` (`supplier_id`),
  KEY `inventory_batches_created_by_foreign` (`created_by`),
  KEY `inventory_batches_updated_by_foreign` (`updated_by`),
  KEY `inventory_batches_inventory_item_id_status_index` (`inventory_item_id`,`status`),
  KEY `inventory_batches_store_location_id_expiry_date_index` (`store_location_id`,`expiry_date`),
  KEY `inventory_batches_batch_number_index` (`batch_number`),
  KEY `inventory_batches_expiry_date_index` (`expiry_date`),
  KEY `inventory_batches_status_index` (`status`),
  CONSTRAINT `inventory_batches_created_by_foreign` FOREIGN KEY (`created_by`) REFERENCES `users` (`id`) ON DELETE SET NULL,
  CONSTRAINT `inventory_batches_inventory_item_id_foreign` FOREIGN KEY (`inventory_item_id`) REFERENCES `inventory_items` (`id`) ON DELETE CASCADE,
  CONSTRAINT `inventory_batches_store_location_id_foreign` FOREIGN KEY (`store_location_id`) REFERENCES `locations` (`id`) ON DELETE SET NULL,
  CONSTRAINT `inventory_batches_supplier_id_foreign` FOREIGN KEY (`supplier_id`) REFERENCES `suppliers` (`id`) ON DELETE SET NULL,
  CONSTRAINT `inventory_batches_updated_by_foreign` FOREIGN KEY (`updated_by`) REFERENCES `users` (`id`) ON DELETE SET NULL
) ENGINE=InnoDB AUTO_INCREMENT=55 DEFAULT CHARSET=utf8mb4 COLLATE=utf8mb4_unicode_ci;
INSERT INTO `inventory_batches` (`id`, `inventory_item_id`, `batch_number`, `lot_number`, `manufacture_date`, `expiry_date`, `unit_cost`, `received_quantity`, `available_quantity`, `reserved_quantity`, `issued_quantity`, `returned_quantity`, `damaged_quantity`, `quarantined_quantity`, `expired_quantity`, `status`, `supplier_id`, `received_at`, `store_location_id`, `storage_zone`, `notes`, `created_by`, `updated_by`, `created_at`, `updated_at`) VALUES
(1, 1, 'SILVERSU-A', NULL, '2026-02-05', '2026-10-05', '620.00', '90.00', '32.00', '0.00', '48.00', '0.00', '0.00', '0.00', '0.00', 'active', 1, '2026-03-08 00:00:00', 5, 'Sterile Rack A1', 'Seeded for realistic burn center stock control.', 4, 4, '2026-04-05 16:33:34', '2026-04-05 16:34:26'),
(2, 2, 'ANTIMICR-A', NULL, '2026-02-05', '2026-10-05', '620.00', '35.00', '33.00', '0.00', '2.00', '0.00', '0.00', '0.00', '0.00', 'active', 1, '2026-03-08 00:00:00', 5, 'Sterile Rack A1', 'Seeded for realistic burn center stock control.', 4, 4, '2026-04-05 16:33:38', '2026-04-05 16:34:15'),
(3, 3, 'HYDROGEL-A', NULL, '2026-02-05', '2026-10-05', '620.00', '35.00', '35.00', '0.00', '0.00', '0.00', '0.00', '0.00', '0.00', 'active', 1, '2026-03-08 00:00:00', 5, 'Sterile Rack A1', 'Seeded for realistic burn center stock control.', 4, 4, '2026-04-05 16:33:40', '2026-04-05 16:33:40'),
(4, 4, 'PARAFFIN-A', NULL, '2026-02-05', '2026-10-05', '620.00', '35.00', '35.00', '0.00', '0.00', '0.00', '0.00', '0.00', '0.00', 'active', 1, '2026-03-08 00:00:00', 5, 'Sterile Rack A1', 'Seeded for realistic burn center stock control.', 4, 4, '2026-04-05 16:33:41', '2026-04-05 16:33:41'),
(5, 5, 'ALGINATE-A', NULL, '2026-02-05', '2026-10-05', '620.00', '35.00', '35.00', '0.00', '0.00', '0.00', '0.00', '0.00', '0.00', 'active', 1, '2026-03-08 00:00:00', 5, 'Sterile Rack A1', 'Seeded for realistic burn center stock control.', 4, 4, '2026-04-05 16:33:42', '2026-04-05 16:33:42'),
(6, 6, 'SILICONE-A', NULL, '2026-02-05', '2026-10-05', '240.00', '35.00', '35.00', '0.00', '0.00', '0.00', '0.00', '0.00', '0.00', 'active', 1, '2026-03-08 00:00:00', 5, 'Sterile Rack A1', 'Seeded for realistic burn center stock control.', 4, 4, '2026-04-05 16:33:42', '2026-04-05 16:33:42'),
(7, 7, 'STERILEG-A', NULL, '2026-02-05', '2027-02-05', '240.00', '40.00', '5.00', '0.00', '35.00', '0.00', '0.00', '0.00', '0.00', 'low_stock', 1, '2026-03-08 00:00:00', 5, 'Procedure Shelf B2', 'Seeded for realistic burn center stock control.', 4, 4, '2026-04-05 16:33:42', '2026-04-05 16:34:13'),
(8, 8, 'ROLLERBA-A', NULL, '2026-02-05', '2027-02-05', '240.00', '70.00', '40.00', '0.00', '30.00', '0.00', '0.00', '0.00', '0.00', 'active', 1, '2026-03-08 00:00:00', 5, 'Procedure Shelf B2', 'Seeded for realistic burn center stock control.', 4, 4, '2026-04-05 16:33:42', '2026-04-05 16:34:17'),
(9, 9, 'MICROPOR-A', NULL, '2026-02-05', '2027-02-05', '240.00', '70.00', '70.00', '0.00', '0.00', '0.00', '0.00', '0.00', '0.00', 'active', 1, '2026-03-08 00:00:00', 5, 'Procedure Shelf B2', 'Seeded for realistic burn center stock control.', 4, 4, '2026-04-05 16:33:43', '2026-04-05 16:33:43'),
(10, 10, 'NONADHER-A', NULL, '2026-02-05', '2027-02-05', '240.00', '70.00', '70.00', '0.00', '0.00', '0.00', '0.00', '0.00', '0.00', 'active', 1, '2026-03-08 00:00:00', 5, 'Procedure Shelf B2', 'Seeded for realistic burn center stock control.', 4, 4, '2026-04-05 16:33:43', '2026-04-05 16:33:43'),
(11, 11, 'BURNDEBR-A', NULL, '2026-02-05', '2027-02-05', '980.00', '40.00', '40.00', '0.00', '0.00', '0.00', '0.00', '0.00', '0.00', 'active', 1, '2026-03-08 00:00:00', 5, 'Procedure Shelf B2', 'Seeded for realistic burn center stock control.', 4, 4, '2026-04-05 16:33:44', '2026-04-05 16:33:44'),
(12, 12, 'SALINEIR-A', NULL, '2026-02-05', '2027-02-05', '210.00', '40.00', '40.00', '0.00', '0.00', '0.00', '0.00', '0.00', '0.00', 'active', 1, '2026-03-08 00:00:00', 5, 'Procedure Shelf B2', 'Seeded for realistic burn center stock control.', 4, 4, '2026-04-05 16:33:45', '2026-04-05 16:33:45'),
(13, 13, 'IVCANNUL-A', NULL, '2026-02-05', '2027-02-05', '240.00', '70.00', '70.00', '0.00', '0.00', '0.00', '0.00', '0.00', '0.00', 'active', 1, '2026-03-08 00:00:00', 5, 'Procedure Shelf C1', 'Seeded for realistic burn center stock control.', 4, 4, '2026-04-05 16:33:45', '2026-04-05 16:33:45'),
(14, 14, 'IVCANNUL-A', NULL, '2026-02-05', '2027-02-05', '240.00', '70.00', '58.00', '0.00', '12.00', '0.00', '0.00', '0.00', '0.00', 'active', 1, '2026-03-08 00:00:00', 5, 'Procedure Shelf C1', 'Seeded for realistic burn center stock control.', 4, 4, '2026-04-05 16:33:45', '2026-04-05 16:34:14'),
(15, 15, 'SYRINGE5-A', NULL, '2026-02-05', '2027-02-05', '240.00', '140.00', '106.00', '0.00', '34.00', '0.00', '0.00', '0.00', '0.00', 'active', 1, '2026-03-08 00:00:00', 5, 'Procedure Shelf C1', 'Seeded for realistic burn center stock control.', 4, 4, '2026-04-05 16:33:46', '2026-04-05 16:34:14'),
(16, 16, 'SYRINGE1-A', NULL, '2026-02-05', '2027-02-05', '240.00', '140.00', '140.00', '0.00', '0.00', '0.00', '0.00', '0.00', '0.00', 'active', 1, '2026-03-08 00:00:00', 5, 'Procedure Shelf C1', 'Seeded for realistic burn center stock control.', 4, 4, '2026-04-05 16:33:46', '2026-04-05 16:33:47'),
(17, 17, 'URINARYC-A', NULL, '2026-02-05', '2027-02-05', '240.00', '70.00', '70.00', '0.00', '0.00', '0.00', '0.00', '0.00', '0.00', 'active', 1, '2026-03-08 00:00:00', 5, 'Procedure Shelf C1', 'Seeded for realistic burn center stock control.', 4, 4, '2026-04-05 16:33:47', '2026-04-05 16:33:47'),
(18, 18, 'CENTRALL-A', NULL, '2026-02-05', '2027-02-05', '620.00', '40.00', '34.00', '0.00', '6.00', '0.00', '0.00', '0.00', '0.00', 'active', 1, '2026-03-08 00:00:00', 5, 'Procedure Shelf C1', 'Seeded for realistic burn center stock control.', 4, 6, '2026-04-05 16:33:50', '2026-04-05 16:34:19'),
(19, 19, 'NORMALSA-A', NULL, '2026-02-05', '2027-02-05', '210.00', '120.00', '96.00', '0.00', '24.00', '0.00', '0.00', '0.00', '0.00', 'active', 1, '2026-03-08 00:00:00', 5, 'Procedure Shelf C1', 'Seeded for realistic burn center stock control.', 4, 6, '2026-04-05 16:33:50', '2026-04-05 16:34:19'),
(20, 20, 'RINGERLA-A', NULL, '2026-02-05', '2027-02-05', '210.00', '120.00', '120.00', '0.00', '0.00', '0.00', '0.00', '0.00', '0.00', 'active', 1, '2026-03-08 00:00:00', 5, 'Procedure Shelf C1', 'Seeded for realistic burn center stock control.', 4, 4, '2026-04-05 16:33:50', '2026-04-05 16:33:50'),
(21, 21, 'N95MASK-A', NULL, '2026-02-05', '2027-02-05', '160.00', '180.00', '100.00', '0.00', '80.00', '0.00', '0.00', '0.00', '0.00', 'active', 3, '2026-03-08 00:00:00', 6, 'Infection Control Rack D1', 'Seeded for realistic burn center stock control.', 4, 4, '2026-04-05 16:33:51', '2026-04-05 16:34:17'),
(22, 22, 'SURGICAL-A', NULL, '2026-02-05', '2027-02-05', '160.00', '180.00', '175.00', '0.00', '0.00', '0.00', '0.00', '0.00', '0.00', 'active', 3, '2026-03-08 00:00:00', 6, 'Infection Control Rack D1', 'Seeded for realistic burn center stock control.', 4, 4, '2026-04-05 16:33:52', '2026-04-05 16:34:40'),
(23, 23, 'STERILEG-A', NULL, '2026-02-05', '2027-02-05', '160.00', '180.00', '130.00', '0.00', '50.00', '0.00', '0.00', '0.00', '0.00', 'active', 3, '2026-03-08 00:00:00', 6, 'Infection Control Rack D1', 'Seeded for realistic burn center stock control.', 4, 4, '2026-04-05 16:33:52', '2026-04-05 16:34:18'),
(24, 24, 'STERILEG-A', NULL, '2026-02-05', '2027-02-05', '160.00', '180.00', '180.00', '0.00', '0.00', '0.00', '0.00', '0.00', '0.00', 'active', 3, '2026-03-08 00:00:00', 6, 'Infection Control Rack D1', 'Seeded for realistic burn center stock control.', 4, 4, '2026-04-05 16:33:52', '2026-04-05 16:33:52'),
(25, 25, 'FACESHIE-A', NULL, '2026-02-05', '2027-02-05', '240.00', '70.00', '70.00', '0.00', '0.00', '0.00', '0.00', '0.00', '0.00', 'active', 3, '2026-03-08 00:00:00', 6, 'Infection Control Rack D1', 'Seeded for realistic burn center stock control.', 4, 4, '2026-04-05 16:33:52', '2026-04-05 16:33:52'),
(26, 26, 'DISPOSAB-A', NULL, '2026-02-05', '2027-02-05', '240.00', '70.00', '70.00', '0.00', '0.00', '0.00', '0.00', '0.00', '0.00', 'active', 3, '2026-03-08 00:00:00', 6, 'Infection Control Rack D1', 'Seeded for realistic burn center stock control.', 4, 4, '2026-04-05 16:33:52', '2026-04-05 16:33:53'),
(27, 33, 'BURNSHEE-A', NULL, '2026-02-05', '2027-02-05', '240.00', '70.00', '42.00', '0.00', '22.00', '0.00', '6.00', '0.00', '0.00', 'active', 3, '2026-03-08 00:00:00', 6, 'Disposable Rack E2', 'Seeded for realistic burn center stock control.', 4, 4, '2026-04-05 16:33:53', '2026-04-05 16:34:36'),
(28, 34, 'STERILED-A', NULL, '2026-02-05', '2027-02-05', '240.00', '70.00', '70.00', '0.00', '0.00', '0.00', '0.00', '0.00', '0.00', 'active', 3, '2026-03-08 00:00:00', 6, 'Disposable Rack E2', 'Seeded for realistic burn center stock control.', 4, 4, '2026-04-05 16:33:53', '2026-04-05 16:33:53'),
(29, 35, 'PILLOWCO-A', NULL, '2026-02-05', '2027-02-05', '240.00', '70.00', '70.00', '0.00', '0.00', '0.00', '0.00', '0.00', '0.00', 'active', 3, '2026-03-08 00:00:00', 6, 'Disposable Rack E2', 'Seeded for realistic burn center stock control.', 4, 4, '2026-04-05 16:33:53', '2026-04-05 16:33:53'),
(30, 36, 'DRAWSHEE-A', NULL, '2026-02-05', '2027-02-05', '240.00', '70.00', '70.00', '0.00', '0.00', '0.00', '0.00', '0.00', '0.00', 'active', 3, '2026-03-08 00:00:00', 6, 'Disposable Rack E2', 'Seeded for realistic burn center stock control.', 4, 4, '2026-04-05 16:33:53', '2026-04-05 16:33:53'),
(31, 37, 'DISINFEC-A', NULL, '2026-02-05', '2027-02-05', '240.00', '70.00', '70.00', '0.00', '0.00', '0.00', '0.00', '0.00', '0.00', 'active', 3, '2026-03-08 00:00:00', 6, 'Cleaning Shelf F1', 'Seeded for realistic burn center stock control.', 4, 4, '2026-04-05 16:33:54', '2026-04-05 16:33:55'),
(32, 38, 'ENZYMATI-A', NULL, '2026-02-05', '2027-02-05', '240.00', '70.00', '70.00', '0.00', '0.00', '0.00', '0.00', '0.00', '0.00', 'active', 3, '2026-03-08 00:00:00', 6, 'Cleaning Shelf F1', 'Seeded for realistic burn center stock control.', 4, 4, '2026-04-05 16:33:55', '2026-04-05 16:33:56'),
(33, 39, 'STERILIZ-A', NULL, '2026-02-05', '2027-02-05', '240.00', '70.00', '70.00', '0.00', '0.00', '0.00', '0.00', '0.00', '0.00', 'active', 3, '2026-03-08 00:00:00', 6, 'Cleaning Shelf F1', 'Seeded for realistic burn center stock control.', 4, 4, '2026-04-05 16:33:56', '2026-04-05 16:33:56'),
(34, 40, 'SURFACEW-A', NULL, '2026-02-05', '2027-02-05', '240.00', '40.00', '40.00', '0.00', '0.00', '0.00', '0.00', '0.00', '0.00', 'active', 3, '2026-03-08 00:00:00', 6, 'Cleaning Shelf F1', 'Seeded for realistic burn center stock control.', 4, 4, '2026-04-05 16:33:56', '2026-04-05 16:33:56'),
(35, 27, 'SILVERSU-A', NULL, '2026-02-05', '2026-10-05', '850.00', '35.00', '31.00', '0.00', '4.00', '0.00', '0.00', '0.00', '0.00', 'active', 1, '2026-03-08 00:00:00', 8, 'Cold Chain Shelf P1', 'Seeded for realistic burn center stock control.', 4, 4, '2026-04-05 16:33:57', '2026-04-05 16:34:14'),
(36, 28, 'MAFENIDE-A', NULL, '2026-02-05', '2026-10-05', '850.00', '35.00', '35.00', '0.00', '0.00', '0.00', '0.00', '0.00', '0.00', 'active', 1, '2026-03-08 00:00:00', 8, 'Cold Chain Shelf P1', 'Seeded for realistic burn center stock control.', 4, 4, '2026-04-05 16:33:57', '2026-04-05 16:33:57'),
(37, 29, 'POVIDONE-A', NULL, '2026-02-05', '2026-10-05', '240.00', '120.00', '120.00', '0.00', '0.00', '0.00', '0.00', '0.00', '0.00', 'active', 1, '2026-03-08 00:00:00', 8, 'Cold Chain Shelf P1', 'Seeded for realistic burn center stock control.', 4, 4, '2026-04-05 16:33:58', '2026-04-05 16:33:58'),
(38, 30, 'CHLORHEX-A', NULL, '2026-02-05', '2026-10-05', '850.00', '35.00', '35.00', '0.00', '0.00', '0.00', '0.00', '0.00', '0.00', 'active', 1, '2026-03-08 00:00:00', 8, 'Cold Chain Shelf P1', 'Seeded for realistic burn center stock control.', 4, 4, '2026-04-05 16:33:58', '2026-04-05 16:33:58'),
(39, 31, 'TOPICALL-A', NULL, '2026-02-05', '2026-10-05', '240.00', '35.00', '35.00', '0.00', '0.00', '0.00', '0.00', '0.00', '0.00', 'active', 1, '2026-03-08 00:00:00', 8, 'Cold Chain Shelf P1', 'Seeded for realistic burn center stock control.', 4, 4, '2026-04-05 16:33:58', '2026-04-05 16:33:58'),
(40, 32, 'PARACETA-A', NULL, '2026-02-05', '2026-10-05', '850.00', '35.00', '21.00', '0.00', '14.00', '0.00', '0.00', '0.00', '0.00', 'active', 1, '2026-03-08 00:00:00', 8, 'Cold Chain Shelf P1', 'Seeded for realistic burn center stock control.', 4, 6, '2026-04-05 16:33:58', '2026-04-05 16:34:19'),
(41, 41, 'CRASHCAR-A', NULL, '2026-02-05', '2026-10-05', '980.00', '40.00', '40.00', '0.00', '0.00', '0.00', '0.00', '0.00', '0.00', 'active', 1, '2026-03-08 00:00:00', 7, 'Emergency Reserve Cage', 'Seeded for realistic burn center stock control.', 4, 4, '2026-04-05 16:33:59', '2026-04-05 16:33:59'),
(42, 42, 'EMERGENC-A', NULL, '2026-02-05', '2026-10-05', '240.00', '40.00', '40.00', '0.00', '0.00', '0.00', '0.00', '0.00', '0.00', 'active', 1, '2026-03-08 00:00:00', 7, 'Emergency Reserve Cage', 'Seeded for realistic burn center stock control.', 4, 4, '2026-04-05 16:33:59', '2026-04-05 16:33:59'),
(43, 43, 'RESUSCIT-A', NULL, '2026-02-05', '2026-10-05', '980.00', '140.00', '140.00', '0.00', '0.00', '0.00', '0.00', '0.00', '0.00', 'active', 1, '2026-03-08 00:00:00', 7, 'Emergency Reserve Cage', 'Seeded for realistic burn center stock control.', 4, 4, '2026-04-05 16:34:00', '2026-04-05 16:34:00'),
(44, 44, 'BURNTROL-A', NULL, '2026-02-05', '2026-10-05', '980.00', '40.00', '40.00', '0.00', '0.00', '0.00', '0.00', '0.00', '0.00', 'active', 1, '2026-03-08 00:00:00', 7, 'Emergency Reserve Cage', 'Seeded for realistic burn center stock control.', 4, 4, '2026-04-05 16:34:00', '2026-04-05 16:34:00'),
(45, 2, 'AFD-NEAR-01', NULL, '2026-01-05', '2026-04-28', '725.00', '18.00', '0.00', '0.00', '18.00', '0.00', '0.00', '0.00', '0.00', 'exhausted', 1, '2026-03-22 00:00:00', 5, 'Sterile Rack A1', 'Seeded for realistic burn center stock control.', 4, 4, '2026-04-05 16:34:01', '2026-04-05 16:34:15'),
(46, 3, 'HYG-NEAR-01', NULL, '2025-12-05', '2026-04-21', '680.00', '14.00', '1.00', '0.00', '12.00', '3.00', '0.00', '4.00', '0.00', 'low_stock', 1, '2026-03-22 00:00:00', 5, 'Sterile Rack A1', 'Seeded for realistic burn center stock control.', 4, 4, '2026-04-05 16:34:01', '2026-04-05 16:34:39'),
(47, 7, 'GAU-NEAR-01', NULL, '2026-02-05', '2026-05-02', '180.00', '35.00', '2.00', '0.00', '35.00', '8.00', '0.00', '0.00', '0.00', 'low_stock', 1, '2026-03-22 00:00:00', 5, 'Procedure Shelf B2', 'Seeded for realistic burn center stock control.', 4, 4, '2026-04-05 16:34:02', '2026-04-05 16:34:26'),
(48, 14, 'CAN20-NEAR', NULL, '2026-01-05', '2026-05-06', '320.00', '16.00', '0.00', '0.00', '16.00', '0.00', '0.00', '0.00', '0.00', 'exhausted', 1, '2026-03-22 00:00:00', 5, 'Procedure Shelf C1', 'Seeded for realistic burn center stock control.', 4, 4, '2026-04-05 16:34:02', '2026-04-05 16:34:14'),
(49, 15, 'SYR5-NEAR', NULL, '2026-02-05', '2026-04-23', '150.00', '26.00', '0.00', '0.00', '26.00', '0.00', '0.00', '0.00', '0.00', 'exhausted', 1, '2026-03-22 00:00:00', 5, 'Procedure Shelf C1', 'Seeded for realistic burn center stock control.', 4, 4, '2026-04-05 16:34:03', '2026-04-05 16:34:14'),
(50, 27, 'SSD-NEAR-01', NULL, '2026-02-05', '2026-04-25', '940.00', '12.00', '0.00', '0.00', '12.00', '0.00', '0.00', '0.00', '0.00', 'exhausted', 1, '2026-03-22 00:00:00', 8, 'Cold Chain Shelf P1', 'Seeded for realistic burn center stock control.', 8, 4, '2026-04-05 16:34:06', '2026-04-05 16:34:14'),
(51, 30, 'CHX-EXP-01', NULL, '2025-11-05', '2026-03-26', '420.00', '8.00', '0.00', '0.00', '0.00', '0.00', '0.00', '0.00', '8.00', 'expired', 1, '2026-03-22 00:00:00', 8, 'Cold Chain Shelf P1', 'Seeded for realistic burn center stock control.', 8, 8, '2026-04-05 16:34:07', '2026-04-05 16:34:37'),
(52, 1, 'SILVERSU-A', NULL, '2026-02-05', '2026-10-05', '620.00', '0.00', '10.00', '0.00', '0.00', '0.00', '0.00', '0.00', '0.00', 'low_stock', 1, '2026-03-08 00:00:00', 7, 'Sterile Rack A1', 'Seeded for realistic burn center stock control.', 4, 4, '2026-04-05 16:34:25', '2026-04-05 16:34:26'),
(53, 7, 'GAU-NEAR-01', NULL, '2026-02-05', '2026-05-02', '180.00', '0.00', '6.00', '0.00', '0.00', '0.00', '0.00', '0.00', '0.00', 'low_stock', 1, '2026-03-22 00:00:00', 7, 'Procedure Shelf B2', 'Seeded for realistic burn center stock control.', 4, 4, '2026-04-05 16:34:26', '2026-04-05 16:34:27'),
(54, 1, 'PROC-SSD-4401', NULL, '2026-02-05', '2027-10-05', '515.00', '36.00', '36.00', '0.00', '0.00', '0.00', '0.00', '0.00', '0.00', 'active', 1, '2026-03-30 00:00:00', 5, 'Procurement Intake Shelf A1', NULL, 4, 4, '2026-04-05 16:35:21', '2026-04-05 16:35:23');

-- --------------------------------------------------------
-- Table: `inventory_categories`
-- --------------------------------------------------------
DROP TABLE IF EXISTS `inventory_categories`;
CREATE TABLE `inventory_categories` (
  `id` bigint(20) unsigned NOT NULL AUTO_INCREMENT,
  `parent_id` bigint(20) unsigned DEFAULT NULL,
  `name` varchar(255) NOT NULL,
  `code` varchar(30) NOT NULL,
  `description` text DEFAULT NULL,
  `is_active` tinyint(1) NOT NULL DEFAULT 1,
  `created_by` bigint(20) unsigned DEFAULT NULL,
  `updated_by` bigint(20) unsigned DEFAULT NULL,
  `created_at` timestamp NULL DEFAULT NULL,
  `updated_at` timestamp NULL DEFAULT NULL,
  `deleted_at` timestamp NULL DEFAULT NULL,
  PRIMARY KEY (`id`),
  UNIQUE KEY `inventory_categories_code_unique` (`code`),
  KEY `inventory_categories_parent_id_foreign` (`parent_id`),
  KEY `inventory_categories_created_by_foreign` (`created_by`),
  KEY `inventory_categories_updated_by_foreign` (`updated_by`),
  KEY `inventory_categories_is_active_index` (`is_active`),
  CONSTRAINT `inventory_categories_created_by_foreign` FOREIGN KEY (`created_by`) REFERENCES `users` (`id`) ON DELETE SET NULL,
  CONSTRAINT `inventory_categories_parent_id_foreign` FOREIGN KEY (`parent_id`) REFERENCES `inventory_categories` (`id`) ON DELETE SET NULL,
  CONSTRAINT `inventory_categories_updated_by_foreign` FOREIGN KEY (`updated_by`) REFERENCES `users` (`id`) ON DELETE SET NULL
) ENGINE=InnoDB AUTO_INCREMENT=9 DEFAULT CHARSET=utf8mb4 COLLATE=utf8mb4_unicode_ci;
INSERT INTO `inventory_categories` (`id`, `parent_id`, `name`, `code`, `description`, `is_active`, `created_by`, `updated_by`, `created_at`, `updated_at`, `deleted_at`) VALUES
(1, NULL, 'Burn Dressings', 'CAT-BDR', 'Primary antimicrobial and protective dressings for burn wound coverage.', 1, 4, 4, '2026-04-05 16:32:17', '2026-04-05 16:32:17', NULL),
(2, NULL, 'Wound Care Supplies', 'CAT-WCS', 'Routine sterile wound care and procedure support items.', 1, 4, 4, '2026-04-05 16:32:18', '2026-04-05 16:32:18', NULL),
(3, NULL, 'IV and Procedure Supplies', 'CAT-IVP', 'Infusion, access, catheter, and bedside procedure stock.', 1, 4, 4, '2026-04-05 16:32:21', '2026-04-05 16:32:21', NULL),
(4, NULL, 'PPE and Infection Control', 'CAT-PPE', 'Barrier protection and infection prevention consumables.', 1, 4, 4, '2026-04-05 16:32:22', '2026-04-05 16:32:22', NULL),
(5, NULL, 'Medicines', 'CAT-MED', 'Topical and injectable medicines used in the burn center.', 1, 4, 4, '2026-04-05 16:32:25', '2026-04-05 16:32:25', NULL),
(6, NULL, 'Linen and Disposables', 'CAT-LIN', 'Disposable patient support textiles and drapes.', 1, 4, 4, '2026-04-05 16:32:45', '2026-04-05 16:32:45', NULL),
(7, NULL, 'Cleaning and Sterilization', 'CAT-CLS', 'Cleaning chemicals and sterile processing consumables.', 1, 4, 4, '2026-04-05 16:32:46', '2026-04-05 16:32:46', NULL),
(8, NULL, 'Emergency Supplies', 'CAT-EMR', 'Emergency trolley and crash cart consumable sets.', 1, 4, 4, '2026-04-05 16:32:49', '2026-04-05 16:32:49', NULL);

-- --------------------------------------------------------
-- Table: `inventory_items`
-- --------------------------------------------------------
DROP TABLE IF EXISTS `inventory_items`;
CREATE TABLE `inventory_items` (
  `id` bigint(20) unsigned NOT NULL AUTO_INCREMENT,
  `item_uuid` char(36) NOT NULL,
  `item_name` varchar(255) NOT NULL,
  `item_code` varchar(40) NOT NULL,
  `inventory_category_id` bigint(20) unsigned NOT NULL,
  `subcategory` varchar(255) DEFAULT NULL,
  `barcode_value` varchar(120) DEFAULT NULL,
  `sku` varchar(80) DEFAULT NULL,
  `unit_of_measure` varchar(25) NOT NULL,
  `pack_size` varchar(50) DEFAULT NULL,
  `reorder_level` decimal(14,2) NOT NULL DEFAULT 0.00,
  `minimum_level` decimal(14,2) NOT NULL DEFAULT 0.00,
  `maximum_level` decimal(14,2) DEFAULT NULL,
  `current_quantity` decimal(14,2) NOT NULL DEFAULT 0.00,
  `reserved_quantity` decimal(14,2) NOT NULL DEFAULT 0.00,
  `issued_quantity` decimal(14,2) NOT NULL DEFAULT 0.00,
  `damaged_quantity` decimal(14,2) NOT NULL DEFAULT 0.00,
  `quarantined_quantity` decimal(14,2) NOT NULL DEFAULT 0.00,
  `expired_quantity` decimal(14,2) NOT NULL DEFAULT 0.00,
  `supplier_id` bigint(20) unsigned DEFAULT NULL,
  `store_location_id` bigint(20) unsigned DEFAULT NULL,
  `storage_zone` varchar(100) DEFAULT NULL,
  `temperature_sensitive` tinyint(1) NOT NULL DEFAULT 0,
  `sterile_item` tinyint(1) NOT NULL DEFAULT 0,
  `high_risk_item` tinyint(1) NOT NULL DEFAULT 0,
  `controlled_use` tinyint(1) NOT NULL DEFAULT 0,
  `is_active` tinyint(1) NOT NULL DEFAULT 1,
  `notes` text DEFAULT NULL,
  `created_by` bigint(20) unsigned DEFAULT NULL,
  `updated_by` bigint(20) unsigned DEFAULT NULL,
  `created_at` timestamp NULL DEFAULT NULL,
  `updated_at` timestamp NULL DEFAULT NULL,
  `deleted_at` timestamp NULL DEFAULT NULL,
  PRIMARY KEY (`id`),
  UNIQUE KEY `inventory_items_item_uuid_unique` (`item_uuid`),
  UNIQUE KEY `inventory_items_item_code_unique` (`item_code`),
  UNIQUE KEY `inventory_items_barcode_value_unique` (`barcode_value`),
  KEY `inventory_items_supplier_id_foreign` (`supplier_id`),
  KEY `inventory_items_store_location_id_foreign` (`store_location_id`),
  KEY `inventory_items_created_by_foreign` (`created_by`),
  KEY `inventory_items_updated_by_foreign` (`updated_by`),
  KEY `inventory_items_inventory_category_id_store_location_id_index` (`inventory_category_id`,`store_location_id`),
  KEY `inventory_items_reorder_level_index` (`reorder_level`),
  KEY `inventory_items_current_quantity_index` (`current_quantity`),
  KEY `inventory_items_temperature_sensitive_index` (`temperature_sensitive`),
  KEY `inventory_items_sterile_item_index` (`sterile_item`),
  KEY `inventory_items_high_risk_item_index` (`high_risk_item`),
  KEY `inventory_items_controlled_use_index` (`controlled_use`),
  KEY `inventory_items_is_active_index` (`is_active`),
  CONSTRAINT `inventory_items_created_by_foreign` FOREIGN KEY (`created_by`) REFERENCES `users` (`id`) ON DELETE SET NULL,
  CONSTRAINT `inventory_items_inventory_category_id_foreign` FOREIGN KEY (`inventory_category_id`) REFERENCES `inventory_categories` (`id`) ON DELETE CASCADE,
  CONSTRAINT `inventory_items_store_location_id_foreign` FOREIGN KEY (`store_location_id`) REFERENCES `locations` (`id`) ON DELETE SET NULL,
  CONSTRAINT `inventory_items_supplier_id_foreign` FOREIGN KEY (`supplier_id`) REFERENCES `suppliers` (`id`) ON DELETE SET NULL,
  CONSTRAINT `inventory_items_updated_by_foreign` FOREIGN KEY (`updated_by`) REFERENCES `users` (`id`) ON DELETE SET NULL
) ENGINE=InnoDB AUTO_INCREMENT=45 DEFAULT CHARSET=utf8mb4 COLLATE=utf8mb4_unicode_ci;
INSERT INTO `inventory_items` (`id`, `item_uuid`, `item_name`, `item_code`, `inventory_category_id`, `subcategory`, `barcode_value`, `sku`, `unit_of_measure`, `pack_size`, `reorder_level`, `minimum_level`, `maximum_level`, `current_quantity`, `reserved_quantity`, `issued_quantity`, `damaged_quantity`, `quarantined_quantity`, `expired_quantity`, `supplier_id`, `store_location_id`, `storage_zone`, `temperature_sensitive`, `sterile_item`, `high_risk_item`, `controlled_use`, `is_active`, `notes`, `created_by`, `updated_by`, `created_at`, `updated_at`, `deleted_at`) VALUES
(1, 'a178e901-cd61-4991-a650-fdc521ebb1b1', 'Silver Sulfadiazine Dressing 10x10', 'INV-BDR-001', 1, 'Burn Dressings', 'BCINV000001', 'BDR-001', 'pack', NULL, '40.00', '20.00', '180.00', '78.00', '0.00', '48.00', '0.00', '0.00', '0.00', 1, 5, 'Sterile Rack A1', 0, 1, 0, 1, 1, 'Silver Sulfadiazine Dressing 10x10 configured for burn center inventory control.', 4, 4, '2026-04-05 16:32:53', '2026-04-05 16:35:23', NULL),
(2, 'a178e905-af4b-4899-bcb7-ac37e657989d', 'Antimicrobial Foam Dressing 15x15', 'INV-BDR-002', 1, 'Burn Dressings', 'BCINV000002', 'BDR-002', 'pack', NULL, '28.00', '14.00', '120.00', '33.00', '0.00', '20.00', '0.00', '0.00', '0.00', 1, 5, 'Sterile Rack A1', 0, 1, 0, 1, 1, 'Antimicrobial Foam Dressing 15x15 configured for burn center inventory control.', 4, 4, '2026-04-05 16:32:56', '2026-04-05 16:34:16', NULL),
(3, 'a178e906-be52-4b4e-a4da-9c75d246f80c', 'Hydrogel Sheet Large', 'INV-BDR-003', 1, 'Burn Dressings', 'BCINV000003', 'BDR-003', 'sheet', NULL, '18.00', '10.00', '80.00', '40.00', '0.00', '12.00', '0.00', '4.00', '0.00', 1, 5, 'Sterile Rack A1', 0, 1, 0, 1, 1, 'Hydrogel Sheet Large configured for burn center inventory control.', 4, 4, '2026-04-05 16:32:56', '2026-04-05 16:34:39', NULL),
(4, 'a178e908-4430-48c8-bb28-5d325b5a063a', 'Paraffin Gauze Dressing', 'INV-BDR-004', 1, 'Burn Dressings', 'BCINV000004', 'BDR-004', 'pack', NULL, '20.00', '10.00', '90.00', '35.00', '0.00', '0.00', '0.00', '0.00', '0.00', 1, 5, 'Sterile Rack A1', 0, 1, 0, 1, 1, 'Paraffin Gauze Dressing configured for burn center inventory control.', 4, 4, '2026-04-05 16:32:58', '2026-04-05 16:33:41', NULL),
(5, 'a178e909-c590-4692-a27f-6e077e1bbd6c', 'Alginate Burn Dressing', 'INV-BDR-005', 1, 'Burn Dressings', 'BCINV000005', 'BDR-005', 'pack', NULL, '16.00', '8.00', '70.00', '35.00', '0.00', '0.00', '0.00', '0.00', '0.00', 1, 5, 'Sterile Rack A1', 0, 1, 0, 1, 1, 'Alginate Burn Dressing configured for burn center inventory control.', 4, 4, '2026-04-05 16:32:58', '2026-04-05 16:33:42', NULL),
(6, 'a178e90a-193f-4012-927b-6c572f1cdc91', 'Silicone Contact Layer', 'INV-BDR-006', 1, 'Burn Dressings', 'BCINV000006', 'BDR-006', 'pack', NULL, '14.00', '8.00', '60.00', '35.00', '0.00', '0.00', '0.00', '0.00', '0.00', 1, 5, 'Sterile Rack A1', 0, 1, 0, 1, 1, 'Silicone Contact Layer configured for burn center inventory control.', 4, 4, '2026-04-05 16:32:59', '2026-04-05 16:33:42', NULL),
(7, 'a178e90a-ee47-4099-8930-da67c240b81a', 'Sterile Gauze Pack', 'INV-WCS-001', 2, 'Wound Care Supplies', 'BCINV000007', 'WCS-001', 'pack', NULL, '60.00', '30.00', '220.00', '13.00', '0.00', '70.00', '0.00', '0.00', '0.00', 1, 5, 'Procedure Shelf B2', 0, 1, 0, 0, 1, 'Sterile Gauze Pack configured for burn center inventory control.', 4, 4, '2026-04-05 16:32:59', '2026-04-05 16:34:20', NULL),
(8, 'a178e90b-f81c-44d2-b81b-2c144eee86fc', 'Roller Bandage 10cm', 'INV-WCS-002', 2, 'Wound Care Supplies', 'BCINV000008', 'WCS-002', 'roll', NULL, '35.00', '20.00', '140.00', '40.00', '0.00', '30.00', '0.00', '0.00', '0.00', 1, 5, 'Procedure Shelf B2', 0, 1, 0, 0, 1, 'Roller Bandage 10cm configured for burn center inventory control.', 4, 4, '2026-04-05 16:33:00', '2026-04-05 16:34:17', NULL),
(9, 'a178e90c-6b49-4f05-9826-0a4e6a72d7f2', 'Micropore Tape 2.5cm', 'INV-WCS-003', 2, 'Wound Care Supplies', 'BCINV000009', 'WCS-003', 'roll', NULL, '25.00', '12.00', '100.00', '70.00', '0.00', '0.00', '0.00', '0.00', '0.00', 1, 5, 'Procedure Shelf B2', 0, 1, 0, 0, 1, 'Micropore Tape 2.5cm configured for burn center inventory control.', 4, 4, '2026-04-05 16:33:00', '2026-04-05 16:33:43', NULL),
(10, 'a178e90d-edf4-411d-aac3-9b70d2a5bfb9', 'Non-Adherent Pad', 'INV-WCS-004', 2, 'Wound Care Supplies', 'BCINV000010', 'WCS-004', 'pack', NULL, '20.00', '10.00', '90.00', '70.00', '0.00', '0.00', '0.00', '0.00', '0.00', 1, 5, 'Procedure Shelf B2', 0, 1, 0, 0, 1, 'Non-Adherent Pad configured for burn center inventory control.', 4, 4, '2026-04-05 16:33:01', '2026-04-05 16:33:44', NULL),
(11, 'a178e90e-5763-48ea-9d9b-31afcdf33cc7', 'Burn Debridement Kit', 'INV-WCS-005', 2, 'Wound Care Supplies', 'BCINV000011', 'WCS-005', 'kit', NULL, '8.00', '4.00', '30.00', '40.00', '0.00', '0.00', '0.00', '0.00', '0.00', 1, 5, 'Procedure Shelf B2', 0, 1, 0, 0, 1, 'Burn Debridement Kit configured for burn center inventory control.', 4, 4, '2026-04-05 16:33:01', '2026-04-05 16:33:44', NULL),
(12, 'a178e90e-bea5-47b9-b87e-dc999026cdd6', 'Saline Irrigation Set', 'INV-WCS-006', 2, 'Wound Care Supplies', 'BCINV000012', 'WCS-006', 'set', NULL, '15.00', '8.00', '60.00', '40.00', '0.00', '0.00', '0.00', '0.00', '0.00', 1, 5, 'Procedure Shelf B2', 0, 1, 0, 0, 1, 'Saline Irrigation Set configured for burn center inventory control.', 4, 4, '2026-04-05 16:33:02', '2026-04-05 16:33:45', NULL),
(13, 'a178e910-474c-4580-9dc3-1716c983cbd8', 'IV Cannula 18G', 'INV-IVP-001', 3, 'IV and Procedure Supplies', 'BCINV000013', 'IVP-001', 'box', '100 units', '18.00', '10.00', '80.00', '70.00', '0.00', '0.00', '0.00', '0.00', '0.00', 1, 5, 'Procedure Shelf C1', 0, 1, 0, 0, 1, 'IV Cannula 18G configured for burn center inventory control.', 4, 4, '2026-04-05 16:33:03', '2026-04-05 16:33:45', NULL),
(14, 'a178e911-22d5-463a-85f6-637e10fd86f1', 'IV Cannula 20G', 'INV-IVP-002', 3, 'IV and Procedure Supplies', 'BCINV000014', 'IVP-002', 'box', '100 units', '20.00', '10.00', '90.00', '58.00', '0.00', '28.00', '0.00', '0.00', '0.00', 1, 5, 'Procedure Shelf C1', 0, 1, 0, 0, 1, 'IV Cannula 20G configured for burn center inventory control.', 4, 4, '2026-04-05 16:33:03', '2026-04-05 16:34:14', NULL),
(15, 'a178e912-759f-4155-adcb-ebc15897c266', 'Syringe 5ml', 'INV-IVP-003', 3, 'IV and Procedure Supplies', 'BCINV000015', 'IVP-003', 'box', '100 units', '40.00', '20.00', '180.00', '106.00', '0.00', '60.00', '0.00', '0.00', '0.00', 1, 5, 'Procedure Shelf C1', 0, 1, 0, 0, 1, 'Syringe 5ml configured for burn center inventory control.', 4, 4, '2026-04-05 16:33:04', '2026-04-05 16:34:14', NULL),
(16, 'a178e913-2c08-414f-af80-7f3f261dcd2e', 'Syringe 10ml', 'INV-IVP-004', 3, 'IV and Procedure Supplies', 'BCINV000016', 'IVP-004', 'box', '100 units', '22.00', '10.00', '120.00', '140.00', '0.00', '0.00', '0.00', '0.00', '0.00', 1, 5, 'Procedure Shelf C1', 0, 1, 0, 0, 1, 'Syringe 10ml configured for burn center inventory control.', 4, 4, '2026-04-05 16:33:04', '2026-04-05 16:33:47', NULL),
(17, 'a178e913-b29c-4607-8c6c-93a7d2a3055b', 'Urinary Catheter 14Fr', 'INV-IVP-005', 3, 'IV and Procedure Supplies', 'BCINV000017', 'IVP-005', 'box', '100 units', '10.00', '6.00', '40.00', '70.00', '0.00', '0.00', '0.00', '0.00', '0.00', 1, 5, 'Procedure Shelf C1', 0, 1, 0, 0, 1, 'Urinary Catheter 14Fr configured for burn center inventory control.', 4, 4, '2026-04-05 16:33:05', '2026-04-05 16:33:47', NULL),
(18, 'a178e915-2663-4c5c-9213-f5faf0607665', 'Central Line Dressing Set', 'INV-IVP-006', 3, 'IV and Procedure Supplies', 'BCINV000018', 'IVP-006', 'set', NULL, '10.00', '5.00', '40.00', '34.00', '0.00', '6.00', '0.00', '0.00', '0.00', 1, 5, 'Procedure Shelf C1', 0, 1, 0, 0, 1, 'Central Line Dressing Set configured for burn center inventory control.', 4, 6, '2026-04-05 16:33:06', '2026-04-05 16:34:19', NULL),
(19, 'a178e916-1446-49d2-a8cc-a436551b7f57', 'Normal Saline 500ml', 'INV-IVP-007', 3, 'IV and Procedure Supplies', 'BCINV000019', 'IVP-007', 'bag', NULL, '45.00', '25.00', '220.00', '96.00', '0.00', '24.00', '0.00', '0.00', '0.00', 1, 5, 'Procedure Shelf C1', 0, 1, 0, 0, 1, 'Normal Saline 500ml configured for burn center inventory control.', 4, 6, '2026-04-05 16:33:06', '2026-04-05 16:34:19', NULL),
(20, 'a178e917-cd04-4a41-a0b0-1dbd8a8cdbbb', 'Ringer Lactate 500ml', 'INV-IVP-008', 3, 'IV and Procedure Supplies', 'BCINV000020', 'IVP-008', 'bag', NULL, '40.00', '20.00', '200.00', '120.00', '0.00', '0.00', '0.00', '0.00', '0.00', 1, 5, 'Procedure Shelf C1', 0, 1, 0, 0, 1, 'Ringer Lactate 500ml configured for burn center inventory control.', 4, 4, '2026-04-05 16:33:07', '2026-04-05 16:33:51', NULL),
(21, 'a178e91a-f6e2-4f03-8e54-ad56281610cb', 'N95 Mask', 'INV-PPE-001', 4, 'PPE and Infection Control', 'BCINV000021', 'PPE-001', 'box', '100 units', '30.00', '15.00', '160.00', '100.00', '0.00', '80.00', '0.00', '0.00', '0.00', 3, 6, 'Infection Control Rack D1', 0, 0, 0, 0, 1, 'N95 Mask configured for burn center inventory control.', 4, 4, '2026-04-05 16:33:10', '2026-04-05 16:34:17', NULL),
(22, 'a178e91c-ce1f-4ad1-ab6e-df310d580cf3', 'Surgical Mask', 'INV-PPE-002', 4, 'PPE and Infection Control', 'BCINV000022', 'PPE-002', 'box', '100 units', '40.00', '20.00', '200.00', '175.00', '0.00', '0.00', '0.00', '0.00', '0.00', 3, 6, 'Infection Control Rack D1', 0, 0, 0, 0, 1, 'Surgical Mask configured for burn center inventory control.', 4, 4, '2026-04-05 16:33:11', '2026-04-05 16:34:40', NULL),
(23, 'a178e91d-b7c4-4456-a75b-fee826047786', 'Sterile Gloves Medium', 'INV-PPE-003', 4, 'PPE and Infection Control', 'BCINV000023', 'PPE-003', 'box', '100 units', '28.00', '14.00', '150.00', '130.00', '0.00', '50.00', '0.00', '0.00', '0.00', 3, 6, 'Infection Control Rack D1', 0, 0, 0, 0, 1, 'Sterile Gloves Medium configured for burn center inventory control.', 4, 4, '2026-04-05 16:33:11', '2026-04-05 16:34:18', NULL),
(24, 'a178e91e-e72e-4a10-87eb-17207095a8f4', 'Sterile Gloves Large', 'INV-PPE-004', 4, 'PPE and Infection Control', 'BCINV000024', 'PPE-004', 'box', '100 units', '24.00', '12.00', '130.00', '180.00', '0.00', '0.00', '0.00', '0.00', '0.00', 3, 6, 'Infection Control Rack D1', 0, 0, 0, 0, 1, 'Sterile Gloves Large configured for burn center inventory control.', 4, 4, '2026-04-05 16:33:12', '2026-04-05 16:33:52', NULL),
(25, 'a178e91f-c0bc-448e-940d-e0ffd86878d3', 'Face Shield', 'INV-PPE-005', 4, 'PPE and Infection Control', 'BCINV000025', 'PPE-005', 'unit', NULL, '10.00', '5.00', '50.00', '70.00', '0.00', '0.00', '0.00', '0.00', '0.00', 3, 6, 'Infection Control Rack D1', 0, 0, 0, 0, 1, 'Face Shield configured for burn center inventory control.', 4, 4, '2026-04-05 16:33:13', '2026-04-05 16:33:52', NULL),
(26, 'a178e921-9374-4b8e-a305-3e62d5bc55fe', 'Disposable Gown', 'INV-PPE-006', 4, 'PPE and Infection Control', 'BCINV000026', 'PPE-006', 'pack', NULL, '20.00', '10.00', '100.00', '70.00', '0.00', '0.00', '0.00', '0.00', '0.00', 3, 6, 'Infection Control Rack D1', 0, 0, 0, 0, 1, 'Disposable Gown configured for burn center inventory control.', 4, 4, '2026-04-05 16:33:14', '2026-04-05 16:33:53', NULL),
(27, 'a178e922-a29b-4fcf-b3d7-9b596c0729b5', 'Silver Sulfadiazine Cream 500g', 'INV-MED-001', 5, 'Medicines', 'BCINV000027', 'MED-001', 'jar', NULL, '18.00', '10.00', '80.00', '31.00', '0.00', '16.00', '0.00', '0.00', '0.00', 1, 8, 'Cold Chain Shelf P1', 1, 0, 0, 1, 1, 'Silver Sulfadiazine Cream 500g configured for burn center inventory control.', 4, 4, '2026-04-05 16:33:15', '2026-04-05 16:34:14', NULL),
(28, 'a178e923-f42e-492c-9440-602eb6349cf5', 'Mafenide Acetate Cream', 'INV-MED-002', 5, 'Medicines', 'BCINV000028', 'MED-002', 'tube', NULL, '12.00', '6.00', '50.00', '35.00', '0.00', '0.00', '0.00', '0.00', '0.00', 1, 8, 'Cold Chain Shelf P1', 1, 0, 0, 1, 1, 'Mafenide Acetate Cream configured for burn center inventory control.', 4, 4, '2026-04-05 16:33:15', '2026-04-05 16:33:57', NULL),
(29, 'a178e924-8d37-4195-a9f2-add874e0dcb7', 'Povidone Iodine Solution 500ml', 'INV-MED-003', 5, 'Medicines', 'BCINV000029', 'MED-003', 'bottle', NULL, '15.00', '8.00', '60.00', '120.00', '0.00', '0.00', '0.00', '0.00', '0.00', 1, 8, 'Cold Chain Shelf P1', 1, 0, 0, 1, 1, 'Povidone Iodine Solution 500ml configured for burn center inventory control.', 4, 4, '2026-04-05 16:33:16', '2026-04-05 16:33:58', NULL),
(30, 'a178e928-1cd6-4501-b427-2b4948d39252', 'Chlorhexidine Skin Prep', 'INV-MED-004', 5, 'Medicines', 'BCINV000030', 'MED-004', 'bottle', NULL, '10.00', '5.00', '40.00', '43.00', '0.00', '0.00', '0.00', '0.00', '8.00', 1, 8, 'Cold Chain Shelf P1', 1, 0, 0, 1, 1, 'Chlorhexidine Skin Prep configured for burn center inventory control.', 4, 8, '2026-04-05 16:33:18', '2026-04-05 16:34:37', NULL),
(31, 'a178e929-fe03-4950-9bd8-9403d339c469', 'Topical Lidocaine Gel', 'INV-MED-005', 5, 'Medicines', 'BCINV000031', 'MED-005', 'tube', NULL, '10.00', '5.00', '40.00', '35.00', '0.00', '0.00', '0.00', '0.00', '0.00', 1, 8, 'Cold Chain Shelf P1', 1, 0, 0, 1, 1, 'Topical Lidocaine Gel configured for burn center inventory control.', 4, 4, '2026-04-05 16:33:19', '2026-04-05 16:33:58', NULL),
(32, 'a178e92b-90bb-4a2d-8e9b-42b5cacbebb3', 'Paracetamol IV 1g', 'INV-MED-006', 5, 'Medicines', 'BCINV000032', 'MED-006', 'vial', NULL, '25.00', '12.00', '100.00', '21.00', '0.00', '14.00', '0.00', '0.00', '0.00', 1, 8, 'Cold Chain Shelf P1', 1, 0, 0, 1, 1, 'Paracetamol IV 1g configured for burn center inventory control.', 4, 6, '2026-04-05 16:33:20', '2026-04-05 16:34:19', NULL),
(33, 'a178e92b-d5ca-4cbf-a99a-4aef670c7705', 'Burn Sheet Disposable', 'INV-LIN-001', 6, 'Linen and Disposables', 'BCINV000033', 'LIN-001', 'pack', NULL, '20.00', '10.00', '100.00', '48.00', '0.00', '22.00', '6.00', '0.00', '0.00', 3, 6, 'Disposable Rack E2', 0, 0, 0, 0, 1, 'Burn Sheet Disposable configured for burn center inventory control.', 4, 4, '2026-04-05 16:33:21', '2026-04-05 16:34:36', NULL),
(34, 'a178e92c-95b0-43cf-adb9-06c8f30d06e8', 'Sterile Drape Large', 'INV-LIN-002', 6, 'Linen and Disposables', 'BCINV000034', 'LIN-002', 'pack', NULL, '14.00', '8.00', '60.00', '70.00', '0.00', '0.00', '0.00', '0.00', '0.00', 3, 6, 'Disposable Rack E2', 0, 0, 0, 0, 1, 'Sterile Drape Large configured for burn center inventory control.', 4, 4, '2026-04-05 16:33:21', '2026-04-05 16:33:53', NULL),
(35, 'a178e92d-beca-4dde-9cb2-7847572c5ea0', 'Pillow Cover Disposable', 'INV-LIN-003', 6, 'Linen and Disposables', 'BCINV000035', 'LIN-003', 'pack', NULL, '16.00', '8.00', '70.00', '70.00', '0.00', '0.00', '0.00', '0.00', '0.00', 3, 6, 'Disposable Rack E2', 0, 0, 0, 0, 1, 'Pillow Cover Disposable configured for burn center inventory control.', 4, 4, '2026-04-05 16:33:22', '2026-04-05 16:33:53', NULL),
(36, 'a178e92e-42ee-4d53-b263-29b555ea43b6', 'Draw Sheet Sterile', 'INV-LIN-004', 6, 'Linen and Disposables', 'BCINV000036', 'LIN-004', 'pack', NULL, '12.00', '6.00', '50.00', '70.00', '0.00', '0.00', '0.00', '0.00', '0.00', 3, 6, 'Disposable Rack E2', 0, 0, 0, 0, 1, 'Draw Sheet Sterile configured for burn center inventory control.', 4, 4, '2026-04-05 16:33:22', '2026-04-05 16:33:53', NULL),
(37, 'a178e92f-3723-436e-af93-4b976d188ec0', 'Disinfectant Solution 5L', 'INV-CLS-001', 7, 'Cleaning and Sterilization', 'BCINV000037', 'CLS-001', 'can', NULL, '12.00', '6.00', '40.00', '70.00', '0.00', '0.00', '0.00', '0.00', '0.00', 3, 6, 'Cleaning Shelf F1', 0, 0, 0, 0, 1, 'Disinfectant Solution 5L configured for burn center inventory control.', 4, 4, '2026-04-05 16:33:23', '2026-04-05 16:33:55', NULL),
(38, 'a178e92f-f9b6-4c07-9e40-0590e8437df0', 'Enzymatic Cleaner 1L', 'INV-CLS-002', 7, 'Cleaning and Sterilization', 'BCINV000038', 'CLS-002', 'bottle', NULL, '10.00', '5.00', '30.00', '70.00', '0.00', '0.00', '0.00', '0.00', '0.00', 3, 6, 'Cleaning Shelf F1', 0, 0, 0, 0, 1, 'Enzymatic Cleaner 1L configured for burn center inventory control.', 4, 4, '2026-04-05 16:33:23', '2026-04-05 16:33:56', NULL),
(39, 'a178e930-baaa-4ac5-8180-d3b65b108153', 'Sterilization Wrap Roll', 'INV-CLS-003', 7, 'Cleaning and Sterilization', 'BCINV000039', 'CLS-003', 'roll', NULL, '8.00', '4.00', '24.00', '70.00', '0.00', '0.00', '0.00', '0.00', '0.00', 3, 6, 'Cleaning Shelf F1', 0, 0, 0, 0, 1, 'Sterilization Wrap Roll configured for burn center inventory control.', 4, 4, '2026-04-05 16:33:24', '2026-04-05 16:33:56', NULL),
(40, 'a178e931-e0f1-42a3-b2ec-341128819728', 'Surface Wipe Pack', 'INV-CLS-004', 7, 'Cleaning and Sterilization', 'BCINV000040', 'CLS-004', 'pack', NULL, '18.00', '8.00', '80.00', '40.00', '0.00', '0.00', '0.00', '0.00', '0.00', 3, 6, 'Cleaning Shelf F1', 0, 0, 0, 0, 1, 'Surface Wipe Pack configured for burn center inventory control.', 4, 4, '2026-04-05 16:33:25', '2026-04-05 16:33:56', NULL),
(41, 'a178e932-c7a9-46fd-bccd-7cb62a8104c4', 'Crash Cart Burn Kit', 'INV-EMR-001', 8, 'Emergency Supplies', 'BCINV000041', 'EMR-001', 'kit', NULL, '5.00', '2.00', '20.00', '40.00', '0.00', '0.00', '0.00', '0.00', '0.00', 1, 7, 'Emergency Reserve Cage', 0, 0, 1, 1, 1, 'Crash Cart Burn Kit configured for burn center inventory control.', 4, 4, '2026-04-05 16:33:25', '2026-04-05 16:33:59', NULL),
(42, 'a178e935-455f-4ed3-a539-d82753ba2fd7', 'Emergency Airway Pack', 'INV-EMR-002', 8, 'Emergency Supplies', 'BCINV000042', 'EMR-002', 'pack', NULL, '6.00', '3.00', '24.00', '40.00', '0.00', '0.00', '0.00', '0.00', '0.00', 1, 7, 'Emergency Reserve Cage', 0, 0, 1, 1, 1, 'Emergency Airway Pack configured for burn center inventory control.', 4, 4, '2026-04-05 16:33:27', '2026-04-05 16:33:59', NULL),
(43, 'a178e936-06c8-4bd9-bf2e-6a7344e35087', 'Resuscitation Syringe Kit', 'INV-EMR-003', 8, 'Emergency Supplies', 'BCINV000043', 'EMR-003', 'kit', NULL, '6.00', '3.00', '24.00', '140.00', '0.00', '0.00', '0.00', '0.00', '0.00', 1, 7, 'Emergency Reserve Cage', 0, 0, 1, 1, 1, 'Resuscitation Syringe Kit configured for burn center inventory control.', 4, 4, '2026-04-05 16:33:27', '2026-04-05 16:34:00', NULL),
(44, 'a178e936-454a-40d3-96d8-77a80eae382e', 'Burn Trolley Consumable Set', 'INV-EMR-004', 8, 'Emergency Supplies', 'BCINV000044', 'EMR-004', 'set', NULL, '8.00', '4.00', '30.00', '40.00', '0.00', '0.00', '0.00', '0.00', '0.00', 1, 7, 'Emergency Reserve Cage', 0, 0, 1, 1, 1, 'Burn Trolley Consumable Set configured for burn center inventory control.', 4, 4, '2026-04-05 16:33:27', '2026-04-05 16:34:00', NULL);

-- --------------------------------------------------------
-- Table: `inventory_transactions`
-- --------------------------------------------------------
DROP TABLE IF EXISTS `inventory_transactions`;
CREATE TABLE `inventory_transactions` (
  `id` bigint(20) unsigned NOT NULL AUTO_INCREMENT,
  `inventory_item_id` bigint(20) unsigned NOT NULL,
  `inventory_batch_id` bigint(20) unsigned DEFAULT NULL,
  `transaction_type` varchar(40) NOT NULL DEFAULT 'received',
  `quantity` decimal(14,2) NOT NULL,
  `unit_of_measure` varchar(25) NOT NULL,
  `before_quantity` decimal(14,2) NOT NULL,
  `after_quantity` decimal(14,2) NOT NULL,
  `before_batch_quantity` decimal(14,2) DEFAULT NULL,
  `after_batch_quantity` decimal(14,2) DEFAULT NULL,
  `from_location_id` bigint(20) unsigned DEFAULT NULL,
  `to_location_id` bigint(20) unsigned DEFAULT NULL,
  `from_department_id` bigint(20) unsigned DEFAULT NULL,
  `to_department_id` bigint(20) unsigned DEFAULT NULL,
  `issued_to_user_id` bigint(20) unsigned DEFAULT NULL,
  `received_from_user_id` bigint(20) unsigned DEFAULT NULL,
  `reference_type` varchar(255) DEFAULT NULL,
  `reference_id` bigint(20) unsigned DEFAULT NULL,
  `reference_number` varchar(60) DEFAULT NULL,
  `transaction_datetime` timestamp NOT NULL DEFAULT current_timestamp() ON UPDATE current_timestamp(),
  `remarks` text DEFAULT NULL,
  `performed_by` bigint(20) unsigned NOT NULL,
  `created_at` timestamp NULL DEFAULT NULL,
  `updated_at` timestamp NULL DEFAULT NULL,
  PRIMARY KEY (`id`),
  KEY `inventory_transactions_inventory_batch_id_foreign` (`inventory_batch_id`),
  KEY `inventory_transactions_from_location_id_foreign` (`from_location_id`),
  KEY `inventory_transactions_to_location_id_foreign` (`to_location_id`),
  KEY `inventory_transactions_from_department_id_foreign` (`from_department_id`),
  KEY `inventory_transactions_to_department_id_foreign` (`to_department_id`),
  KEY `inventory_transactions_issued_to_user_id_foreign` (`issued_to_user_id`),
  KEY `inventory_transactions_received_from_user_id_foreign` (`received_from_user_id`),
  KEY `inventory_transactions_performed_by_foreign` (`performed_by`),
  KEY `inventory_transactions_inventory_item_id_transaction_type_index` (`inventory_item_id`,`transaction_type`),
  KEY `inventory_transactions_transaction_type_index` (`transaction_type`),
  KEY `inventory_transactions_reference_number_index` (`reference_number`),
  KEY `inventory_transactions_transaction_datetime_index` (`transaction_datetime`),
  CONSTRAINT `inventory_transactions_from_department_id_foreign` FOREIGN KEY (`from_department_id`) REFERENCES `departments` (`id`) ON DELETE SET NULL,
  CONSTRAINT `inventory_transactions_from_location_id_foreign` FOREIGN KEY (`from_location_id`) REFERENCES `locations` (`id`) ON DELETE SET NULL,
  CONSTRAINT `inventory_transactions_inventory_batch_id_foreign` FOREIGN KEY (`inventory_batch_id`) REFERENCES `inventory_batches` (`id`) ON DELETE SET NULL,
  CONSTRAINT `inventory_transactions_inventory_item_id_foreign` FOREIGN KEY (`inventory_item_id`) REFERENCES `inventory_items` (`id`) ON DELETE CASCADE,
  CONSTRAINT `inventory_transactions_issued_to_user_id_foreign` FOREIGN KEY (`issued_to_user_id`) REFERENCES `users` (`id`) ON DELETE SET NULL,
  CONSTRAINT `inventory_transactions_performed_by_foreign` FOREIGN KEY (`performed_by`) REFERENCES `users` (`id`) ON DELETE CASCADE,
  CONSTRAINT `inventory_transactions_received_from_user_id_foreign` FOREIGN KEY (`received_from_user_id`) REFERENCES `users` (`id`) ON DELETE SET NULL,
  CONSTRAINT `inventory_transactions_to_department_id_foreign` FOREIGN KEY (`to_department_id`) REFERENCES `departments` (`id`) ON DELETE SET NULL,
  CONSTRAINT `inventory_transactions_to_location_id_foreign` FOREIGN KEY (`to_location_id`) REFERENCES `locations` (`id`) ON DELETE SET NULL
) ENGINE=InnoDB AUTO_INCREMENT=83 DEFAULT CHARSET=utf8mb4 COLLATE=utf8mb4_unicode_ci;
INSERT INTO `inventory_transactions` (`id`, `inventory_item_id`, `inventory_batch_id`, `transaction_type`, `quantity`, `unit_of_measure`, `before_quantity`, `after_quantity`, `before_batch_quantity`, `after_batch_quantity`, `from_location_id`, `to_location_id`, `from_department_id`, `to_department_id`, `issued_to_user_id`, `received_from_user_id`, `reference_type`, `reference_id`, `reference_number`, `transaction_datetime`, `remarks`, `performed_by`, `created_at`, `updated_at`) VALUES
(1, 1, 1, 'received', '90.00', 'pack', '0.00', '90.00', '0.00', '90.00', NULL, 5, NULL, 4, NULL, NULL, 'App\\Models\\StockReceipt', 1, 'RCV-20260308-0001', '2026-03-08 00:00:00', 'Seeded for realistic burn center stock control.', 4, '2026-04-05 16:33:36', '2026-04-05 16:33:36'),
(2, 2, 2, 'received', '35.00', 'pack', '0.00', '35.00', '0.00', '35.00', NULL, 5, NULL, 4, NULL, NULL, 'App\\Models\\StockReceipt', 1, 'RCV-20260308-0001', '2026-03-08 00:00:00', 'Seeded for realistic burn center stock control.', 4, '2026-04-05 16:33:39', '2026-04-05 16:33:39'),
(3, 3, 3, 'received', '35.00', 'sheet', '0.00', '35.00', '0.00', '35.00', NULL, 5, NULL, 4, NULL, NULL, 'App\\Models\\StockReceipt', 1, 'RCV-20260308-0001', '2026-03-08 00:00:00', 'Seeded for realistic burn center stock control.', 4, '2026-04-05 16:33:41', '2026-04-05 16:33:41'),
(4, 4, 4, 'received', '35.00', 'pack', '0.00', '35.00', '0.00', '35.00', NULL, 5, NULL, 4, NULL, NULL, 'App\\Models\\StockReceipt', 1, 'RCV-20260308-0001', '2026-03-08 00:00:00', 'Seeded for realistic burn center stock control.', 4, '2026-04-05 16:33:41', '2026-04-05 16:33:41'),
(5, 5, 5, 'received', '35.00', 'pack', '0.00', '35.00', '0.00', '35.00', NULL, 5, NULL, 4, NULL, NULL, 'App\\Models\\StockReceipt', 1, 'RCV-20260308-0001', '2026-03-08 00:00:00', 'Seeded for realistic burn center stock control.', 4, '2026-04-05 16:33:42', '2026-04-05 16:33:42'),
(6, 6, 6, 'received', '35.00', 'pack', '0.00', '35.00', '0.00', '35.00', NULL, 5, NULL, 4, NULL, NULL, 'App\\Models\\StockReceipt', 1, 'RCV-20260308-0001', '2026-03-08 00:00:00', 'Seeded for realistic burn center stock control.', 4, '2026-04-05 16:33:42', '2026-04-05 16:33:42'),
(7, 7, 7, 'received', '40.00', 'pack', '0.00', '40.00', '0.00', '40.00', NULL, 5, NULL, 4, NULL, NULL, 'App\\Models\\StockReceipt', 1, 'RCV-20260308-0001', '2026-03-08 00:00:00', 'Seeded for realistic burn center stock control.', 4, '2026-04-05 16:33:42', '2026-04-05 16:33:42'),
(8, 8, 8, 'received', '70.00', 'roll', '0.00', '70.00', '0.00', '70.00', NULL, 5, NULL, 4, NULL, NULL, 'App\\Models\\StockReceipt', 1, 'RCV-20260308-0001', '2026-03-08 00:00:00', 'Seeded for realistic burn center stock control.', 4, '2026-04-05 16:33:43', '2026-04-05 16:33:43'),
(9, 9, 9, 'received', '70.00', 'roll', '0.00', '70.00', '0.00', '70.00', NULL, 5, NULL, 4, NULL, NULL, 'App\\Models\\StockReceipt', 1, 'RCV-20260308-0001', '2026-03-08 00:00:00', 'Seeded for realistic burn center stock control.', 4, '2026-04-05 16:33:43', '2026-04-05 16:33:43'),
(10, 10, 10, 'received', '70.00', 'pack', '0.00', '70.00', '0.00', '70.00', NULL, 5, NULL, 4, NULL, NULL, 'App\\Models\\StockReceipt', 1, 'RCV-20260308-0001', '2026-03-08 00:00:00', 'Seeded for realistic burn center stock control.', 4, '2026-04-05 16:33:44', '2026-04-05 16:33:44'),
(11, 11, 11, 'received', '40.00', 'kit', '0.00', '40.00', '0.00', '40.00', NULL, 5, NULL, 4, NULL, NULL, 'App\\Models\\StockReceipt', 2, 'RCV-20260308-0002', '2026-03-08 00:00:00', 'Seeded for realistic burn center stock control.', 4, '2026-04-05 16:33:44', '2026-04-05 16:33:44'),
(12, 12, 12, 'received', '40.00', 'set', '0.00', '40.00', '0.00', '40.00', NULL, 5, NULL, 4, NULL, NULL, 'App\\Models\\StockReceipt', 2, 'RCV-20260308-0002', '2026-03-08 00:00:00', 'Seeded for realistic burn center stock control.', 4, '2026-04-05 16:33:45', '2026-04-05 16:33:45'),
(13, 13, 13, 'received', '70.00', 'box', '0.00', '70.00', '0.00', '70.00', NULL, 5, NULL, 4, NULL, NULL, 'App\\Models\\StockReceipt', 2, 'RCV-20260308-0002', '2026-03-08 00:00:00', 'Seeded for realistic burn center stock control.', 4, '2026-04-05 16:33:45', '2026-04-05 16:33:45'),
(14, 14, 14, 'received', '70.00', 'box', '0.00', '70.00', '0.00', '70.00', NULL, 5, NULL, 4, NULL, NULL, 'App\\Models\\StockReceipt', 2, 'RCV-20260308-0002', '2026-03-08 00:00:00', 'Seeded for realistic burn center stock control.', 4, '2026-04-05 16:33:45', '2026-04-05 16:33:45'),
(15, 15, 15, 'received', '140.00', 'box', '0.00', '140.00', '0.00', '140.00', NULL, 5, NULL, 4, NULL, NULL, 'App\\Models\\StockReceipt', 2, 'RCV-20260308-0002', '2026-03-08 00:00:00', 'Seeded for realistic burn center stock control.', 4, '2026-04-05 16:33:46', '2026-04-05 16:33:46'),
(16, 16, 16, 'received', '140.00', 'box', '0.00', '140.00', '0.00', '140.00', NULL, 5, NULL, 4, NULL, NULL, 'App\\Models\\StockReceipt', 2, 'RCV-20260308-0002', '2026-03-08 00:00:00', 'Seeded for realistic burn center stock control.', 4, '2026-04-05 16:33:47', '2026-04-05 16:33:47'),
(17, 17, 17, 'received', '70.00', 'box', '0.00', '70.00', '0.00', '70.00', NULL, 5, NULL, 4, NULL, NULL, 'App\\Models\\StockReceipt', 2, 'RCV-20260308-0002', '2026-03-08 00:00:00', 'Seeded for realistic burn center stock control.', 4, '2026-04-05 16:33:47', '2026-04-05 16:33:47'),
(18, 18, 18, 'received', '40.00', 'set', '0.00', '40.00', '0.00', '40.00', NULL, 5, NULL, 4, NULL, NULL, 'App\\Models\\StockReceipt', 2, 'RCV-20260308-0002', '2026-03-08 00:00:00', 'Seeded for realistic burn center stock control.', 4, '2026-04-05 16:33:50', '2026-04-05 16:33:50'),
(19, 19, 19, 'received', '120.00', 'bag', '0.00', '120.00', '0.00', '120.00', NULL, 5, NULL, 4, NULL, NULL, 'App\\Models\\StockReceipt', 2, 'RCV-20260308-0002', '2026-03-08 00:00:00', 'Seeded for realistic burn center stock control.', 4, '2026-04-05 16:33:50', '2026-04-05 16:33:50'),
(20, 20, 20, 'received', '120.00', 'bag', '0.00', '120.00', '0.00', '120.00', NULL, 5, NULL, 4, NULL, NULL, 'App\\Models\\StockReceipt', 2, 'RCV-20260308-0002', '2026-03-08 00:00:00', 'Seeded for realistic burn center stock control.', 4, '2026-04-05 16:33:51', '2026-04-05 16:33:51'),
(21, 21, 21, 'received', '180.00', 'box', '0.00', '180.00', '0.00', '180.00', NULL, 6, NULL, 4, NULL, NULL, 'App\\Models\\StockReceipt', 3, 'RCV-20260308-0003', '2026-03-08 00:00:00', 'Seeded for realistic burn center stock control.', 4, '2026-04-05 16:33:52', '2026-04-05 16:33:52'),
(22, 22, 22, 'received', '180.00', 'box', '0.00', '180.00', '0.00', '180.00', NULL, 6, NULL, 4, NULL, NULL, 'App\\Models\\StockReceipt', 3, 'RCV-20260308-0003', '2026-03-08 00:00:00', 'Seeded for realistic burn center stock control.', 4, '2026-04-05 16:33:52', '2026-04-05 16:33:52'),
(23, 23, 23, 'received', '180.00', 'box', '0.00', '180.00', '0.00', '180.00', NULL, 6, NULL, 4, NULL, NULL, 'App\\Models\\StockReceipt', 3, 'RCV-20260308-0003', '2026-03-08 00:00:00', 'Seeded for realistic burn center stock control.', 4, '2026-04-05 16:33:52', '2026-04-05 16:33:52'),
(24, 24, 24, 'received', '180.00', 'box', '0.00', '180.00', '0.00', '180.00', NULL, 6, NULL, 4, NULL, NULL, 'App\\Models\\StockReceipt', 3, 'RCV-20260308-0003', '2026-03-08 00:00:00', 'Seeded for realistic burn center stock control.', 4, '2026-04-05 16:33:52', '2026-04-05 16:33:52'),
(25, 25, 25, 'received', '70.00', 'unit', '0.00', '70.00', '0.00', '70.00', NULL, 6, NULL, 4, NULL, NULL, 'App\\Models\\StockReceipt', 3, 'RCV-20260308-0003', '2026-03-08 00:00:00', 'Seeded for realistic burn center stock control.', 4, '2026-04-05 16:33:52', '2026-04-05 16:33:52'),
(26, 26, 26, 'received', '70.00', 'pack', '0.00', '70.00', '0.00', '70.00', NULL, 6, NULL, 4, NULL, NULL, 'App\\Models\\StockReceipt', 3, 'RCV-20260308-0003', '2026-03-08 00:00:00', 'Seeded for realistic burn center stock control.', 4, '2026-04-05 16:33:53', '2026-04-05 16:33:53'),
(27, 33, 27, 'received', '70.00', 'pack', '0.00', '70.00', '0.00', '70.00', NULL, 6, NULL, 4, NULL, NULL, 'App\\Models\\StockReceipt', 3, 'RCV-20260308-0003', '2026-03-08 00:00:00', 'Seeded for realistic burn center stock control.', 4, '2026-04-05 16:33:53', '2026-04-05 16:33:53'),
(28, 34, 28, 'received', '70.00', 'pack', '0.00', '70.00', '0.00', '70.00', NULL, 6, NULL, 4, NULL, NULL, 'App\\Models\\StockReceipt', 3, 'RCV-20260308-0003', '2026-03-08 00:00:00', 'Seeded for realistic burn center stock control.', 4, '2026-04-05 16:33:53', '2026-04-05 16:33:53'),
(29, 35, 29, 'received', '70.00', 'pack', '0.00', '70.00', '0.00', '70.00', NULL, 6, NULL, 4, NULL, NULL, 'App\\Models\\StockReceipt', 3, 'RCV-20260308-0003', '2026-03-08 00:00:00', 'Seeded for realistic burn center stock control.', 4, '2026-04-05 16:33:53', '2026-04-05 16:33:53'),
(30, 36, 30, 'received', '70.00', 'pack', '0.00', '70.00', '0.00', '70.00', NULL, 6, NULL, 4, NULL, NULL, 'App\\Models\\StockReceipt', 3, 'RCV-20260308-0003', '2026-03-08 00:00:00', 'Seeded for realistic burn center stock control.', 4, '2026-04-05 16:33:53', '2026-04-05 16:33:53'),
(31, 37, 31, 'received', '70.00', 'can', '0.00', '70.00', '0.00', '70.00', NULL, 6, NULL, 4, NULL, NULL, 'App\\Models\\StockReceipt', 4, 'RCV-20260308-0004', '2026-03-08 00:00:00', 'Seeded for realistic burn center stock control.', 4, '2026-04-05 16:33:55', '2026-04-05 16:33:55'),
(32, 38, 32, 'received', '70.00', 'bottle', '0.00', '70.00', '0.00', '70.00', NULL, 6, NULL, 4, NULL, NULL, 'App\\Models\\StockReceipt', 4, 'RCV-20260308-0004', '2026-03-08 00:00:00', 'Seeded for realistic burn center stock control.', 4, '2026-04-05 16:33:56', '2026-04-05 16:33:56'),
(33, 39, 33, 'received', '70.00', 'roll', '0.00', '70.00', '0.00', '70.00', NULL, 6, NULL, 4, NULL, NULL, 'App\\Models\\StockReceipt', 4, 'RCV-20260308-0004', '2026-03-08 00:00:00', 'Seeded for realistic burn center stock control.', 4, '2026-04-05 16:33:56', '2026-04-05 16:33:56'),
(34, 40, 34, 'received', '40.00', 'pack', '0.00', '40.00', '0.00', '40.00', NULL, 6, NULL, 4, NULL, NULL, 'App\\Models\\StockReceipt', 4, 'RCV-20260308-0004', '2026-03-08 00:00:00', 'Seeded for realistic burn center stock control.', 4, '2026-04-05 16:33:56', '2026-04-05 16:33:56'),
(35, 27, 35, 'received', '35.00', 'jar', '0.00', '35.00', '0.00', '35.00', NULL, 8, NULL, 6, NULL, NULL, 'App\\Models\\StockReceipt', 5, 'RCV-20260308-0005', '2026-03-08 00:00:00', 'Seeded for realistic burn center stock control.', 4, '2026-04-05 16:33:57', '2026-04-05 16:33:57'),
(36, 28, 36, 'received', '35.00', 'tube', '0.00', '35.00', '0.00', '35.00', NULL, 8, NULL, 6, NULL, NULL, 'App\\Models\\StockReceipt', 5, 'RCV-20260308-0005', '2026-03-08 00:00:00', 'Seeded for realistic burn center stock control.', 4, '2026-04-05 16:33:58', '2026-04-05 16:33:58'),
(37, 29, 37, 'received', '120.00', 'bottle', '0.00', '120.00', '0.00', '120.00', NULL, 8, NULL, 6, NULL, NULL, 'App\\Models\\StockReceipt', 5, 'RCV-20260308-0005', '2026-03-08 00:00:00', 'Seeded for realistic burn center stock control.', 4, '2026-04-05 16:33:58', '2026-04-05 16:33:58'),
(38, 30, 38, 'received', '35.00', 'bottle', '0.00', '35.00', '0.00', '35.00', NULL, 8, NULL, 6, NULL, NULL, 'App\\Models\\StockReceipt', 5, 'RCV-20260308-0005', '2026-03-08 00:00:00', 'Seeded for realistic burn center stock control.', 4, '2026-04-05 16:33:58', '2026-04-05 16:33:58'),
(39, 31, 39, 'received', '35.00', 'tube', '0.00', '35.00', '0.00', '35.00', NULL, 8, NULL, 6, NULL, NULL, 'App\\Models\\StockReceipt', 5, 'RCV-20260308-0005', '2026-03-08 00:00:00', 'Seeded for realistic burn center stock control.', 4, '2026-04-05 16:33:58', '2026-04-05 16:33:58'),
(40, 32, 40, 'received', '35.00', 'vial', '0.00', '35.00', '0.00', '35.00', NULL, 8, NULL, 6, NULL, NULL, 'App\\Models\\StockReceipt', 5, 'RCV-20260308-0005', '2026-03-08 00:00:00', 'Seeded for realistic burn center stock control.', 4, '2026-04-05 16:33:58', '2026-04-05 16:33:58'),
(41, 41, 41, 'received', '40.00', 'kit', '0.00', '40.00', '0.00', '40.00', NULL, 7, NULL, 4, NULL, NULL, 'App\\Models\\StockReceipt', 6, 'RCV-20260308-0006', '2026-03-08 00:00:00', 'Seeded for realistic burn center stock control.', 4, '2026-04-05 16:33:59', '2026-04-05 16:33:59'),
(42, 42, 42, 'received', '40.00', 'pack', '0.00', '40.00', '0.00', '40.00', NULL, 7, NULL, 4, NULL, NULL, 'App\\Models\\StockReceipt', 6, 'RCV-20260308-0006', '2026-03-08 00:00:00', 'Seeded for realistic burn center stock control.', 4, '2026-04-05 16:34:00', '2026-04-05 16:34:00'),
(43, 43, 43, 'received', '140.00', 'kit', '0.00', '140.00', '0.00', '140.00', NULL, 7, NULL, 4, NULL, NULL, 'App\\Models\\StockReceipt', 6, 'RCV-20260308-0006', '2026-03-08 00:00:00', 'Seeded for realistic burn center stock control.', 4, '2026-04-05 16:34:00', '2026-04-05 16:34:00'),
(44, 44, 44, 'received', '40.00', 'set', '0.00', '40.00', '0.00', '40.00', NULL, 7, NULL, 4, NULL, NULL, 'App\\Models\\StockReceipt', 6, 'RCV-20260308-0006', '2026-03-08 00:00:00', 'Seeded for realistic burn center stock control.', 4, '2026-04-05 16:34:00', '2026-04-05 16:34:00'),
(45, 2, 45, 'received', '18.00', 'pack', '35.00', '53.00', '0.00', '18.00', NULL, 5, NULL, 4, NULL, NULL, 'App\\Models\\StockReceipt', 7, 'RCV-20260322-0001', '2026-03-22 00:00:00', 'Seeded for realistic burn center stock control.', 4, '2026-04-05 16:34:01', '2026-04-05 16:34:01'),
(46, 3, 46, 'received', '14.00', 'sheet', '35.00', '49.00', '0.00', '14.00', NULL, 5, NULL, 4, NULL, NULL, 'App\\Models\\StockReceipt', 7, 'RCV-20260322-0001', '2026-03-22 00:00:00', 'Seeded for realistic burn center stock control.', 4, '2026-04-05 16:34:02', '2026-04-05 16:34:02'),
(47, 7, 47, 'received', '35.00', 'pack', '40.00', '75.00', '0.00', '35.00', NULL, 5, NULL, 4, NULL, NULL, 'App\\Models\\StockReceipt', 7, 'RCV-20260322-0001', '2026-03-22 00:00:00', 'Seeded for realistic burn center stock control.', 4, '2026-04-05 16:34:02', '2026-04-05 16:34:02'),
(48, 14, 48, 'received', '16.00', 'box', '70.00', '86.00', '0.00', '16.00', NULL, 5, NULL, 4, NULL, NULL, 'App\\Models\\StockReceipt', 7, 'RCV-20260322-0001', '2026-03-22 00:00:00', 'Seeded for realistic burn center stock control.', 4, '2026-04-05 16:34:02', '2026-04-05 16:34:02'),
(49, 15, 49, 'received', '26.00', 'box', '140.00', '166.00', '0.00', '26.00', NULL, 5, NULL, 4, NULL, NULL, 'App\\Models\\StockReceipt', 7, 'RCV-20260322-0001', '2026-03-22 00:00:00', 'Seeded for realistic burn center stock control.', 4, '2026-04-05 16:34:03', '2026-04-05 16:34:03'),
(50, 27, 50, 'received', '12.00', 'jar', '35.00', '47.00', '0.00', '12.00', NULL, 8, NULL, 6, NULL, NULL, 'App\\Models\\StockReceipt', 8, 'RCV-20260322-0002', '2026-03-22 00:00:00', 'Seeded for realistic burn center stock control.', 8, '2026-04-05 16:34:07', '2026-04-05 16:34:07'),
(51, 30, 51, 'received', '8.00', 'bottle', '35.00', '43.00', '0.00', '8.00', NULL, 8, NULL, 6, NULL, NULL, 'App\\Models\\StockReceipt', 8, 'RCV-20260322-0002', '2026-03-22 00:00:00', 'Seeded for realistic burn center stock control.', 8, '2026-04-05 16:34:07', '2026-04-05 16:34:07'),
(52, 1, 1, 'issued', '48.00', 'pack', '90.00', '42.00', '90.00', '42.00', 5, NULL, NULL, 1, NULL, NULL, 'App\\Models\\StockIssue', 1, 'ISS-20260326-0001', '2026-03-26 00:00:00', 'ICU dressing stock', 4, '2026-04-05 16:34:11', '2026-04-05 16:34:11'),
(53, 7, 47, 'issued', '35.00', 'pack', '75.00', '40.00', '35.00', '0.00', 5, NULL, NULL, 1, NULL, NULL, 'App\\Models\\StockIssue', 1, 'ISS-20260326-0001', '2026-03-26 00:00:00', 'ICU gauze stock', 4, '2026-04-05 16:34:13', '2026-04-05 16:34:13'),
(54, 7, 7, 'issued', '35.00', 'pack', '40.00', '5.00', '40.00', '5.00', 5, NULL, NULL, 1, NULL, NULL, 'App\\Models\\StockIssue', 1, 'ISS-20260326-0001', '2026-03-26 00:00:00', 'ICU gauze stock', 4, '2026-04-05 16:34:13', '2026-04-05 16:34:13'),
(55, 14, 48, 'issued', '16.00', 'box', '86.00', '70.00', '16.00', '0.00', 5, NULL, NULL, 1, NULL, NULL, 'App\\Models\\StockIssue', 1, 'ISS-20260326-0001', '2026-03-26 00:00:00', 'Procedure tray replenishment', 4, '2026-04-05 16:34:14', '2026-04-05 16:34:14'),
(56, 14, 14, 'issued', '12.00', 'box', '70.00', '58.00', '70.00', '58.00', 5, NULL, NULL, 1, NULL, NULL, 'App\\Models\\StockIssue', 1, 'ISS-20260326-0001', '2026-03-26 00:00:00', 'Procedure tray replenishment', 4, '2026-04-05 16:34:14', '2026-04-05 16:34:14'),
(57, 15, 49, 'issued', '26.00', 'box', '166.00', '140.00', '26.00', '0.00', 5, NULL, NULL, 1, NULL, NULL, 'App\\Models\\StockIssue', 1, 'ISS-20260326-0001', '2026-03-26 00:00:00', 'Medication round stock', 4, '2026-04-05 16:34:14', '2026-04-05 16:34:14'),
(58, 15, 15, 'issued', '34.00', 'box', '140.00', '106.00', '140.00', '106.00', 5, NULL, NULL, 1, NULL, NULL, 'App\\Models\\StockIssue', 1, 'ISS-20260326-0001', '2026-03-26 00:00:00', 'Medication round stock', 4, '2026-04-05 16:34:14', '2026-04-05 16:34:14'),
(59, 27, 50, 'issued', '12.00', 'jar', '47.00', '35.00', '12.00', '0.00', 8, NULL, NULL, 1, NULL, NULL, 'App\\Models\\StockIssue', 1, 'ISS-20260326-0001', '2026-03-26 00:00:00', 'Topical medication issue', 4, '2026-04-05 16:34:14', '2026-04-05 16:34:14'),
(60, 27, 35, 'issued', '4.00', 'jar', '35.00', '31.00', '35.00', '31.00', 8, NULL, NULL, 1, NULL, NULL, 'App\\Models\\StockIssue', 1, 'ISS-20260326-0001', '2026-03-26 00:00:00', 'Topical medication issue', 4, '2026-04-05 16:34:14', '2026-04-05 16:34:14'),
(61, 2, 45, 'issued', '18.00', 'pack', '53.00', '35.00', '18.00', '0.00', 5, 3, NULL, 2, NULL, NULL, 'App\\Models\\StockIssue', 2, 'ISS-20260329-0001', '2026-03-29 00:00:00', 'Ward stock top-up.', 4, '2026-04-05 16:34:15', '2026-04-05 16:34:15'),
(62, 2, 2, 'issued', '2.00', 'pack', '35.00', '33.00', '35.00', '33.00', 5, 3, NULL, 2, NULL, NULL, 'App\\Models\\StockIssue', 2, 'ISS-20260329-0001', '2026-03-29 00:00:00', 'Ward stock top-up.', 4, '2026-04-05 16:34:16', '2026-04-05 16:34:16'),
(63, 3, 46, 'issued', '12.00', 'sheet', '49.00', '37.00', '14.00', '2.00', 5, 3, NULL, 2, NULL, NULL, 'App\\Models\\StockIssue', 2, 'ISS-20260329-0001', '2026-03-29 00:00:00', 'Ward stock top-up.', 4, '2026-04-05 16:34:17', '2026-04-05 16:34:17'),
(64, 8, 8, 'issued', '30.00', 'roll', '70.00', '40.00', '70.00', '40.00', 5, 3, NULL, 2, NULL, NULL, 'App\\Models\\StockIssue', 2, 'ISS-20260329-0001', '2026-03-29 00:00:00', 'Ward stock top-up.', 4, '2026-04-05 16:34:17', '2026-04-05 16:34:17'),
(65, 21, 21, 'issued', '80.00', 'box', '180.00', '100.00', '180.00', '100.00', 6, 3, NULL, 2, NULL, NULL, 'App\\Models\\StockIssue', 2, 'ISS-20260329-0001', '2026-03-29 00:00:00', 'Ward stock top-up.', 4, '2026-04-05 16:34:17', '2026-04-05 16:34:17'),
(66, 23, 23, 'issued', '50.00', 'box', '180.00', '130.00', '180.00', '130.00', 6, 3, NULL, 2, NULL, NULL, 'App\\Models\\StockIssue', 2, 'ISS-20260329-0001', '2026-03-29 00:00:00', 'Ward stock top-up.', 4, '2026-04-05 16:34:18', '2026-04-05 16:34:18'),
(67, 33, 27, 'issued', '22.00', 'pack', '70.00', '48.00', '70.00', '48.00', 6, 3, NULL, 2, NULL, NULL, 'App\\Models\\StockIssue', 2, 'ISS-20260329-0001', '2026-03-29 00:00:00', 'Ward stock top-up.', 4, '2026-04-05 16:34:18', '2026-04-05 16:34:18'),
(68, 18, 18, 'issued', '6.00', 'set', '40.00', '34.00', '40.00', '34.00', 5, NULL, NULL, 3, 7, NULL, 'App\\Models\\StockIssue', 3, 'ISS-20260331-0001', '2026-03-31 00:00:00', 'Procedure room rapid issue.', 6, '2026-04-05 16:34:19', '2026-04-05 16:34:19'),
(69, 19, 19, 'issued', '24.00', 'bag', '120.00', '96.00', '120.00', '96.00', 5, NULL, NULL, 3, 7, NULL, 'App\\Models\\StockIssue', 3, 'ISS-20260331-0001', '2026-03-31 00:00:00', 'Procedure room rapid issue.', 6, '2026-04-05 16:34:19', '2026-04-05 16:34:19'),
(70, 32, 40, 'issued', '14.00', 'vial', '35.00', '21.00', '35.00', '21.00', 8, NULL, NULL, 3, 7, NULL, 'App\\Models\\StockIssue', 3, 'ISS-20260331-0001', '2026-03-31 00:00:00', 'Procedure room rapid issue.', 6, '2026-04-05 16:34:19', '2026-04-05 16:34:19'),
(71, 7, 47, 'returned', '8.00', 'pack', '5.00', '13.00', '0.00', '8.00', NULL, 5, NULL, 1, NULL, 6, 'App\\Models\\StockReturn', 1, 'RET-20260402-0001', '2026-04-02 00:00:00', 'Unused sterile stock', 4, '2026-04-05 16:34:21', '2026-04-05 16:34:21'),
(72, 3, 46, 'quarantined', '3.00', 'sheet', '37.00', '40.00', '2.00', '2.00', NULL, 5, NULL, 1, NULL, 6, 'App\\Models\\StockReturn', 1, 'RET-20260402-0001', '2026-04-02 00:00:00', 'Package compromised during dressing round', 4, '2026-04-05 16:34:22', '2026-04-05 16:34:22'),
(73, 1, 1, 'transferred_out', '10.00', 'pack', '42.00', '42.00', '42.00', '32.00', 5, 7, 4, 4, NULL, NULL, 'App\\Models\\StockTransfer', 1, 'TRF-20260403-0001', '2026-04-03 00:00:00', 'Emergency reserve refresh.', 4, '2026-04-05 16:34:26', '2026-04-05 16:34:26'),
(74, 1, 52, 'transferred_in', '10.00', 'pack', '42.00', '42.00', '0.00', '10.00', 5, 7, 4, 4, NULL, NULL, 'App\\Models\\StockTransfer', 1, 'TRF-20260403-0001', '2026-04-03 00:00:00', 'Emergency reserve refresh.', 4, '2026-04-05 16:34:26', '2026-04-05 16:34:26'),
(75, 7, 47, 'transferred_out', '6.00', 'pack', '13.00', '13.00', '8.00', '2.00', 5, 7, 4, 4, NULL, NULL, 'App\\Models\\StockTransfer', 1, 'TRF-20260403-0001', '2026-04-03 00:00:00', 'Emergency reserve refresh.', 4, '2026-04-05 16:34:28', '2026-04-05 16:34:28'),
(76, 7, 53, 'transferred_in', '6.00', 'pack', '13.00', '13.00', '0.00', '6.00', 5, 7, 4, 4, NULL, NULL, 'App\\Models\\StockTransfer', 1, 'TRF-20260403-0001', '2026-04-03 00:00:00', 'Emergency reserve refresh.', 4, '2026-04-05 16:34:28', '2026-04-05 16:34:28'),
(77, 3, 46, 'quarantined', '2.00', 'sheet', '40.00', '40.00', '2.00', '0.00', NULL, 5, NULL, 4, NULL, NULL, 'App\\Models\\StockAdjustment', 1, 'ADJ-20260404-0001', '2026-04-04 00:00:00', 'Hydrogel sheets isolated pending review.', 4, '2026-04-05 16:34:36', '2026-04-05 16:34:36'),
(78, 33, 27, 'damaged', '6.00', 'pack', '48.00', '48.00', '48.00', '42.00', NULL, 6, NULL, 4, NULL, NULL, 'App\\Models\\StockAdjustment', 2, 'ADJ-20260404-0002', '2026-04-04 00:00:00', 'Damaged stock segregated.', 4, '2026-04-05 16:34:36', '2026-04-05 16:34:36'),
(79, 30, 51, 'expired', '8.00', 'bottle', '43.00', '43.00', '8.00', '0.00', NULL, 8, NULL, 6, NULL, NULL, 'App\\Models\\StockAdjustment', 3, 'ADJ-20260405-0001', '2026-04-05 00:00:00', 'Expired chlorhexidine moved out of usable stock.', 8, '2026-04-05 16:34:37', '2026-04-05 16:34:37'),
(80, 3, 46, 'released_from_quarantine', '1.00', 'sheet', '40.00', '40.00', '0.00', '1.00', NULL, 5, NULL, 4, NULL, NULL, 'App\\Models\\StockAdjustment', 4, 'ADJ-20260405-0002', '2026-04-05 00:00:00', 'Safe remainder released to usable stock.', 4, '2026-04-05 16:34:40', '2026-04-05 16:34:40'),
(81, 22, 22, 'adjusted_out', '5.00', 'box', '180.00', '175.00', '180.00', '175.00', NULL, 6, NULL, 4, NULL, NULL, 'App\\Models\\StockAdjustment', 5, 'ADJ-20260405-0003', '2026-04-05 00:00:00', 'Mask count aligned to physical stock.', 4, '2026-04-05 16:34:40', '2026-04-05 16:34:40'),
(82, 1, 54, 'received', '36.00', 'pack', '42.00', '78.00', '0.00', '36.00', NULL, 5, NULL, 4, NULL, NULL, 'App\\Models\\GoodsReceipt', 1, 'GRN-20260330-0001', '2026-03-30 00:00:00', 'Procurement receipt processed via GRN.', 4, '2026-04-05 16:35:23', '2026-04-05 16:35:23');

-- --------------------------------------------------------
-- Table: `job_batches`
-- --------------------------------------------------------
DROP TABLE IF EXISTS `job_batches`;
CREATE TABLE `job_batches` (
  `id` varchar(255) NOT NULL,
  `name` varchar(255) NOT NULL,
  `total_jobs` int(11) NOT NULL,
  `pending_jobs` int(11) NOT NULL,
  `failed_jobs` int(11) NOT NULL,
  `failed_job_ids` longtext NOT NULL,
  `options` mediumtext DEFAULT NULL,
  `cancelled_at` int(11) DEFAULT NULL,
  `created_at` int(11) NOT NULL,
  `finished_at` int(11) DEFAULT NULL,
  PRIMARY KEY (`id`)
) ENGINE=InnoDB DEFAULT CHARSET=utf8mb4 COLLATE=utf8mb4_unicode_ci;

-- --------------------------------------------------------
-- Table: `jobs`
-- --------------------------------------------------------
DROP TABLE IF EXISTS `jobs`;
CREATE TABLE `jobs` (
  `id` bigint(20) unsigned NOT NULL AUTO_INCREMENT,
  `queue` varchar(255) NOT NULL,
  `payload` longtext NOT NULL,
  `attempts` tinyint(3) unsigned NOT NULL,
  `reserved_at` int(10) unsigned DEFAULT NULL,
  `available_at` int(10) unsigned NOT NULL,
  `created_at` int(10) unsigned NOT NULL,
  PRIMARY KEY (`id`),
  KEY `jobs_queue_index` (`queue`)
) ENGINE=InnoDB DEFAULT CHARSET=utf8mb4 COLLATE=utf8mb4_unicode_ci;

-- --------------------------------------------------------
-- Table: `locations`
-- --------------------------------------------------------
DROP TABLE IF EXISTS `locations`;
CREATE TABLE `locations` (
  `id` bigint(20) unsigned NOT NULL AUTO_INCREMENT,
  `department_id` bigint(20) unsigned NOT NULL,
  `parent_id` bigint(20) unsigned DEFAULT NULL,
  `name` varchar(255) NOT NULL,
  `code` varchar(30) NOT NULL,
  `building` varchar(100) DEFAULT NULL,
  `floor` varchar(50) DEFAULT NULL,
  `room` varchar(50) DEFAULT NULL,
  `storage_type` varchar(40) NOT NULL DEFAULT 'general',
  `description` text DEFAULT NULL,
  `barcode` varchar(80) DEFAULT NULL,
  `is_active` tinyint(1) NOT NULL DEFAULT 1,
  `is_isolation` tinyint(1) NOT NULL DEFAULT 0,
  `is_emergency_reserve` tinyint(1) NOT NULL DEFAULT 0,
  `is_sterile_storage` tinyint(1) NOT NULL DEFAULT 0,
  `created_at` timestamp NULL DEFAULT NULL,
  `updated_at` timestamp NULL DEFAULT NULL,
  `deleted_at` timestamp NULL DEFAULT NULL,
  PRIMARY KEY (`id`),
  UNIQUE KEY `locations_code_unique` (`code`),
  UNIQUE KEY `locations_barcode_unique` (`barcode`),
  KEY `locations_department_id_foreign` (`department_id`),
  KEY `locations_parent_id_foreign` (`parent_id`),
  KEY `locations_storage_type_index` (`storage_type`),
  KEY `locations_is_active_index` (`is_active`),
  KEY `locations_is_isolation_index` (`is_isolation`),
  KEY `locations_is_emergency_reserve_index` (`is_emergency_reserve`),
  KEY `locations_is_sterile_storage_index` (`is_sterile_storage`),
  CONSTRAINT `locations_department_id_foreign` FOREIGN KEY (`department_id`) REFERENCES `departments` (`id`) ON DELETE CASCADE,
  CONSTRAINT `locations_parent_id_foreign` FOREIGN KEY (`parent_id`) REFERENCES `locations` (`id`) ON DELETE SET NULL
) ENGINE=InnoDB AUTO_INCREMENT=10 DEFAULT CHARSET=utf8mb4 COLLATE=utf8mb4_unicode_ci;
INSERT INTO `locations` (`id`, `department_id`, `parent_id`, `name`, `code`, `building`, `floor`, `room`, `storage_type`, `description`, `barcode`, `is_active`, `is_isolation`, `is_emergency_reserve`, `is_sterile_storage`, `created_at`, `updated_at`, `deleted_at`) VALUES
(1, 1, NULL, 'ICU Bay 1', 'LOC-BICU-01', 'Burn Center', 'Level 2', NULL, 'general', 'ICU Bay 1 mapped for burn center operations.', 'LOC-BICU-01', 1, 0, 0, 0, '2026-04-05 16:29:12', '2026-04-05 16:29:12', NULL),
(2, 1, NULL, 'ICU Bay 2', 'LOC-BICU-02', 'Burn Center', 'Level 2', NULL, 'isolation', 'ICU Bay 2 mapped for burn center operations.', 'LOC-BICU-02', 1, 1, 0, 0, '2026-04-05 16:29:15', '2026-04-05 16:29:15', NULL),
(3, 2, NULL, 'Ward Store', 'LOC-BWRD-01', 'Burn Center', 'Level 2', NULL, 'general', 'Ward Store mapped for burn center operations.', 'LOC-BWRD-01', 1, 0, 0, 0, '2026-04-05 16:29:15', '2026-04-05 16:29:15', NULL),
(4, 3, NULL, 'Procedure Room', 'LOC-BDRU-01', 'Burn Center', 'Level 2', NULL, 'sterile', 'Procedure Room mapped for burn center operations.', 'LOC-BDRU-01', 1, 0, 0, 1, '2026-04-05 16:29:16', '2026-04-05 16:29:16', NULL),
(5, 4, NULL, 'Sterile Store', 'LOC-CBST-01', 'Burn Center', 'Level 2', NULL, 'sterile', 'Sterile Store mapped for burn center operations.', 'LOC-CBST-01', 1, 0, 0, 1, '2026-04-05 16:29:17', '2026-04-05 16:29:17', NULL),
(6, 4, NULL, 'Non-Sterile Store', 'LOC-CBST-02', 'Burn Center', 'Level 2', NULL, 'non_sterile', 'Non-Sterile Store mapped for burn center operations.', 'LOC-CBST-02', 1, 0, 0, 0, '2026-04-05 16:29:19', '2026-04-05 16:29:19', NULL),
(7, 4, NULL, 'Emergency Reserve Cage', 'LOC-CBST-03', 'Burn Center', 'Level 2', NULL, 'emergency_reserve', 'Emergency Reserve Cage mapped for burn center operations.', 'LOC-CBST-03', 1, 0, 1, 0, '2026-04-05 16:29:20', '2026-04-05 16:29:20', NULL),
(8, 6, NULL, 'Cold Chain Cabinet', 'LOC-BPH-01', 'Burn Center', 'Level 2', NULL, 'general', 'Cold Chain Cabinet mapped for burn center operations.', 'LOC-BPH-01', 1, 0, 0, 0, '2026-04-05 16:29:21', '2026-04-05 16:29:21', NULL),
(9, 5, NULL, 'Workshop Bench', 'LOC-BME-01', 'Burn Center', 'Level 2', NULL, 'general', 'Workshop Bench mapped for burn center operations.', 'LOC-BME-01', 1, 0, 0, 0, '2026-04-05 16:29:23', '2026-04-05 16:29:23', NULL);

-- --------------------------------------------------------
-- Table: `migrations`
-- --------------------------------------------------------
DROP TABLE IF EXISTS `migrations`;
CREATE TABLE `migrations` (
  `id` int(10) unsigned NOT NULL AUTO_INCREMENT,
  `migration` varchar(255) NOT NULL,
  `batch` int(11) NOT NULL,
  PRIMARY KEY (`id`)
) ENGINE=InnoDB AUTO_INCREMENT=18 DEFAULT CHARSET=utf8mb4 COLLATE=utf8mb4_unicode_ci;
INSERT INTO `migrations` (`id`, `migration`, `batch`) VALUES
(1, '0001_01_01_000000_create_users_table', 1),
(2, '0001_01_01_000001_create_cache_table', 1),
(3, '0001_01_01_000002_create_jobs_table', 1),
(4, '2026_04_01_165710_create_activity_log_table', 1),
(5, '2026_04_01_165710_create_permission_tables', 1),
(6, '2026_04_01_165711_add_event_column_to_activity_log_table', 1),
(7, '2026_04_01_165712_add_batch_uuid_column_to_activity_log_table', 1),
(8, '2026_04_01_165721_create_notifications_table', 1),
(9, '2026_04_01_170000_create_departments_table', 1),
(10, '2026_04_01_170100_create_locations_table', 1),
(11, '2026_04_01_170200_enhance_users_table_for_hospital_operations', 1),
(12, '2026_04_01_170300_create_settings_table', 1),
(13, '2026_04_01_170400_create_suppliers_table', 1),
(14, '2026_04_01_170500_create_asset_management_tables', 1),
(15, '2026_04_01_170600_create_inventory_management_tables', 1),
(16, '2026_04_01_170700_create_procurement_management_tables', 1),
(17, '2026_04_01_230800_create_asset_status_logs_table', 1);

-- --------------------------------------------------------
-- Table: `model_has_permissions`
-- --------------------------------------------------------
DROP TABLE IF EXISTS `model_has_permissions`;
CREATE TABLE `model_has_permissions` (
  `permission_id` bigint(20) unsigned NOT NULL,
  `model_type` varchar(255) NOT NULL,
  `model_id` bigint(20) unsigned NOT NULL,
  PRIMARY KEY (`permission_id`,`model_id`,`model_type`),
  KEY `model_has_permissions_model_id_model_type_index` (`model_id`,`model_type`),
  CONSTRAINT `model_has_permissions_permission_id_foreign` FOREIGN KEY (`permission_id`) REFERENCES `permissions` (`id`) ON DELETE CASCADE
) ENGINE=InnoDB DEFAULT CHARSET=utf8mb4 COLLATE=utf8mb4_unicode_ci;

-- --------------------------------------------------------
-- Table: `model_has_roles`
-- --------------------------------------------------------
DROP TABLE IF EXISTS `model_has_roles`;
CREATE TABLE `model_has_roles` (
  `role_id` bigint(20) unsigned NOT NULL,
  `model_type` varchar(255) NOT NULL,
  `model_id` bigint(20) unsigned NOT NULL,
  PRIMARY KEY (`role_id`,`model_id`,`model_type`),
  KEY `model_has_roles_model_id_model_type_index` (`model_id`,`model_type`),
  CONSTRAINT `model_has_roles_role_id_foreign` FOREIGN KEY (`role_id`) REFERENCES `roles` (`id`) ON DELETE CASCADE
) ENGINE=InnoDB DEFAULT CHARSET=utf8mb4 COLLATE=utf8mb4_unicode_ci;
INSERT INTO `model_has_roles` (`role_id`, `model_type`, `model_id`) VALUES
(1, 'App\\Models\\User', 1),
(2, 'App\\Models\\User', 2),
(3, 'App\\Models\\User', 3),
(4, 'App\\Models\\User', 4),
(5, 'App\\Models\\User', 5),
(6, 'App\\Models\\User', 6),
(7, 'App\\Models\\User', 7),
(8, 'App\\Models\\User', 8),
(9, 'App\\Models\\User', 9),
(10, 'App\\Models\\User', 10),
(11, 'App\\Models\\User', 11);

-- --------------------------------------------------------
-- Table: `notifications`
-- --------------------------------------------------------
DROP TABLE IF EXISTS `notifications`;
CREATE TABLE `notifications` (
  `id` char(36) NOT NULL,
  `type` varchar(255) NOT NULL,
  `notifiable_type` varchar(255) NOT NULL,
  `notifiable_id` bigint(20) unsigned NOT NULL,
  `data` text NOT NULL,
  `read_at` timestamp NULL DEFAULT NULL,
  `created_at` timestamp NULL DEFAULT NULL,
  `updated_at` timestamp NULL DEFAULT NULL,
  PRIMARY KEY (`id`),
  KEY `notifications_notifiable_type_notifiable_id_index` (`notifiable_type`,`notifiable_id`)
) ENGINE=InnoDB DEFAULT CHARSET=utf8mb4 COLLATE=utf8mb4_unicode_ci;

-- --------------------------------------------------------
-- Table: `password_reset_tokens`
-- --------------------------------------------------------
DROP TABLE IF EXISTS `password_reset_tokens`;
CREATE TABLE `password_reset_tokens` (
  `email` varchar(255) NOT NULL,
  `token` varchar(255) NOT NULL,
  `created_at` timestamp NULL DEFAULT NULL,
  PRIMARY KEY (`email`)
) ENGINE=InnoDB DEFAULT CHARSET=utf8mb4 COLLATE=utf8mb4_unicode_ci;

-- --------------------------------------------------------
-- Table: `permissions`
-- --------------------------------------------------------
DROP TABLE IF EXISTS `permissions`;
CREATE TABLE `permissions` (
  `id` bigint(20) unsigned NOT NULL AUTO_INCREMENT,
  `name` varchar(255) NOT NULL,
  `guard_name` varchar(255) NOT NULL,
  `created_at` timestamp NULL DEFAULT NULL,
  `updated_at` timestamp NULL DEFAULT NULL,
  PRIMARY KEY (`id`),
  UNIQUE KEY `permissions_name_guard_name_unique` (`name`,`guard_name`)
) ENGINE=InnoDB AUTO_INCREMENT=104 DEFAULT CHARSET=utf8mb4 COLLATE=utf8mb4_unicode_ci;
INSERT INTO `permissions` (`id`, `name`, `guard_name`, `created_at`, `updated_at`) VALUES
(1, 'dashboard.view', 'web', '2026-04-05 16:28:05', '2026-04-05 16:28:05'),
(2, 'users.view', 'web', '2026-04-05 16:28:05', '2026-04-05 16:28:05'),
(3, 'users.create', 'web', '2026-04-05 16:28:06', '2026-04-05 16:28:06'),
(4, 'users.update', 'web', '2026-04-05 16:28:07', '2026-04-05 16:28:07'),
(5, 'users.delete', 'web', '2026-04-05 16:28:07', '2026-04-05 16:28:07'),
(6, 'users.assign-roles', 'web', '2026-04-05 16:28:07', '2026-04-05 16:28:07'),
(7, 'roles.view', 'web', '2026-04-05 16:28:09', '2026-04-05 16:28:09'),
(8, 'roles.create', 'web', '2026-04-05 16:28:10', '2026-04-05 16:28:10'),
(9, 'roles.update', 'web', '2026-04-05 16:28:11', '2026-04-05 16:28:11'),
(10, 'departments.view', 'web', '2026-04-05 16:28:11', '2026-04-05 16:28:11'),
(11, 'departments.create', 'web', '2026-04-05 16:28:12', '2026-04-05 16:28:12'),
(12, 'departments.update', 'web', '2026-04-05 16:28:12', '2026-04-05 16:28:12'),
(13, 'departments.delete', 'web', '2026-04-05 16:28:12', '2026-04-05 16:28:12'),
(14, 'locations.view', 'web', '2026-04-05 16:28:12', '2026-04-05 16:28:12'),
(15, 'locations.create', 'web', '2026-04-05 16:28:13', '2026-04-05 16:28:13'),
(16, 'locations.update', 'web', '2026-04-05 16:28:13', '2026-04-05 16:28:13'),
(17, 'locations.delete', 'web', '2026-04-05 16:28:14', '2026-04-05 16:28:14'),
(18, 'asset-category.view', 'web', '2026-04-05 16:28:14', '2026-04-05 16:28:14'),
(19, 'asset-category.create', 'web', '2026-04-05 16:28:14', '2026-04-05 16:28:14'),
(20, 'asset-category.edit', 'web', '2026-04-05 16:28:15', '2026-04-05 16:28:15'),
(21, 'asset-category.delete', 'web', '2026-04-05 16:28:15', '2026-04-05 16:28:15'),
(22, 'asset.view', 'web', '2026-04-05 16:28:16', '2026-04-05 16:28:16'),
(23, 'asset.create', 'web', '2026-04-05 16:28:16', '2026-04-05 16:28:16'),
(24, 'asset.edit', 'web', '2026-04-05 16:28:16', '2026-04-05 16:28:16'),
(25, 'asset.delete', 'web', '2026-04-05 16:28:17', '2026-04-05 16:28:17'),
(26, 'asset-tag.view', 'web', '2026-04-05 16:28:17', '2026-04-05 16:28:17'),
(27, 'asset-tag.generate', 'web', '2026-04-05 16:28:18', '2026-04-05 16:28:18'),
(28, 'asset-tag.bulk-generate', 'web', '2026-04-05 16:28:19', '2026-04-05 16:28:19'),
(29, 'asset-tag.print', 'web', '2026-04-05 16:28:20', '2026-04-05 16:28:20'),
(30, 'asset-tag.regenerate', 'web', '2026-04-05 16:28:20', '2026-04-05 16:28:20'),
(31, 'asset.scan', 'web', '2026-04-05 16:28:20', '2026-04-05 16:28:20'),
(32, 'asset-issue.view', 'web', '2026-04-05 16:28:21', '2026-04-05 16:28:21'),
(33, 'asset-issue.create', 'web', '2026-04-05 16:28:21', '2026-04-05 16:28:21'),
(34, 'asset-return.view', 'web', '2026-04-05 16:28:21', '2026-04-05 16:28:21'),
(35, 'asset-return.create', 'web', '2026-04-05 16:28:21', '2026-04-05 16:28:21'),
(36, 'asset-transfer.view', 'web', '2026-04-05 16:28:21', '2026-04-05 16:28:21'),
(37, 'asset-transfer.create', 'web', '2026-04-05 16:28:22', '2026-04-05 16:28:22'),
(38, 'asset-history.view', 'web', '2026-04-05 16:28:22', '2026-04-05 16:28:22'),
(39, 'asset-status.change', 'web', '2026-04-05 16:28:22', '2026-04-05 16:28:22'),
(40, 'assets.view', 'web', '2026-04-05 16:28:22', '2026-04-05 16:28:22'),
(41, 'assets.create', 'web', '2026-04-05 16:28:23', '2026-04-05 16:28:23'),
(42, 'assets.update', 'web', '2026-04-05 16:28:23', '2026-04-05 16:28:23'),
(43, 'assets.assign', 'web', '2026-04-05 16:28:23', '2026-04-05 16:28:23'),
(44, 'assets.transfer', 'web', '2026-04-05 16:28:23', '2026-04-05 16:28:23'),
(45, 'assets.return', 'web', '2026-04-05 16:28:24', '2026-04-05 16:28:24'),
(46, 'assets.condemn', 'web', '2026-04-05 16:28:24', '2026-04-05 16:28:24'),
(47, 'asset-labels.generate', 'web', '2026-04-05 16:28:25', '2026-04-05 16:28:25'),
(48, 'asset-labels.print', 'web', '2026-04-05 16:28:25', '2026-04-05 16:28:25'),
(49, 'inventory-category.view', 'web', '2026-04-05 16:28:25', '2026-04-05 16:28:25'),
(50, 'inventory-category.create', 'web', '2026-04-05 16:28:26', '2026-04-05 16:28:26'),
(51, 'inventory-category.edit', 'web', '2026-04-05 16:28:26', '2026-04-05 16:28:26'),
(52, 'inventory-category.delete', 'web', '2026-04-05 16:28:26', '2026-04-05 16:28:26'),
(53, 'inventory-item.view', 'web', '2026-04-05 16:28:27', '2026-04-05 16:28:27'),
(54, 'inventory-item.create', 'web', '2026-04-05 16:28:27', '2026-04-05 16:28:27'),
(55, 'inventory-item.edit', 'web', '2026-04-05 16:28:27', '2026-04-05 16:28:27'),
(56, 'inventory-item.delete', 'web', '2026-04-05 16:28:28', '2026-04-05 16:28:28'),
(57, 'inventory-item.scan', 'web', '2026-04-05 16:28:28', '2026-04-05 16:28:28'),
(58, 'stock-receipt.view', 'web', '2026-04-05 16:28:28', '2026-04-05 16:28:28'),
(59, 'stock-receipt.create', 'web', '2026-04-05 16:28:29', '2026-04-05 16:28:29'),
(60, 'stock-issue.view', 'web', '2026-04-05 16:28:29', '2026-04-05 16:28:29'),
(61, 'stock-issue.create', 'web', '2026-04-05 16:28:30', '2026-04-05 16:28:30'),
(62, 'stock-return.view', 'web', '2026-04-05 16:28:31', '2026-04-05 16:28:31'),
(63, 'stock-return.create', 'web', '2026-04-05 16:28:31', '2026-04-05 16:28:31'),
(64, 'stock-transfer.view', 'web', '2026-04-05 16:28:32', '2026-04-05 16:28:32'),
(65, 'stock-transfer.create', 'web', '2026-04-05 16:28:32', '2026-04-05 16:28:32'),
(66, 'stock-adjustment.view', 'web', '2026-04-05 16:28:32', '2026-04-05 16:28:32'),
(67, 'stock-adjustment.create', 'web', '2026-04-05 16:28:32', '2026-04-05 16:28:32'),
(68, 'stock-adjustment.approve', 'web', '2026-04-05 16:28:33', '2026-04-05 16:28:33'),
(69, 'inventory-ledger.view', 'web', '2026-04-05 16:28:33', '2026-04-05 16:28:33'),
(70, 'stock-quarantine.manage', 'web', '2026-04-05 16:28:33', '2026-04-05 16:28:33'),
(71, 'stock-expiry.manage', 'web', '2026-04-05 16:28:33', '2026-04-05 16:28:33'),
(72, 'stock-damage.manage', 'web', '2026-04-05 16:28:33', '2026-04-05 16:28:33'),
(73, 'supplier.view', 'web', '2026-04-05 16:28:34', '2026-04-05 16:28:34'),
(74, 'supplier.create', 'web', '2026-04-05 16:28:34', '2026-04-05 16:28:34'),
(75, 'supplier.edit', 'web', '2026-04-05 16:28:35', '2026-04-05 16:28:35'),
(76, 'supplier.delete', 'web', '2026-04-05 16:28:35', '2026-04-05 16:28:35'),
(77, 'requisition.view', 'web', '2026-04-05 16:28:35', '2026-04-05 16:28:35'),
(78, 'requisition.create', 'web', '2026-04-05 16:28:36', '2026-04-05 16:28:36'),
(79, 'requisition.edit', 'web', '2026-04-05 16:28:36', '2026-04-05 16:28:36'),
(80, 'requisition.submit', 'web', '2026-04-05 16:28:36', '2026-04-05 16:28:36'),
(81, 'requisition.approve', 'web', '2026-04-05 16:28:37', '2026-04-05 16:28:37'),
(82, 'requisition.reject', 'web', '2026-04-05 16:28:37', '2026-04-05 16:28:37'),
(83, 'requisition.cancel', 'web', '2026-04-05 16:28:37', '2026-04-05 16:28:37'),
(84, 'procurement-approval.view', 'web', '2026-04-05 16:28:37', '2026-04-05 16:28:37'),
(85, 'purchase-order.view', 'web', '2026-04-05 16:28:37', '2026-04-05 16:28:37'),
(86, 'purchase-order.create', 'web', '2026-04-05 16:28:37', '2026-04-05 16:28:37'),
(87, 'purchase-order.edit', 'web', '2026-04-05 16:28:38', '2026-04-05 16:28:38'),
(88, 'purchase-order.issue', 'web', '2026-04-05 16:28:38', '2026-04-05 16:28:38'),
(89, 'purchase-order.cancel', 'web', '2026-04-05 16:28:38', '2026-04-05 16:28:38'),
(90, 'purchase-order.close', 'web', '2026-04-05 16:28:39', '2026-04-05 16:28:39'),
(91, 'goods-receipt.view', 'web', '2026-04-05 16:28:39', '2026-04-05 16:28:39'),
(92, 'goods-receipt.create', 'web', '2026-04-05 16:28:39', '2026-04-05 16:28:39'),
(93, 'goods-receipt.process', 'web', '2026-04-05 16:28:39', '2026-04-05 16:28:39'),
(94, 'maintenance.view', 'web', '2026-04-05 16:28:40', '2026-04-05 16:28:40'),
(95, 'maintenance.manage', 'web', '2026-04-05 16:28:40', '2026-04-05 16:28:40'),
(96, 'maintenance.fit-certify', 'web', '2026-04-05 16:28:41', '2026-04-05 16:28:41'),
(97, 'calibrations.manage', 'web', '2026-04-05 16:28:41', '2026-04-05 16:28:41'),
(98, 'faults.report', 'web', '2026-04-05 16:28:42', '2026-04-05 16:28:42'),
(99, 'reports.view', 'web', '2026-04-05 16:28:42', '2026-04-05 16:28:42'),
(100, 'reports.export', 'web', '2026-04-05 16:28:42', '2026-04-05 16:28:42'),
(101, 'audit-logs.view', 'web', '2026-04-05 16:28:43', '2026-04-05 16:28:43'),
(102, 'settings.view', 'web', '2026-04-05 16:28:44', '2026-04-05 16:28:44'),
(103, 'settings.update', 'web', '2026-04-05 16:28:44', '2026-04-05 16:28:44');

-- --------------------------------------------------------
-- Table: `procurement_approvals`
-- --------------------------------------------------------
DROP TABLE IF EXISTS `procurement_approvals`;
CREATE TABLE `procurement_approvals` (
  `id` bigint(20) unsigned NOT NULL AUTO_INCREMENT,
  `approvable_type` varchar(255) NOT NULL,
  `approvable_id` bigint(20) unsigned NOT NULL,
  `approval_level` smallint(5) unsigned NOT NULL,
  `action` varchar(20) NOT NULL,
  `acted_by` bigint(20) unsigned NOT NULL,
  `acted_at` timestamp NOT NULL DEFAULT current_timestamp() ON UPDATE current_timestamp(),
  `comments` text DEFAULT NULL,
  `created_at` timestamp NULL DEFAULT NULL,
  `updated_at` timestamp NULL DEFAULT NULL,
  PRIMARY KEY (`id`),
  KEY `procurement_approvals_approvable_type_approvable_id_index` (`approvable_type`,`approvable_id`),
  KEY `procurement_approvals_acted_by_foreign` (`acted_by`),
  KEY `procurement_approvals_approval_level_index` (`approval_level`),
  KEY `procurement_approvals_action_index` (`action`),
  KEY `procurement_approvals_acted_at_index` (`acted_at`),
  CONSTRAINT `procurement_approvals_acted_by_foreign` FOREIGN KEY (`acted_by`) REFERENCES `users` (`id`) ON DELETE CASCADE
) ENGINE=InnoDB AUTO_INCREMENT=13 DEFAULT CHARSET=utf8mb4 COLLATE=utf8mb4_unicode_ci;
INSERT INTO `procurement_approvals` (`id`, `approvable_type`, `approvable_id`, `approval_level`, `action`, `acted_by`, `acted_at`, `comments`, `created_at`, `updated_at`) VALUES
(1, 'App\\Models\\PurchaseRequisition', 2, 1, 'submitted', 6, '2026-04-05 16:34:54', 'Need manager review before emergency buffer is consumed.', '2026-04-05 16:34:54', '2026-04-05 16:34:54'),
(2, 'App\\Models\\PurchaseRequisition', 3, 1, 'submitted', 4, '2026-04-05 16:34:58', 'Routine sterile replenishment.', '2026-04-05 16:34:58', '2026-04-05 16:34:58'),
(3, 'App\\Models\\PurchaseRequisition', 3, 1, 'approved', 3, '2026-04-05 16:34:58', 'Manager approval completed.', '2026-04-05 16:34:58', '2026-04-05 16:34:58'),
(4, 'App\\Models\\PurchaseRequisition', 4, 1, 'submitted', 6, '2026-04-05 16:35:06', 'Nice-to-have refresh request.', '2026-04-05 16:35:06', '2026-04-05 16:35:06'),
(5, 'App\\Models\\PurchaseRequisition', 4, 1, 'rejected', 3, '2026-04-05 16:35:07', 'Deferred until clinical demand backlog clears.', '2026-04-05 16:35:07', '2026-04-05 16:35:07'),
(6, 'App\\Models\\PurchaseRequisition', 5, 1, 'submitted', 4, '2026-04-05 16:35:08', 'Monthly wound care replenishment plan.', '2026-04-05 16:35:08', '2026-04-05 16:35:08'),
(7, 'App\\Models\\PurchaseRequisition', 5, 1, 'approved', 3, '2026-04-05 16:35:08', 'Approved for immediate ordering.', '2026-04-05 16:35:08', '2026-04-05 16:35:08'),
(8, 'App\\Models\\PurchaseRequisition', 6, 1, 'submitted', 3, '2026-04-05 16:35:28', 'Critical expansion request for ICU coverage.', '2026-04-05 16:35:28', '2026-04-05 16:35:28'),
(9, 'App\\Models\\PurchaseRequisition', 6, 1, 'approved', 3, '2026-04-05 16:35:29', 'Department head approval completed.', '2026-04-05 16:35:29', '2026-04-05 16:35:29'),
(10, 'App\\Models\\PurchaseRequisition', 6, 2, 'approved', 2, '2026-04-05 16:35:30', 'Approved above threshold for capital spend.', '2026-04-05 16:35:30', '2026-04-05 16:35:30'),
(11, 'App\\Models\\PurchaseRequisition', 7, 1, 'submitted', 4, '2026-04-05 16:35:36', 'Routine PPE replenishment.', '2026-04-05 16:35:36', '2026-04-05 16:35:36'),
(12, 'App\\Models\\PurchaseRequisition', 7, 1, 'approved', 3, '2026-04-05 16:35:36', 'Approved for issue to procurement.', '2026-04-05 16:35:36', '2026-04-05 16:35:36');

-- --------------------------------------------------------
-- Table: `purchase_order_items`
-- --------------------------------------------------------
DROP TABLE IF EXISTS `purchase_order_items`;
CREATE TABLE `purchase_order_items` (
  `id` bigint(20) unsigned NOT NULL AUTO_INCREMENT,
  `purchase_order_id` bigint(20) unsigned NOT NULL,
  `purchase_requisition_item_id` bigint(20) unsigned DEFAULT NULL,
  `item_type` varchar(20) NOT NULL,
  `asset_category_id` bigint(20) unsigned DEFAULT NULL,
  `inventory_item_id` bigint(20) unsigned DEFAULT NULL,
  `item_description` varchar(255) NOT NULL,
  `quantity_ordered` decimal(14,2) NOT NULL,
  `quantity_received` decimal(14,2) NOT NULL DEFAULT 0.00,
  `unit_of_measure` varchar(25) DEFAULT NULL,
  `unit_price` decimal(14,2) DEFAULT NULL,
  `line_total` decimal(14,2) DEFAULT NULL,
  `remarks` text DEFAULT NULL,
  `status` varchar(30) NOT NULL DEFAULT 'pending',
  `created_at` timestamp NULL DEFAULT NULL,
  `updated_at` timestamp NULL DEFAULT NULL,
  PRIMARY KEY (`id`),
  KEY `purchase_order_items_purchase_order_id_foreign` (`purchase_order_id`),
  KEY `purchase_order_items_purchase_requisition_item_id_foreign` (`purchase_requisition_item_id`),
  KEY `purchase_order_items_asset_category_id_foreign` (`asset_category_id`),
  KEY `purchase_order_items_inventory_item_id_foreign` (`inventory_item_id`),
  KEY `purchase_order_items_item_type_index` (`item_type`),
  KEY `purchase_order_items_status_index` (`status`),
  CONSTRAINT `purchase_order_items_asset_category_id_foreign` FOREIGN KEY (`asset_category_id`) REFERENCES `asset_categories` (`id`) ON DELETE SET NULL,
  CONSTRAINT `purchase_order_items_inventory_item_id_foreign` FOREIGN KEY (`inventory_item_id`) REFERENCES `inventory_items` (`id`) ON DELETE SET NULL,
  CONSTRAINT `purchase_order_items_purchase_order_id_foreign` FOREIGN KEY (`purchase_order_id`) REFERENCES `purchase_orders` (`id`) ON DELETE CASCADE,
  CONSTRAINT `purchase_order_items_purchase_requisition_item_id_foreign` FOREIGN KEY (`purchase_requisition_item_id`) REFERENCES `purchase_requisition_items` (`id`) ON DELETE SET NULL
) ENGINE=InnoDB AUTO_INCREMENT=5 DEFAULT CHARSET=utf8mb4 COLLATE=utf8mb4_unicode_ci;
INSERT INTO `purchase_order_items` (`id`, `purchase_order_id`, `purchase_requisition_item_id`, `item_type`, `asset_category_id`, `inventory_item_id`, `item_description`, `quantity_ordered`, `quantity_received`, `unit_of_measure`, `unit_price`, `line_total`, `remarks`, `status`, `created_at`, `updated_at`) VALUES
(1, 1, 5, 'inventory', NULL, 1, 'Silver Sulfadiazine Dressing 10x10', '80.00', '36.00', 'pack', '515.00', '41200.00', NULL, 'partially_received', '2026-04-05 16:35:12', '2026-04-05 16:35:25'),
(2, 2, 6, 'asset', 8, NULL, 'Baxter infusion pump', '2.00', '2.00', 'unit', '645000.00', '1290000.00', NULL, 'fully_received', '2026-04-05 16:35:30', '2026-04-05 16:35:34'),
(3, 3, 7, 'inventory', NULL, 21, 'N95 Mask', '60.00', '0.00', 'box', '1210.00', '72600.00', NULL, 'pending', '2026-04-05 16:35:37', '2026-04-05 16:35:37'),
(4, 4, NULL, 'inventory', NULL, 37, 'Disinfectant Solution 5L', '10.00', '0.00', 'can', '2100.00', '21000.00', NULL, 'pending', '2026-04-05 16:35:44', '2026-04-05 16:35:44');

-- --------------------------------------------------------
-- Table: `purchase_orders`
-- --------------------------------------------------------
DROP TABLE IF EXISTS `purchase_orders`;
CREATE TABLE `purchase_orders` (
  `id` bigint(20) unsigned NOT NULL AUTO_INCREMENT,
  `po_number` varchar(50) NOT NULL,
  `purchase_requisition_id` bigint(20) unsigned DEFAULT NULL,
  `supplier_id` bigint(20) unsigned NOT NULL,
  `po_date` date NOT NULL,
  `expected_delivery_date` date DEFAULT NULL,
  `currency` varchar(10) DEFAULT NULL,
  `subtotal` decimal(14,2) DEFAULT NULL,
  `tax_amount` decimal(14,2) DEFAULT NULL,
  `discount_amount` decimal(14,2) DEFAULT NULL,
  `total_amount` decimal(14,2) DEFAULT NULL,
  `payment_terms` varchar(120) DEFAULT NULL,
  `remarks` text DEFAULT NULL,
  `status` varchar(30) NOT NULL DEFAULT 'draft',
  `approved_at` timestamp NULL DEFAULT NULL,
  `approved_by` bigint(20) unsigned DEFAULT NULL,
  `issued_by` bigint(20) unsigned DEFAULT NULL,
  `issued_at` timestamp NULL DEFAULT NULL,
  `created_by` bigint(20) unsigned DEFAULT NULL,
  `updated_by` bigint(20) unsigned DEFAULT NULL,
  `created_at` timestamp NULL DEFAULT NULL,
  `updated_at` timestamp NULL DEFAULT NULL,
  `deleted_at` timestamp NULL DEFAULT NULL,
  PRIMARY KEY (`id`),
  UNIQUE KEY `purchase_orders_po_number_unique` (`po_number`),
  KEY `purchase_orders_purchase_requisition_id_foreign` (`purchase_requisition_id`),
  KEY `purchase_orders_supplier_id_foreign` (`supplier_id`),
  KEY `purchase_orders_approved_by_foreign` (`approved_by`),
  KEY `purchase_orders_issued_by_foreign` (`issued_by`),
  KEY `purchase_orders_created_by_foreign` (`created_by`),
  KEY `purchase_orders_updated_by_foreign` (`updated_by`),
  KEY `purchase_orders_po_date_index` (`po_date`),
  KEY `purchase_orders_expected_delivery_date_index` (`expected_delivery_date`),
  KEY `purchase_orders_status_index` (`status`),
  CONSTRAINT `purchase_orders_approved_by_foreign` FOREIGN KEY (`approved_by`) REFERENCES `users` (`id`) ON DELETE SET NULL,
  CONSTRAINT `purchase_orders_created_by_foreign` FOREIGN KEY (`created_by`) REFERENCES `users` (`id`) ON DELETE SET NULL,
  CONSTRAINT `purchase_orders_issued_by_foreign` FOREIGN KEY (`issued_by`) REFERENCES `users` (`id`) ON DELETE SET NULL,
  CONSTRAINT `purchase_orders_purchase_requisition_id_foreign` FOREIGN KEY (`purchase_requisition_id`) REFERENCES `purchase_requisitions` (`id`) ON DELETE SET NULL,
  CONSTRAINT `purchase_orders_supplier_id_foreign` FOREIGN KEY (`supplier_id`) REFERENCES `suppliers` (`id`) ON DELETE CASCADE,
  CONSTRAINT `purchase_orders_updated_by_foreign` FOREIGN KEY (`updated_by`) REFERENCES `users` (`id`) ON DELETE SET NULL
) ENGINE=InnoDB AUTO_INCREMENT=5 DEFAULT CHARSET=utf8mb4 COLLATE=utf8mb4_unicode_ci;
INSERT INTO `purchase_orders` (`id`, `po_number`, `purchase_requisition_id`, `supplier_id`, `po_date`, `expected_delivery_date`, `currency`, `subtotal`, `tax_amount`, `discount_amount`, `total_amount`, `payment_terms`, `remarks`, `status`, `approved_at`, `approved_by`, `issued_by`, `issued_at`, `created_by`, `updated_by`, `created_at`, `updated_at`, `deleted_at`) VALUES
(1, 'PO-20260329-0001', 5, 1, '2026-03-29', '2026-04-10', 'PKR', '41200.00', '0.00', '0.00', '41200.00', '30 days', 'Partial supplier allocation against current vendor availability.\nIssued to supplier after approval.', 'partially_received', '2026-04-05 16:35:13', 9, 9, '2026-04-05 16:35:13', 9, 9, '2026-04-05 16:35:09', '2026-04-05 16:35:25', NULL),
(2, 'PO-20260327-0001', 6, 2, '2026-03-27', '2026-04-15', 'PKR', '1290000.00', '0.00', '0.00', '1290000.00', '45 days', 'Capital equipment order for ICU expansion.\nIssued to supplier after dual approval.', 'fully_received', '2026-04-05 16:35:31', 9, 9, '2026-04-05 16:35:31', 9, 9, '2026-04-05 16:35:30', '2026-04-05 16:35:34', NULL),
(3, 'PO-20260331-0001', 7, 3, '2026-03-31', '2026-04-09', 'PKR', '72600.00', '0.00', '0.00', '72600.00', '30 days', 'PPE replenishment awaiting supplier delivery.\nIssued to supplier and awaiting delivery.', 'issued', '2026-04-05 16:35:37', 9, 9, '2026-04-05 16:35:37', 9, 9, '2026-04-05 16:35:37', '2026-04-05 16:35:37', NULL),
(4, 'PO-20260404-0001', NULL, 1, '2026-04-04', '2026-04-17', 'PKR', '21000.00', '0.00', '0.00', '21000.00', '30 days', 'Standalone draft for emergency trolley consumable restock.', 'draft', NULL, NULL, NULL, NULL, 9, 9, '2026-04-05 16:35:44', '2026-04-05 16:35:44', NULL);

-- --------------------------------------------------------
-- Table: `purchase_requisition_items`
-- --------------------------------------------------------
DROP TABLE IF EXISTS `purchase_requisition_items`;
CREATE TABLE `purchase_requisition_items` (
  `id` bigint(20) unsigned NOT NULL AUTO_INCREMENT,
  `purchase_requisition_id` bigint(20) unsigned NOT NULL,
  `item_type` varchar(20) NOT NULL,
  `asset_category_id` bigint(20) unsigned DEFAULT NULL,
  `inventory_item_id` bigint(20) unsigned DEFAULT NULL,
  `item_description` varchar(255) NOT NULL,
  `quantity` decimal(14,2) NOT NULL,
  `unit_of_measure` varchar(25) DEFAULT NULL,
  `estimated_unit_cost` decimal(14,2) DEFAULT NULL,
  `estimated_total` decimal(14,2) DEFAULT NULL,
  `preferred_supplier_id` bigint(20) unsigned DEFAULT NULL,
  `needed_by_date` date DEFAULT NULL,
  `remarks` text DEFAULT NULL,
  `ordered_quantity` decimal(14,2) NOT NULL DEFAULT 0.00,
  `received_quantity` decimal(14,2) NOT NULL DEFAULT 0.00,
  `status` varchar(30) NOT NULL DEFAULT 'pending',
  `created_at` timestamp NULL DEFAULT NULL,
  `updated_at` timestamp NULL DEFAULT NULL,
  PRIMARY KEY (`id`),
  KEY `purchase_requisition_items_purchase_requisition_id_foreign` (`purchase_requisition_id`),
  KEY `purchase_requisition_items_asset_category_id_foreign` (`asset_category_id`),
  KEY `purchase_requisition_items_inventory_item_id_foreign` (`inventory_item_id`),
  KEY `purchase_requisition_items_preferred_supplier_id_foreign` (`preferred_supplier_id`),
  KEY `purchase_requisition_items_item_type_index` (`item_type`),
  KEY `purchase_requisition_items_status_index` (`status`),
  CONSTRAINT `purchase_requisition_items_asset_category_id_foreign` FOREIGN KEY (`asset_category_id`) REFERENCES `asset_categories` (`id`) ON DELETE SET NULL,
  CONSTRAINT `purchase_requisition_items_inventory_item_id_foreign` FOREIGN KEY (`inventory_item_id`) REFERENCES `inventory_items` (`id`) ON DELETE SET NULL,
  CONSTRAINT `purchase_requisition_items_preferred_supplier_id_foreign` FOREIGN KEY (`preferred_supplier_id`) REFERENCES `suppliers` (`id`) ON DELETE SET NULL,
  CONSTRAINT `purchase_requisition_items_purchase_requisition_id_foreign` FOREIGN KEY (`purchase_requisition_id`) REFERENCES `purchase_requisitions` (`id`) ON DELETE CASCADE
) ENGINE=InnoDB AUTO_INCREMENT=8 DEFAULT CHARSET=utf8mb4 COLLATE=utf8mb4_unicode_ci;
INSERT INTO `purchase_requisition_items` (`id`, `purchase_requisition_id`, `item_type`, `asset_category_id`, `inventory_item_id`, `item_description`, `quantity`, `unit_of_measure`, `estimated_unit_cost`, `estimated_total`, `preferred_supplier_id`, `needed_by_date`, `remarks`, `ordered_quantity`, `received_quantity`, `status`, `created_at`, `updated_at`) VALUES
(1, 1, 'inventory', NULL, 3, 'Hydrogel Sheet Large', '25.00', 'sheet', '620.00', '15500.00', 1, '2026-04-19', NULL, '0.00', '0.00', 'pending', '2026-04-05 16:34:46', '2026-04-05 16:34:46'),
(2, 2, 'inventory', NULL, 27, 'Silver Sulfadiazine Cream 500g', '18.00', 'jar', '940.00', '16920.00', 4, NULL, NULL, '0.00', '0.00', 'pending', '2026-04-05 16:34:51', '2026-04-05 16:34:51'),
(3, 3, 'inventory', NULL, 7, 'Sterile Gauze Pack', '40.00', 'pack', '180.00', '7200.00', 1, NULL, NULL, '0.00', '0.00', 'approved', '2026-04-05 16:34:56', '2026-04-05 16:35:02'),
(4, 4, 'asset', 16, NULL, 'Burn ward rugged tablet', '2.00', 'unit', '165000.00', '330000.00', 2, NULL, NULL, '0.00', '0.00', 'pending', '2026-04-05 16:35:03', '2026-04-05 16:35:03'),
(5, 5, 'inventory', NULL, 1, 'Silver Sulfadiazine Dressing 10x10', '120.00', 'pack', '520.00', '62400.00', 1, NULL, NULL, '80.00', '36.00', 'partially_ordered', '2026-04-05 16:35:07', '2026-04-05 16:35:25'),
(6, 6, 'asset', 8, NULL, 'Baxter infusion pump', '2.00', 'unit', '650000.00', '1300000.00', 2, NULL, NULL, '2.00', '2.00', 'fully_ordered', '2026-04-05 16:35:26', '2026-04-05 16:35:34'),
(7, 7, 'inventory', NULL, 21, 'N95 Mask', '60.00', 'box', '1250.00', '75000.00', 3, NULL, NULL, '60.00', '0.00', 'fully_ordered', '2026-04-05 16:35:35', '2026-04-05 16:35:37');

-- --------------------------------------------------------
-- Table: `purchase_requisitions`
-- --------------------------------------------------------
DROP TABLE IF EXISTS `purchase_requisitions`;
CREATE TABLE `purchase_requisitions` (
  `id` bigint(20) unsigned NOT NULL AUTO_INCREMENT,
  `requisition_number` varchar(50) NOT NULL,
  `requisition_type` varchar(20) NOT NULL DEFAULT 'inventory',
  `department_id` bigint(20) unsigned DEFAULT NULL,
  `requested_by` bigint(20) unsigned NOT NULL,
  `request_date` date NOT NULL,
  `priority` varchar(20) NOT NULL DEFAULT 'normal',
  `purpose` text DEFAULT NULL,
  `remarks` text DEFAULT NULL,
  `total_estimated_amount` decimal(14,2) DEFAULT NULL,
  `status` varchar(30) NOT NULL DEFAULT 'draft',
  `current_approval_level` smallint(5) unsigned DEFAULT NULL,
  `final_approved_at` timestamp NULL DEFAULT NULL,
  `rejected_at` timestamp NULL DEFAULT NULL,
  `rejected_by` bigint(20) unsigned DEFAULT NULL,
  `rejection_reason` text DEFAULT NULL,
  `created_by` bigint(20) unsigned DEFAULT NULL,
  `updated_by` bigint(20) unsigned DEFAULT NULL,
  `created_at` timestamp NULL DEFAULT NULL,
  `updated_at` timestamp NULL DEFAULT NULL,
  `deleted_at` timestamp NULL DEFAULT NULL,
  PRIMARY KEY (`id`),
  UNIQUE KEY `purchase_requisitions_requisition_number_unique` (`requisition_number`),
  KEY `purchase_requisitions_department_id_foreign` (`department_id`),
  KEY `purchase_requisitions_requested_by_foreign` (`requested_by`),
  KEY `purchase_requisitions_rejected_by_foreign` (`rejected_by`),
  KEY `purchase_requisitions_created_by_foreign` (`created_by`),
  KEY `purchase_requisitions_updated_by_foreign` (`updated_by`),
  KEY `purchase_requisitions_requisition_type_index` (`requisition_type`),
  KEY `purchase_requisitions_request_date_index` (`request_date`),
  KEY `purchase_requisitions_priority_index` (`priority`),
  KEY `purchase_requisitions_status_index` (`status`),
  CONSTRAINT `purchase_requisitions_created_by_foreign` FOREIGN KEY (`created_by`) REFERENCES `users` (`id`) ON DELETE SET NULL,
  CONSTRAINT `purchase_requisitions_department_id_foreign` FOREIGN KEY (`department_id`) REFERENCES `departments` (`id`) ON DELETE SET NULL,
  CONSTRAINT `purchase_requisitions_rejected_by_foreign` FOREIGN KEY (`rejected_by`) REFERENCES `users` (`id`) ON DELETE SET NULL,
  CONSTRAINT `purchase_requisitions_requested_by_foreign` FOREIGN KEY (`requested_by`) REFERENCES `users` (`id`) ON DELETE CASCADE,
  CONSTRAINT `purchase_requisitions_updated_by_foreign` FOREIGN KEY (`updated_by`) REFERENCES `users` (`id`) ON DELETE SET NULL
) ENGINE=InnoDB AUTO_INCREMENT=8 DEFAULT CHARSET=utf8mb4 COLLATE=utf8mb4_unicode_ci;
INSERT INTO `purchase_requisitions` (`id`, `requisition_number`, `requisition_type`, `department_id`, `requested_by`, `request_date`, `priority`, `purpose`, `remarks`, `total_estimated_amount`, `status`, `current_approval_level`, `final_approved_at`, `rejected_at`, `rejected_by`, `rejection_reason`, `created_by`, `updated_by`, `created_at`, `updated_at`, `deleted_at`) VALUES
(1, 'PR-20260331-0001', 'inventory', 4, 4, '2026-03-31', 'normal', 'Planned reserve build for hydrogel coverage before next dressing load peak.', 'Keep in draft until monthly stock review closes.', '15500.00', 'draft', NULL, NULL, NULL, NULL, NULL, 4, 4, '2026-04-05 16:34:45', '2026-04-05 16:34:47', NULL),
(2, 'PR-20260401-0001', 'inventory', 2, 6, '2026-04-01', 'urgent', 'Urgent replenishment of burn cream and antimicrobial stock after surge admissions.', NULL, '16920.00', 'submitted', 1, NULL, NULL, NULL, NULL, 6, 6, '2026-04-05 16:34:49', '2026-04-05 16:34:52', NULL),
(3, 'PR-20260402-0001', 'inventory', 4, 4, '2026-04-02', 'high', 'Rebuild sterile gauze position for procedure room rotation.', NULL, '7200.00', 'approved', NULL, '2026-04-05 16:35:00', NULL, NULL, NULL, 4, 3, '2026-04-05 16:34:56', '2026-04-05 16:35:00', NULL),
(4, 'PR-20260403-0001', 'asset', 2, 6, '2026-04-03', 'normal', 'Ward tablet refresh request for non-critical documentation overflow.', NULL, '330000.00', 'rejected', NULL, NULL, '2026-04-05 16:35:07', 3, 'Deferred until clinical demand backlog clears.', 6, 3, '2026-04-05 16:35:02', '2026-04-05 16:35:07', NULL),
(5, 'PR-20260328-0001', 'inventory', 4, 4, '2026-03-28', 'high', 'Monthly silver dressing procurement for ward and ICU burn dressing cycles.', NULL, '62400.00', 'partially_ordered', NULL, '2026-04-05 16:35:08', NULL, NULL, NULL, 4, 3, '2026-04-05 16:35:07', '2026-04-05 16:35:13', NULL),
(6, 'PR-20260326-0001', 'asset', 1, 3, '2026-03-26', 'urgent', 'Burn ICU expansion requires additional infusion pumps for high-acuity beds.', NULL, '1300000.00', 'fully_ordered', NULL, '2026-04-05 16:35:30', NULL, NULL, NULL, 3, 2, '2026-04-05 16:35:25', '2026-04-05 16:35:31', NULL),
(7, 'PR-20260330-0001', 'inventory', 4, 4, '2026-03-30', 'normal', 'Additional N95 masks for extended infection-control cover.', NULL, '75000.00', 'fully_ordered', NULL, '2026-04-05 16:35:36', NULL, NULL, NULL, 4, 3, '2026-04-05 16:35:35', '2026-04-05 16:35:37', NULL);

-- --------------------------------------------------------
-- Table: `role_has_permissions`
-- --------------------------------------------------------
DROP TABLE IF EXISTS `role_has_permissions`;
CREATE TABLE `role_has_permissions` (
  `permission_id` bigint(20) unsigned NOT NULL,
  `role_id` bigint(20) unsigned NOT NULL,
  PRIMARY KEY (`permission_id`,`role_id`),
  KEY `role_has_permissions_role_id_foreign` (`role_id`),
  CONSTRAINT `role_has_permissions_permission_id_foreign` FOREIGN KEY (`permission_id`) REFERENCES `permissions` (`id`) ON DELETE CASCADE,
  CONSTRAINT `role_has_permissions_role_id_foreign` FOREIGN KEY (`role_id`) REFERENCES `roles` (`id`) ON DELETE CASCADE
) ENGINE=InnoDB DEFAULT CHARSET=utf8mb4 COLLATE=utf8mb4_unicode_ci;
INSERT INTO `role_has_permissions` (`permission_id`, `role_id`) VALUES
(1, 1),
(1, 2),
(1, 3),
(1, 4),
(1, 5),
(1, 6),
(1, 7),
(1, 8),
(1, 9),
(1, 10),
(1, 11),
(2, 1),
(2, 2),
(3, 1),
(3, 2),
(4, 1),
(4, 2),
(5, 1),
(6, 1),
(6, 2),
(7, 1),
(7, 2),
(8, 1),
(9, 1),
(9, 2),
(10, 1),
(10, 2),
(10, 3),
(10, 4),
(10, 5),
(10, 6),
(10, 8),
(10, 11),
(11, 1),
(11, 2),
(12, 1),
(12, 2),
(13, 1),
(14, 1),
(14, 2),
(14, 3),
(14, 4),
(14, 5),
(14, 6),
(14, 8),
(14, 11),
(15, 1),
(15, 2),
(16, 1),
(16, 2),
(17, 1),
(18, 1),
(18, 2),
(18, 3),
(18, 4),
(18, 5),
(18, 8),
(18, 9),
(18, 10),
(18, 11),
(19, 1),
(19, 2),
(20, 1),
(20, 2),
(21, 1),
(21, 2),
(22, 1),
(22, 2),
(22, 3),
(22, 4),
(22, 5),
(22, 6),
(22, 7),
(22, 8),
(22, 9),
(22, 10),
(22, 11),
(23, 1),
(23, 2),
(24, 1),
(24, 2),
(24, 5),
(25, 1),
(25, 2),
(26, 1),
(26, 2),
(26, 3),
(26, 4),
(26, 5),
(26, 6),
(26, 8),
(26, 11),
(27, 1),
(27, 2),
(27, 5),
(28, 1),
(28, 2),
(29, 1),
(29, 2),
(29, 5),
(30, 1),
(30, 2),
(30, 5),
(31, 1),
(31, 2),
(31, 3),
(31, 4),
(31, 5),
(31, 6),
(31, 7),
(31, 8),
(31, 11),
(32, 1),
(32, 2),
(32, 3),
(32, 6),
(32, 11),
(33, 1),
(33, 2),
(33, 6),
(34, 1),
(34, 2),
(34, 3),
(34, 6),
(34, 11),
(35, 1),
(35, 2),
(35, 6),
(36, 1),
(36, 2),
(36, 3),
(36, 5),
(36, 6),
(36, 11),
(37, 1),
(37, 2),
(37, 5),
(37, 6),
(38, 1),
(38, 2),
(38, 3),
(38, 4),
(38, 5),
(38, 6),
(38, 10),
(38, 11),
(39, 1),
(39, 2),
(39, 3),
(39, 5),
(40, 1),
(40, 2),
(40, 3),
(40, 4),
(40, 5),
(40, 6),
(40, 7),
(40, 8),
(40, 11),
(41, 1),
(41, 2),
(42, 1),
(42, 2),
(42, 5),
(43, 1),
(43, 2),
(43, 6),
(44, 1),
(44, 2),
(44, 5),
(45, 1),
(45, 2),
(45, 6),
(46, 1),
(47, 1),
(47, 2),
(47, 5),
(48, 1),
(48, 2),
(48, 5),
(49, 1),
(49, 2),
(49, 4),
(49, 8),
(49, 11),
(50, 1),
(50, 2),
(50, 4),
(50, 8),
(51, 1),
(51, 2),
(51, 4),
(51, 8),
(52, 1),
(52, 2),
(53, 1),
(53, 2),
(53, 3),
(53, 4),
(53, 6);
INSERT INTO `role_has_permissions` (`permission_id`, `role_id`) VALUES
(53, 7),
(53, 8),
(53, 10),
(53, 11),
(54, 1),
(54, 2),
(54, 4),
(54, 8),
(55, 1),
(55, 2),
(55, 4),
(55, 8),
(56, 1),
(56, 2),
(57, 1),
(57, 2),
(57, 3),
(57, 4),
(57, 6),
(57, 7),
(57, 8),
(57, 11),
(58, 1),
(58, 2),
(58, 3),
(58, 4),
(58, 8),
(58, 11),
(59, 1),
(59, 2),
(59, 4),
(59, 8),
(60, 1),
(60, 2),
(60, 3),
(60, 4),
(60, 8),
(60, 11),
(61, 1),
(61, 2),
(61, 4),
(61, 8),
(62, 1),
(62, 2),
(62, 3),
(62, 4),
(62, 6),
(62, 8),
(62, 11),
(63, 1),
(63, 2),
(63, 4),
(63, 6),
(63, 8),
(64, 1),
(64, 2),
(64, 3),
(64, 4),
(64, 8),
(64, 11),
(65, 1),
(65, 2),
(65, 4),
(65, 8),
(66, 1),
(66, 2),
(66, 3),
(66, 4),
(66, 8),
(66, 11),
(67, 1),
(67, 2),
(67, 4),
(67, 8),
(68, 1),
(68, 2),
(68, 4),
(69, 1),
(69, 2),
(69, 3),
(69, 4),
(69, 8),
(69, 10),
(69, 11),
(70, 1),
(70, 2),
(70, 4),
(70, 8),
(71, 1),
(71, 2),
(71, 4),
(71, 8),
(72, 1),
(72, 2),
(72, 4),
(72, 8),
(73, 1),
(73, 2),
(73, 4),
(73, 8),
(73, 9),
(73, 10),
(73, 11),
(74, 1),
(74, 2),
(74, 9),
(75, 1),
(75, 2),
(75, 9),
(76, 1),
(76, 2),
(76, 9),
(77, 1),
(77, 2),
(77, 3),
(77, 4),
(77, 6),
(77, 9),
(77, 10),
(77, 11),
(78, 1),
(78, 2),
(78, 3),
(78, 4),
(78, 6),
(78, 7),
(78, 9),
(79, 1),
(79, 2),
(79, 9),
(80, 1),
(80, 2),
(80, 3),
(80, 4),
(80, 6),
(80, 9),
(81, 1),
(81, 2),
(81, 3),
(82, 1),
(82, 2),
(82, 3),
(83, 1),
(83, 2),
(84, 1),
(84, 2),
(84, 3),
(84, 4),
(84, 9),
(84, 10),
(84, 11),
(85, 1),
(85, 2),
(85, 3),
(85, 9),
(85, 10),
(85, 11),
(86, 1),
(86, 2),
(86, 9),
(87, 1),
(87, 2),
(87, 9),
(88, 1),
(88, 2),
(88, 9),
(89, 1),
(89, 2),
(89, 9),
(90, 1),
(90, 2),
(90, 9),
(91, 1),
(91, 2),
(91, 3),
(91, 4),
(91, 8),
(91, 9),
(91, 10),
(91, 11),
(92, 1),
(92, 2),
(92, 4),
(92, 8),
(92, 9),
(93, 1),
(93, 2),
(93, 4),
(93, 8),
(93, 9),
(94, 1),
(94, 2),
(94, 3),
(94, 5),
(95, 1),
(95, 2),
(95, 5),
(96, 1),
(96, 2),
(96, 5);
INSERT INTO `role_has_permissions` (`permission_id`, `role_id`) VALUES
(97, 1),
(97, 2),
(97, 5),
(98, 1),
(98, 2),
(98, 3),
(98, 5),
(98, 6),
(98, 7),
(99, 1),
(99, 2),
(99, 3),
(99, 4),
(99, 5),
(99, 6),
(99, 8),
(99, 9),
(99, 10),
(99, 11),
(100, 1),
(100, 2),
(100, 4),
(100, 8),
(100, 9),
(100, 10),
(100, 11),
(101, 1),
(101, 2),
(101, 11),
(102, 1),
(102, 2),
(103, 1),
(103, 2);

-- --------------------------------------------------------
-- Table: `roles`
-- --------------------------------------------------------
DROP TABLE IF EXISTS `roles`;
CREATE TABLE `roles` (
  `id` bigint(20) unsigned NOT NULL AUTO_INCREMENT,
  `name` varchar(255) NOT NULL,
  `guard_name` varchar(255) NOT NULL,
  `created_at` timestamp NULL DEFAULT NULL,
  `updated_at` timestamp NULL DEFAULT NULL,
  PRIMARY KEY (`id`),
  UNIQUE KEY `roles_name_guard_name_unique` (`name`,`guard_name`)
) ENGINE=InnoDB AUTO_INCREMENT=12 DEFAULT CHARSET=utf8mb4 COLLATE=utf8mb4_unicode_ci;
INSERT INTO `roles` (`id`, `name`, `guard_name`, `created_at`, `updated_at`) VALUES
(1, 'Super Admin', 'web', '2026-04-05 16:28:45', '2026-04-05 16:28:45'),
(2, 'Hospital Admin', 'web', '2026-04-05 16:28:49', '2026-04-05 16:28:49'),
(3, 'Burn Center Manager / Department Head', 'web', '2026-04-05 16:28:51', '2026-04-05 16:28:51'),
(4, 'Store Manager / Inventory Officer', 'web', '2026-04-05 16:28:51', '2026-04-05 16:28:51'),
(5, 'Biomedical Engineer', 'web', '2026-04-05 16:28:52', '2026-04-05 16:28:52'),
(6, 'Nurse Supervisor', 'web', '2026-04-05 16:28:53', '2026-04-05 16:28:53'),
(7, 'Staff Nurse / Clinical User', 'web', '2026-04-05 16:28:54', '2026-04-05 16:28:54'),
(8, 'Pharmacist / Medical Store Staff', 'web', '2026-04-05 16:28:55', '2026-04-05 16:28:55'),
(9, 'Procurement Officer', 'web', '2026-04-05 16:28:56', '2026-04-05 16:28:56'),
(10, 'Accounts / Finance', 'web', '2026-04-05 16:28:56', '2026-04-05 16:28:56'),
(11, 'Auditor', 'web', '2026-04-05 16:28:57', '2026-04-05 16:28:57');

-- --------------------------------------------------------
-- Table: `sessions`
-- --------------------------------------------------------
DROP TABLE IF EXISTS `sessions`;
CREATE TABLE `sessions` (
  `id` varchar(255) NOT NULL,
  `user_id` bigint(20) unsigned DEFAULT NULL,
  `ip_address` varchar(45) DEFAULT NULL,
  `user_agent` text DEFAULT NULL,
  `payload` longtext NOT NULL,
  `last_activity` int(11) NOT NULL,
  PRIMARY KEY (`id`),
  KEY `sessions_user_id_index` (`user_id`),
  KEY `sessions_last_activity_index` (`last_activity`)
) ENGINE=InnoDB DEFAULT CHARSET=utf8mb4 COLLATE=utf8mb4_unicode_ci;

-- --------------------------------------------------------
-- Table: `settings`
-- --------------------------------------------------------
DROP TABLE IF EXISTS `settings`;
CREATE TABLE `settings` (
  `id` bigint(20) unsigned NOT NULL AUTO_INCREMENT,
  `group` varchar(50) NOT NULL,
  `key` varchar(255) NOT NULL,
  `label` varchar(255) NOT NULL,
  `value` longtext CHARACTER SET utf8mb4 COLLATE utf8mb4_bin DEFAULT NULL CHECK (json_valid(`value`)),
  `is_encrypted` tinyint(1) NOT NULL DEFAULT 0,
  `created_at` timestamp NULL DEFAULT NULL,
  `updated_at` timestamp NULL DEFAULT NULL,
  PRIMARY KEY (`id`),
  UNIQUE KEY `settings_key_unique` (`key`),
  KEY `settings_group_index` (`group`)
) ENGINE=InnoDB AUTO_INCREMENT=5 DEFAULT CHARSET=utf8mb4 COLLATE=utf8mb4_unicode_ci;
INSERT INTO `settings` (`id`, `group`, `key`, `label`, `value`, `is_encrypted`, `created_at`, `updated_at`) VALUES
(1, 'general', 'general.application_name', 'Application Name', '{\"text\":\"KORT Assest Managment System\"}', 0, '2026-04-05 16:35:45', '2026-04-05 16:35:45'),
(2, 'assets', 'assets.tag_format', 'Asset Tag Format', '{\"pattern\":\"BC-KORT-[DEPARTMENT]-[TYPE]-[SEQUENCE]\"}', 0, '2026-04-05 16:35:45', '2026-04-05 16:35:45'),
(3, 'alerts', 'alerts.near_expiry_threshold_days', 'Near Expiry Threshold', '{\"days\":60}', 0, '2026-04-05 16:35:46', '2026-04-05 16:35:46'),
(4, 'burn_center', 'burn_center.storage_rules', 'Burn Center Storage Rules', '{\"sterile_separation\":true,\"quarantine_enabled\":true,\"emergency_reserve_enabled\":true,\"temperature_monitoring_enabled\":true}', 0, '2026-04-05 16:35:47', '2026-04-05 16:35:47');

-- --------------------------------------------------------
-- Table: `stock_adjustment_items`
-- --------------------------------------------------------
DROP TABLE IF EXISTS `stock_adjustment_items`;
CREATE TABLE `stock_adjustment_items` (
  `id` bigint(20) unsigned NOT NULL AUTO_INCREMENT,
  `stock_adjustment_id` bigint(20) unsigned NOT NULL,
  `inventory_item_id` bigint(20) unsigned NOT NULL,
  `inventory_batch_id` bigint(20) unsigned DEFAULT NULL,
  `system_quantity` decimal(14,2) NOT NULL,
  `physical_quantity` decimal(14,2) DEFAULT NULL,
  `adjustment_quantity` decimal(14,2) NOT NULL,
  `unit_of_measure` varchar(25) NOT NULL,
  `remarks` text DEFAULT NULL,
  `created_at` timestamp NULL DEFAULT NULL,
  `updated_at` timestamp NULL DEFAULT NULL,
  PRIMARY KEY (`id`),
  KEY `stock_adjustment_items_stock_adjustment_id_foreign` (`stock_adjustment_id`),
  KEY `stock_adjustment_items_inventory_item_id_foreign` (`inventory_item_id`),
  KEY `stock_adjustment_items_inventory_batch_id_foreign` (`inventory_batch_id`),
  CONSTRAINT `stock_adjustment_items_inventory_batch_id_foreign` FOREIGN KEY (`inventory_batch_id`) REFERENCES `inventory_batches` (`id`) ON DELETE SET NULL,
  CONSTRAINT `stock_adjustment_items_inventory_item_id_foreign` FOREIGN KEY (`inventory_item_id`) REFERENCES `inventory_items` (`id`) ON DELETE CASCADE,
  CONSTRAINT `stock_adjustment_items_stock_adjustment_id_foreign` FOREIGN KEY (`stock_adjustment_id`) REFERENCES `stock_adjustments` (`id`) ON DELETE CASCADE
) ENGINE=InnoDB AUTO_INCREMENT=6 DEFAULT CHARSET=utf8mb4 COLLATE=utf8mb4_unicode_ci;
INSERT INTO `stock_adjustment_items` (`id`, `stock_adjustment_id`, `inventory_item_id`, `inventory_batch_id`, `system_quantity`, `physical_quantity`, `adjustment_quantity`, `unit_of_measure`, `remarks`, `created_at`, `updated_at`) VALUES
(1, 1, 3, 46, '2.00', NULL, '2.00', 'sheet', NULL, '2026-04-05 16:34:35', '2026-04-05 16:34:35'),
(2, 2, 33, 27, '48.00', NULL, '6.00', 'pack', NULL, '2026-04-05 16:34:36', '2026-04-05 16:34:36'),
(3, 3, 30, 51, '8.00', NULL, '8.00', 'bottle', NULL, '2026-04-05 16:34:37', '2026-04-05 16:34:37'),
(4, 4, 3, 46, '2.00', NULL, '1.00', 'sheet', NULL, '2026-04-05 16:34:40', '2026-04-05 16:34:40'),
(5, 5, 22, 22, '180.00', '175.00', '-5.00', 'box', NULL, '2026-04-05 16:34:40', '2026-04-05 16:34:40');

-- --------------------------------------------------------
-- Table: `stock_adjustments`
-- --------------------------------------------------------
DROP TABLE IF EXISTS `stock_adjustments`;
CREATE TABLE `stock_adjustments` (
  `id` bigint(20) unsigned NOT NULL AUTO_INCREMENT,
  `adjustment_number` varchar(50) NOT NULL,
  `adjustment_date` date NOT NULL,
  `adjustment_type` varchar(30) NOT NULL DEFAULT 'increase',
  `reason` text NOT NULL,
  `location_id` bigint(20) unsigned DEFAULT NULL,
  `department_id` bigint(20) unsigned DEFAULT NULL,
  `remarks` text DEFAULT NULL,
  `performed_by` bigint(20) unsigned NOT NULL,
  `approved_by` bigint(20) unsigned DEFAULT NULL,
  `status` varchar(30) NOT NULL DEFAULT 'posted',
  `created_by` bigint(20) unsigned DEFAULT NULL,
  `updated_by` bigint(20) unsigned DEFAULT NULL,
  `created_at` timestamp NULL DEFAULT NULL,
  `updated_at` timestamp NULL DEFAULT NULL,
  PRIMARY KEY (`id`),
  UNIQUE KEY `stock_adjustments_adjustment_number_unique` (`adjustment_number`),
  KEY `stock_adjustments_location_id_foreign` (`location_id`),
  KEY `stock_adjustments_department_id_foreign` (`department_id`),
  KEY `stock_adjustments_performed_by_foreign` (`performed_by`),
  KEY `stock_adjustments_approved_by_foreign` (`approved_by`),
  KEY `stock_adjustments_created_by_foreign` (`created_by`),
  KEY `stock_adjustments_updated_by_foreign` (`updated_by`),
  KEY `stock_adjustments_adjustment_date_index` (`adjustment_date`),
  KEY `stock_adjustments_adjustment_type_index` (`adjustment_type`),
  KEY `stock_adjustments_status_index` (`status`),
  CONSTRAINT `stock_adjustments_approved_by_foreign` FOREIGN KEY (`approved_by`) REFERENCES `users` (`id`) ON DELETE SET NULL,
  CONSTRAINT `stock_adjustments_created_by_foreign` FOREIGN KEY (`created_by`) REFERENCES `users` (`id`) ON DELETE SET NULL,
  CONSTRAINT `stock_adjustments_department_id_foreign` FOREIGN KEY (`department_id`) REFERENCES `departments` (`id`) ON DELETE SET NULL,
  CONSTRAINT `stock_adjustments_location_id_foreign` FOREIGN KEY (`location_id`) REFERENCES `locations` (`id`) ON DELETE SET NULL,
  CONSTRAINT `stock_adjustments_performed_by_foreign` FOREIGN KEY (`performed_by`) REFERENCES `users` (`id`) ON DELETE CASCADE,
  CONSTRAINT `stock_adjustments_updated_by_foreign` FOREIGN KEY (`updated_by`) REFERENCES `users` (`id`) ON DELETE SET NULL
) ENGINE=InnoDB AUTO_INCREMENT=6 DEFAULT CHARSET=utf8mb4 COLLATE=utf8mb4_unicode_ci;
INSERT INTO `stock_adjustments` (`id`, `adjustment_number`, `adjustment_date`, `adjustment_type`, `reason`, `location_id`, `department_id`, `remarks`, `performed_by`, `approved_by`, `status`, `created_by`, `updated_by`, `created_at`, `updated_at`) VALUES
(1, 'ADJ-20260404-0001', '2026-04-04', 'quarantine', 'Packaging integrity concern after transport inspection.', 5, 4, 'Hydrogel sheets isolated pending review.', 4, 4, 'posted', 4, 4, '2026-04-05 16:34:32', '2026-04-05 16:34:32'),
(2, 'ADJ-20260404-0002', '2026-04-04', 'damage', 'Disposable burn sheets torn during storage handling.', 6, 4, 'Damaged stock segregated.', 4, 4, 'posted', 4, 4, '2026-04-05 16:34:36', '2026-04-05 16:34:36'),
(3, 'ADJ-20260405-0001', '2026-04-05', 'expiry', 'Expired antiseptic stock formally blocked from use.', 8, 6, 'Expired chlorhexidine moved out of usable stock.', 8, NULL, 'posted', 8, 8, '2026-04-05 16:34:37', '2026-04-05 16:34:37'),
(4, 'ADJ-20260405-0002', '2026-04-05', 'release', 'Partial quarantine release after biomedical and infection control clearance.', 5, 4, 'Safe remainder released to usable stock.', 4, 4, 'posted', 4, 4, '2026-04-05 16:34:38', '2026-04-05 16:34:38'),
(5, 'ADJ-20260405-0003', '2026-04-05', 'recount', 'Physical count variance after weekly stock check.', 6, 4, 'Mask count aligned to physical stock.', 4, 4, 'posted', 4, 4, '2026-04-05 16:34:40', '2026-04-05 16:34:40');

-- --------------------------------------------------------
-- Table: `stock_issue_items`
-- --------------------------------------------------------
DROP TABLE IF EXISTS `stock_issue_items`;
CREATE TABLE `stock_issue_items` (
  `id` bigint(20) unsigned NOT NULL AUTO_INCREMENT,
  `stock_issue_id` bigint(20) unsigned NOT NULL,
  `inventory_item_id` bigint(20) unsigned NOT NULL,
  `inventory_batch_id` bigint(20) unsigned DEFAULT NULL,
  `quantity` decimal(14,2) NOT NULL,
  `unit_of_measure` varchar(25) NOT NULL,
  `remarks` text DEFAULT NULL,
  `created_at` timestamp NULL DEFAULT NULL,
  `updated_at` timestamp NULL DEFAULT NULL,
  PRIMARY KEY (`id`),
  KEY `stock_issue_items_stock_issue_id_foreign` (`stock_issue_id`),
  KEY `stock_issue_items_inventory_item_id_foreign` (`inventory_item_id`),
  KEY `stock_issue_items_inventory_batch_id_foreign` (`inventory_batch_id`),
  CONSTRAINT `stock_issue_items_inventory_batch_id_foreign` FOREIGN KEY (`inventory_batch_id`) REFERENCES `inventory_batches` (`id`) ON DELETE SET NULL,
  CONSTRAINT `stock_issue_items_inventory_item_id_foreign` FOREIGN KEY (`inventory_item_id`) REFERENCES `inventory_items` (`id`) ON DELETE CASCADE,
  CONSTRAINT `stock_issue_items_stock_issue_id_foreign` FOREIGN KEY (`stock_issue_id`) REFERENCES `stock_issues` (`id`) ON DELETE CASCADE
) ENGINE=InnoDB AUTO_INCREMENT=20 DEFAULT CHARSET=utf8mb4 COLLATE=utf8mb4_unicode_ci;
INSERT INTO `stock_issue_items` (`id`, `stock_issue_id`, `inventory_item_id`, `inventory_batch_id`, `quantity`, `unit_of_measure`, `remarks`, `created_at`, `updated_at`) VALUES
(1, 1, 1, 1, '48.00', 'pack', 'ICU dressing stock', '2026-04-05 16:34:10', '2026-04-05 16:34:10'),
(2, 1, 7, 47, '35.00', 'pack', 'ICU gauze stock', '2026-04-05 16:34:11', '2026-04-05 16:34:11'),
(3, 1, 7, 7, '35.00', 'pack', 'ICU gauze stock', '2026-04-05 16:34:13', '2026-04-05 16:34:13'),
(4, 1, 14, 48, '16.00', 'box', 'Procedure tray replenishment', '2026-04-05 16:34:14', '2026-04-05 16:34:14'),
(5, 1, 14, 14, '12.00', 'box', 'Procedure tray replenishment', '2026-04-05 16:34:14', '2026-04-05 16:34:14'),
(6, 1, 15, 49, '26.00', 'box', 'Medication round stock', '2026-04-05 16:34:14', '2026-04-05 16:34:14'),
(7, 1, 15, 15, '34.00', 'box', 'Medication round stock', '2026-04-05 16:34:14', '2026-04-05 16:34:14'),
(8, 1, 27, 50, '12.00', 'jar', 'Topical medication issue', '2026-04-05 16:34:14', '2026-04-05 16:34:14'),
(9, 1, 27, 35, '4.00', 'jar', 'Topical medication issue', '2026-04-05 16:34:14', '2026-04-05 16:34:14'),
(10, 2, 2, 45, '18.00', 'pack', NULL, '2026-04-05 16:34:15', '2026-04-05 16:34:15'),
(11, 2, 2, 2, '2.00', 'pack', NULL, '2026-04-05 16:34:16', '2026-04-05 16:34:16'),
(12, 2, 3, 46, '12.00', 'sheet', NULL, '2026-04-05 16:34:17', '2026-04-05 16:34:17'),
(13, 2, 8, 8, '30.00', 'roll', NULL, '2026-04-05 16:34:17', '2026-04-05 16:34:17'),
(14, 2, 21, 21, '80.00', 'box', NULL, '2026-04-05 16:34:17', '2026-04-05 16:34:17'),
(15, 2, 23, 23, '50.00', 'box', NULL, '2026-04-05 16:34:18', '2026-04-05 16:34:18'),
(16, 2, 33, 27, '22.00', 'pack', NULL, '2026-04-05 16:34:18', '2026-04-05 16:34:18'),
(17, 3, 18, 18, '6.00', 'set', NULL, '2026-04-05 16:34:19', '2026-04-05 16:34:19'),
(18, 3, 19, 19, '24.00', 'bag', NULL, '2026-04-05 16:34:19', '2026-04-05 16:34:19'),
(19, 3, 32, 40, '14.00', 'vial', NULL, '2026-04-05 16:34:19', '2026-04-05 16:34:19');

-- --------------------------------------------------------
-- Table: `stock_issues`
-- --------------------------------------------------------
DROP TABLE IF EXISTS `stock_issues`;
CREATE TABLE `stock_issues` (
  `id` bigint(20) unsigned NOT NULL AUTO_INCREMENT,
  `issue_number` varchar(50) NOT NULL,
  `issue_date` date NOT NULL,
  `issue_type` varchar(30) NOT NULL,
  `department_id` bigint(20) unsigned DEFAULT NULL,
  `location_id` bigint(20) unsigned DEFAULT NULL,
  `room_or_area` varchar(120) DEFAULT NULL,
  `issued_to_user_id` bigint(20) unsigned DEFAULT NULL,
  `issued_by` bigint(20) unsigned NOT NULL,
  `remarks` text DEFAULT NULL,
  `status` varchar(30) NOT NULL DEFAULT 'posted',
  `created_by` bigint(20) unsigned DEFAULT NULL,
  `updated_by` bigint(20) unsigned DEFAULT NULL,
  `created_at` timestamp NULL DEFAULT NULL,
  `updated_at` timestamp NULL DEFAULT NULL,
  PRIMARY KEY (`id`),
  UNIQUE KEY `stock_issues_issue_number_unique` (`issue_number`),
  KEY `stock_issues_department_id_foreign` (`department_id`),
  KEY `stock_issues_location_id_foreign` (`location_id`),
  KEY `stock_issues_issued_to_user_id_foreign` (`issued_to_user_id`),
  KEY `stock_issues_issued_by_foreign` (`issued_by`),
  KEY `stock_issues_created_by_foreign` (`created_by`),
  KEY `stock_issues_updated_by_foreign` (`updated_by`),
  KEY `stock_issues_issue_date_index` (`issue_date`),
  KEY `stock_issues_issue_type_index` (`issue_type`),
  KEY `stock_issues_status_index` (`status`),
  CONSTRAINT `stock_issues_created_by_foreign` FOREIGN KEY (`created_by`) REFERENCES `users` (`id`) ON DELETE SET NULL,
  CONSTRAINT `stock_issues_department_id_foreign` FOREIGN KEY (`department_id`) REFERENCES `departments` (`id`) ON DELETE SET NULL,
  CONSTRAINT `stock_issues_issued_by_foreign` FOREIGN KEY (`issued_by`) REFERENCES `users` (`id`) ON DELETE CASCADE,
  CONSTRAINT `stock_issues_issued_to_user_id_foreign` FOREIGN KEY (`issued_to_user_id`) REFERENCES `users` (`id`) ON DELETE SET NULL,
  CONSTRAINT `stock_issues_location_id_foreign` FOREIGN KEY (`location_id`) REFERENCES `locations` (`id`) ON DELETE SET NULL,
  CONSTRAINT `stock_issues_updated_by_foreign` FOREIGN KEY (`updated_by`) REFERENCES `users` (`id`) ON DELETE SET NULL
) ENGINE=InnoDB AUTO_INCREMENT=4 DEFAULT CHARSET=utf8mb4 COLLATE=utf8mb4_unicode_ci;
INSERT INTO `stock_issues` (`id`, `issue_number`, `issue_date`, `issue_type`, `department_id`, `location_id`, `room_or_area`, `issued_to_user_id`, `issued_by`, `remarks`, `status`, `created_by`, `updated_by`, `created_at`, `updated_at`) VALUES
(1, 'ISS-20260326-0001', '2026-03-26', 'department', 1, NULL, NULL, NULL, 4, 'Routine burn ICU wound care replenishment.', 'posted', 4, 4, '2026-04-05 16:34:08', '2026-04-05 16:34:08'),
(2, 'ISS-20260329-0001', '2026-03-29', 'location', 2, 3, NULL, NULL, 4, 'Ward stock top-up.', 'posted', 4, 4, '2026-04-05 16:34:14', '2026-04-05 16:34:14'),
(3, 'ISS-20260331-0001', '2026-03-31', 'staff', 3, NULL, NULL, 7, 6, 'Procedure room rapid issue.', 'posted', 6, 6, '2026-04-05 16:34:19', '2026-04-05 16:34:19');

-- --------------------------------------------------------
-- Table: `stock_receipt_items`
-- --------------------------------------------------------
DROP TABLE IF EXISTS `stock_receipt_items`;
CREATE TABLE `stock_receipt_items` (
  `id` bigint(20) unsigned NOT NULL AUTO_INCREMENT,
  `stock_receipt_id` bigint(20) unsigned NOT NULL,
  `inventory_item_id` bigint(20) unsigned NOT NULL,
  `inventory_batch_id` bigint(20) unsigned DEFAULT NULL,
  `batch_number` varchar(80) NOT NULL,
  `manufacture_date` date DEFAULT NULL,
  `expiry_date` date DEFAULT NULL,
  `quantity` decimal(14,2) NOT NULL,
  `unit_cost` decimal(14,2) DEFAULT NULL,
  `line_total` decimal(14,2) DEFAULT NULL,
  `storage_zone` varchar(100) DEFAULT NULL,
  `remarks` text DEFAULT NULL,
  `created_at` timestamp NULL DEFAULT NULL,
  `updated_at` timestamp NULL DEFAULT NULL,
  PRIMARY KEY (`id`),
  KEY `stock_receipt_items_stock_receipt_id_foreign` (`stock_receipt_id`),
  KEY `stock_receipt_items_inventory_item_id_foreign` (`inventory_item_id`),
  KEY `stock_receipt_items_inventory_batch_id_foreign` (`inventory_batch_id`),
  CONSTRAINT `stock_receipt_items_inventory_batch_id_foreign` FOREIGN KEY (`inventory_batch_id`) REFERENCES `inventory_batches` (`id`) ON DELETE SET NULL,
  CONSTRAINT `stock_receipt_items_inventory_item_id_foreign` FOREIGN KEY (`inventory_item_id`) REFERENCES `inventory_items` (`id`) ON DELETE CASCADE,
  CONSTRAINT `stock_receipt_items_stock_receipt_id_foreign` FOREIGN KEY (`stock_receipt_id`) REFERENCES `stock_receipts` (`id`) ON DELETE CASCADE
) ENGINE=InnoDB AUTO_INCREMENT=52 DEFAULT CHARSET=utf8mb4 COLLATE=utf8mb4_unicode_ci;
INSERT INTO `stock_receipt_items` (`id`, `stock_receipt_id`, `inventory_item_id`, `inventory_batch_id`, `batch_number`, `manufacture_date`, `expiry_date`, `quantity`, `unit_cost`, `line_total`, `storage_zone`, `remarks`, `created_at`, `updated_at`) VALUES
(1, 1, 1, 1, 'SILVERSU-A', '2026-02-05', '2026-10-05', '90.00', '620.00', '55800.00', 'Sterile Rack A1', 'Seeded for realistic burn center stock control.', '2026-04-05 16:33:35', '2026-04-05 16:33:35'),
(2, 1, 2, 2, 'ANTIMICR-A', '2026-02-05', '2026-10-05', '35.00', '620.00', '21700.00', 'Sterile Rack A1', 'Seeded for realistic burn center stock control.', '2026-04-05 16:33:39', '2026-04-05 16:33:39'),
(3, 1, 3, 3, 'HYDROGEL-A', '2026-02-05', '2026-10-05', '35.00', '620.00', '21700.00', 'Sterile Rack A1', 'Seeded for realistic burn center stock control.', '2026-04-05 16:33:40', '2026-04-05 16:33:40'),
(4, 1, 4, 4, 'PARAFFIN-A', '2026-02-05', '2026-10-05', '35.00', '620.00', '21700.00', 'Sterile Rack A1', 'Seeded for realistic burn center stock control.', '2026-04-05 16:33:41', '2026-04-05 16:33:41'),
(5, 1, 5, 5, 'ALGINATE-A', '2026-02-05', '2026-10-05', '35.00', '620.00', '21700.00', 'Sterile Rack A1', 'Seeded for realistic burn center stock control.', '2026-04-05 16:33:42', '2026-04-05 16:33:42'),
(6, 1, 6, 6, 'SILICONE-A', '2026-02-05', '2026-10-05', '35.00', '240.00', '8400.00', 'Sterile Rack A1', 'Seeded for realistic burn center stock control.', '2026-04-05 16:33:42', '2026-04-05 16:33:42'),
(7, 1, 7, 7, 'STERILEG-A', '2026-02-05', '2027-02-05', '40.00', '240.00', '9600.00', 'Procedure Shelf B2', 'Seeded for realistic burn center stock control.', '2026-04-05 16:33:42', '2026-04-05 16:33:42'),
(8, 1, 8, 8, 'ROLLERBA-A', '2026-02-05', '2027-02-05', '70.00', '240.00', '16800.00', 'Procedure Shelf B2', 'Seeded for realistic burn center stock control.', '2026-04-05 16:33:42', '2026-04-05 16:33:42'),
(9, 1, 9, 9, 'MICROPOR-A', '2026-02-05', '2027-02-05', '70.00', '240.00', '16800.00', 'Procedure Shelf B2', 'Seeded for realistic burn center stock control.', '2026-04-05 16:33:43', '2026-04-05 16:33:43'),
(10, 1, 10, 10, 'NONADHER-A', '2026-02-05', '2027-02-05', '70.00', '240.00', '16800.00', 'Procedure Shelf B2', 'Seeded for realistic burn center stock control.', '2026-04-05 16:33:44', '2026-04-05 16:33:44'),
(11, 2, 11, 11, 'BURNDEBR-A', '2026-02-05', '2027-02-05', '40.00', '980.00', '39200.00', 'Procedure Shelf B2', 'Seeded for realistic burn center stock control.', '2026-04-05 16:33:44', '2026-04-05 16:33:44'),
(12, 2, 12, 12, 'SALINEIR-A', '2026-02-05', '2027-02-05', '40.00', '210.00', '8400.00', 'Procedure Shelf B2', 'Seeded for realistic burn center stock control.', '2026-04-05 16:33:45', '2026-04-05 16:33:45'),
(13, 2, 13, 13, 'IVCANNUL-A', '2026-02-05', '2027-02-05', '70.00', '240.00', '16800.00', 'Procedure Shelf C1', 'Seeded for realistic burn center stock control.', '2026-04-05 16:33:45', '2026-04-05 16:33:45'),
(14, 2, 14, 14, 'IVCANNUL-A', '2026-02-05', '2027-02-05', '70.00', '240.00', '16800.00', 'Procedure Shelf C1', 'Seeded for realistic burn center stock control.', '2026-04-05 16:33:45', '2026-04-05 16:33:45'),
(15, 2, 15, 15, 'SYRINGE5-A', '2026-02-05', '2027-02-05', '140.00', '240.00', '33600.00', 'Procedure Shelf C1', 'Seeded for realistic burn center stock control.', '2026-04-05 16:33:46', '2026-04-05 16:33:46'),
(16, 2, 16, 16, 'SYRINGE1-A', '2026-02-05', '2027-02-05', '140.00', '240.00', '33600.00', 'Procedure Shelf C1', 'Seeded for realistic burn center stock control.', '2026-04-05 16:33:47', '2026-04-05 16:33:47'),
(17, 2, 17, 17, 'URINARYC-A', '2026-02-05', '2027-02-05', '70.00', '240.00', '16800.00', 'Procedure Shelf C1', 'Seeded for realistic burn center stock control.', '2026-04-05 16:33:47', '2026-04-05 16:33:47'),
(18, 2, 18, 18, 'CENTRALL-A', '2026-02-05', '2027-02-05', '40.00', '620.00', '24800.00', 'Procedure Shelf C1', 'Seeded for realistic burn center stock control.', '2026-04-05 16:33:50', '2026-04-05 16:33:50'),
(19, 2, 19, 19, 'NORMALSA-A', '2026-02-05', '2027-02-05', '120.00', '210.00', '25200.00', 'Procedure Shelf C1', 'Seeded for realistic burn center stock control.', '2026-04-05 16:33:50', '2026-04-05 16:33:50'),
(20, 2, 20, 20, 'RINGERLA-A', '2026-02-05', '2027-02-05', '120.00', '210.00', '25200.00', 'Procedure Shelf C1', 'Seeded for realistic burn center stock control.', '2026-04-05 16:33:51', '2026-04-05 16:33:51'),
(21, 3, 21, 21, 'N95MASK-A', '2026-02-05', '2027-02-05', '180.00', '160.00', '28800.00', 'Infection Control Rack D1', 'Seeded for realistic burn center stock control.', '2026-04-05 16:33:52', '2026-04-05 16:33:52'),
(22, 3, 22, 22, 'SURGICAL-A', '2026-02-05', '2027-02-05', '180.00', '160.00', '28800.00', 'Infection Control Rack D1', 'Seeded for realistic burn center stock control.', '2026-04-05 16:33:52', '2026-04-05 16:33:52'),
(23, 3, 23, 23, 'STERILEG-A', '2026-02-05', '2027-02-05', '180.00', '160.00', '28800.00', 'Infection Control Rack D1', 'Seeded for realistic burn center stock control.', '2026-04-05 16:33:52', '2026-04-05 16:33:52'),
(24, 3, 24, 24, 'STERILEG-A', '2026-02-05', '2027-02-05', '180.00', '160.00', '28800.00', 'Infection Control Rack D1', 'Seeded for realistic burn center stock control.', '2026-04-05 16:33:52', '2026-04-05 16:33:52'),
(25, 3, 25, 25, 'FACESHIE-A', '2026-02-05', '2027-02-05', '70.00', '240.00', '16800.00', 'Infection Control Rack D1', 'Seeded for realistic burn center stock control.', '2026-04-05 16:33:52', '2026-04-05 16:33:52'),
(26, 3, 26, 26, 'DISPOSAB-A', '2026-02-05', '2027-02-05', '70.00', '240.00', '16800.00', 'Infection Control Rack D1', 'Seeded for realistic burn center stock control.', '2026-04-05 16:33:53', '2026-04-05 16:33:53'),
(27, 3, 33, 27, 'BURNSHEE-A', '2026-02-05', '2027-02-05', '70.00', '240.00', '16800.00', 'Disposable Rack E2', 'Seeded for realistic burn center stock control.', '2026-04-05 16:33:53', '2026-04-05 16:33:53'),
(28, 3, 34, 28, 'STERILED-A', '2026-02-05', '2027-02-05', '70.00', '240.00', '16800.00', 'Disposable Rack E2', 'Seeded for realistic burn center stock control.', '2026-04-05 16:33:53', '2026-04-05 16:33:53'),
(29, 3, 35, 29, 'PILLOWCO-A', '2026-02-05', '2027-02-05', '70.00', '240.00', '16800.00', 'Disposable Rack E2', 'Seeded for realistic burn center stock control.', '2026-04-05 16:33:53', '2026-04-05 16:33:53'),
(30, 3, 36, 30, 'DRAWSHEE-A', '2026-02-05', '2027-02-05', '70.00', '240.00', '16800.00', 'Disposable Rack E2', 'Seeded for realistic burn center stock control.', '2026-04-05 16:33:53', '2026-04-05 16:33:53'),
(31, 4, 37, 31, 'DISINFEC-A', '2026-02-05', '2027-02-05', '70.00', '240.00', '16800.00', 'Cleaning Shelf F1', 'Seeded for realistic burn center stock control.', '2026-04-05 16:33:55', '2026-04-05 16:33:55'),
(32, 4, 38, 32, 'ENZYMATI-A', '2026-02-05', '2027-02-05', '70.00', '240.00', '16800.00', 'Cleaning Shelf F1', 'Seeded for realistic burn center stock control.', '2026-04-05 16:33:56', '2026-04-05 16:33:56'),
(33, 4, 39, 33, 'STERILIZ-A', '2026-02-05', '2027-02-05', '70.00', '240.00', '16800.00', 'Cleaning Shelf F1', 'Seeded for realistic burn center stock control.', '2026-04-05 16:33:56', '2026-04-05 16:33:56'),
(34, 4, 40, 34, 'SURFACEW-A', '2026-02-05', '2027-02-05', '40.00', '240.00', '9600.00', 'Cleaning Shelf F1', 'Seeded for realistic burn center stock control.', '2026-04-05 16:33:56', '2026-04-05 16:33:56'),
(35, 5, 27, 35, 'SILVERSU-A', '2026-02-05', '2026-10-05', '35.00', '850.00', '29750.00', 'Cold Chain Shelf P1', 'Seeded for realistic burn center stock control.', '2026-04-05 16:33:57', '2026-04-05 16:33:57'),
(36, 5, 28, 36, 'MAFENIDE-A', '2026-02-05', '2026-10-05', '35.00', '850.00', '29750.00', 'Cold Chain Shelf P1', 'Seeded for realistic burn center stock control.', '2026-04-05 16:33:58', '2026-04-05 16:33:58'),
(37, 5, 29, 37, 'POVIDONE-A', '2026-02-05', '2026-10-05', '120.00', '240.00', '28800.00', 'Cold Chain Shelf P1', 'Seeded for realistic burn center stock control.', '2026-04-05 16:33:58', '2026-04-05 16:33:58'),
(38, 5, 30, 38, 'CHLORHEX-A', '2026-02-05', '2026-10-05', '35.00', '850.00', '29750.00', 'Cold Chain Shelf P1', 'Seeded for realistic burn center stock control.', '2026-04-05 16:33:58', '2026-04-05 16:33:58'),
(39, 5, 31, 39, 'TOPICALL-A', '2026-02-05', '2026-10-05', '35.00', '240.00', '8400.00', 'Cold Chain Shelf P1', 'Seeded for realistic burn center stock control.', '2026-04-05 16:33:58', '2026-04-05 16:33:58'),
(40, 5, 32, 40, 'PARACETA-A', '2026-02-05', '2026-10-05', '35.00', '850.00', '29750.00', 'Cold Chain Shelf P1', 'Seeded for realistic burn center stock control.', '2026-04-05 16:33:58', '2026-04-05 16:33:58'),
(41, 6, 41, 41, 'CRASHCAR-A', '2026-02-05', '2026-10-05', '40.00', '980.00', '39200.00', 'Emergency Reserve Cage', 'Seeded for realistic burn center stock control.', '2026-04-05 16:33:59', '2026-04-05 16:33:59'),
(42, 6, 42, 42, 'EMERGENC-A', '2026-02-05', '2026-10-05', '40.00', '240.00', '9600.00', 'Emergency Reserve Cage', 'Seeded for realistic burn center stock control.', '2026-04-05 16:33:59', '2026-04-05 16:33:59'),
(43, 6, 43, 43, 'RESUSCIT-A', '2026-02-05', '2026-10-05', '140.00', '980.00', '137200.00', 'Emergency Reserve Cage', 'Seeded for realistic burn center stock control.', '2026-04-05 16:34:00', '2026-04-05 16:34:00'),
(44, 6, 44, 44, 'BURNTROL-A', '2026-02-05', '2026-10-05', '40.00', '980.00', '39200.00', 'Emergency Reserve Cage', 'Seeded for realistic burn center stock control.', '2026-04-05 16:34:00', '2026-04-05 16:34:00'),
(45, 7, 2, 45, 'AFD-NEAR-01', '2026-01-05', '2026-04-28', '18.00', '725.00', '13050.00', 'Sterile Rack A1', 'Seeded for realistic burn center stock control.', '2026-04-05 16:34:01', '2026-04-05 16:34:01'),
(46, 7, 3, 46, 'HYG-NEAR-01', '2025-12-05', '2026-04-21', '14.00', '680.00', '9520.00', 'Sterile Rack A1', 'Seeded for realistic burn center stock control.', '2026-04-05 16:34:02', '2026-04-05 16:34:02'),
(47, 7, 7, 47, 'GAU-NEAR-01', '2026-02-05', '2026-05-02', '35.00', '180.00', '6300.00', 'Procedure Shelf B2', 'Seeded for realistic burn center stock control.', '2026-04-05 16:34:02', '2026-04-05 16:34:02'),
(48, 7, 14, 48, 'CAN20-NEAR', '2026-01-05', '2026-05-06', '16.00', '320.00', '5120.00', 'Procedure Shelf C1', 'Seeded for realistic burn center stock control.', '2026-04-05 16:34:02', '2026-04-05 16:34:02'),
(49, 7, 15, 49, 'SYR5-NEAR', '2026-02-05', '2026-04-23', '26.00', '150.00', '3900.00', 'Procedure Shelf C1', 'Seeded for realistic burn center stock control.', '2026-04-05 16:34:03', '2026-04-05 16:34:03'),
(50, 8, 27, 50, 'SSD-NEAR-01', '2026-02-05', '2026-04-25', '12.00', '940.00', '11280.00', 'Cold Chain Shelf P1', 'Seeded for realistic burn center stock control.', '2026-04-05 16:34:07', '2026-04-05 16:34:07'),
(51, 8, 30, 51, 'CHX-EXP-01', '2025-11-05', '2026-03-26', '8.00', '420.00', '3360.00', 'Cold Chain Shelf P1', 'Seeded for realistic burn center stock control.', '2026-04-05 16:34:07', '2026-04-05 16:34:07');

-- --------------------------------------------------------
-- Table: `stock_receipts`
-- --------------------------------------------------------
DROP TABLE IF EXISTS `stock_receipts`;
CREATE TABLE `stock_receipts` (
  `id` bigint(20) unsigned NOT NULL AUTO_INCREMENT,
  `receipt_number` varchar(50) NOT NULL,
  `supplier_id` bigint(20) unsigned DEFAULT NULL,
  `department_id` bigint(20) unsigned DEFAULT NULL,
  `store_location_id` bigint(20) unsigned DEFAULT NULL,
  `receipt_date` date NOT NULL,
  `invoice_reference` varchar(100) DEFAULT NULL,
  `delivery_note_number` varchar(100) DEFAULT NULL,
  `received_by` bigint(20) unsigned NOT NULL,
  `remarks` text DEFAULT NULL,
  `status` varchar(30) NOT NULL DEFAULT 'posted',
  `created_by` bigint(20) unsigned DEFAULT NULL,
  `updated_by` bigint(20) unsigned DEFAULT NULL,
  `created_at` timestamp NULL DEFAULT NULL,
  `updated_at` timestamp NULL DEFAULT NULL,
  PRIMARY KEY (`id`),
  UNIQUE KEY `stock_receipts_receipt_number_unique` (`receipt_number`),
  KEY `stock_receipts_supplier_id_foreign` (`supplier_id`),
  KEY `stock_receipts_department_id_foreign` (`department_id`),
  KEY `stock_receipts_store_location_id_foreign` (`store_location_id`),
  KEY `stock_receipts_received_by_foreign` (`received_by`),
  KEY `stock_receipts_created_by_foreign` (`created_by`),
  KEY `stock_receipts_updated_by_foreign` (`updated_by`),
  KEY `stock_receipts_receipt_date_index` (`receipt_date`),
  KEY `stock_receipts_status_index` (`status`),
  CONSTRAINT `stock_receipts_created_by_foreign` FOREIGN KEY (`created_by`) REFERENCES `users` (`id`) ON DELETE SET NULL,
  CONSTRAINT `stock_receipts_department_id_foreign` FOREIGN KEY (`department_id`) REFERENCES `departments` (`id`) ON DELETE SET NULL,
  CONSTRAINT `stock_receipts_received_by_foreign` FOREIGN KEY (`received_by`) REFERENCES `users` (`id`) ON DELETE CASCADE,
  CONSTRAINT `stock_receipts_store_location_id_foreign` FOREIGN KEY (`store_location_id`) REFERENCES `locations` (`id`) ON DELETE SET NULL,
  CONSTRAINT `stock_receipts_supplier_id_foreign` FOREIGN KEY (`supplier_id`) REFERENCES `suppliers` (`id`) ON DELETE SET NULL,
  CONSTRAINT `stock_receipts_updated_by_foreign` FOREIGN KEY (`updated_by`) REFERENCES `users` (`id`) ON DELETE SET NULL
) ENGINE=InnoDB AUTO_INCREMENT=9 DEFAULT CHARSET=utf8mb4 COLLATE=utf8mb4_unicode_ci;
INSERT INTO `stock_receipts` (`id`, `receipt_number`, `supplier_id`, `department_id`, `store_location_id`, `receipt_date`, `invoice_reference`, `delivery_note_number`, `received_by`, `remarks`, `status`, `created_by`, `updated_by`, `created_at`, `updated_at`) VALUES
(1, 'RCV-20260308-0001', 1, 4, 5, '2026-03-08', 'INV-SEED-74', 'DN-SEED-283', 4, 'Initial Phase 3 stock receipt seed.', 'posted', 4, 4, '2026-04-05 16:33:33', '2026-04-05 16:33:33'),
(2, 'RCV-20260308-0002', 1, 4, 5, '2026-03-08', 'INV-SEED-34', 'DN-SEED-519', 4, 'Initial Phase 3 stock receipt seed.', 'posted', 4, 4, '2026-04-05 16:33:44', '2026-04-05 16:33:44'),
(3, 'RCV-20260308-0003', 3, 4, 6, '2026-03-08', 'INV-SEED-55', 'DN-SEED-890', 4, 'Initial Phase 3 stock receipt seed.', 'posted', 4, 4, '2026-04-05 16:33:51', '2026-04-05 16:33:51'),
(4, 'RCV-20260308-0004', 3, 4, 6, '2026-03-08', 'INV-SEED-23', 'DN-SEED-621', 4, 'Initial Phase 3 stock receipt seed.', 'posted', 4, 4, '2026-04-05 16:33:54', '2026-04-05 16:33:54'),
(5, 'RCV-20260308-0005', 1, 6, 8, '2026-03-08', 'INV-SEED-61', 'DN-SEED-990', 4, 'Initial Phase 3 stock receipt seed.', 'posted', 4, 4, '2026-04-05 16:33:57', '2026-04-05 16:33:57'),
(6, 'RCV-20260308-0006', 1, 4, 7, '2026-03-08', 'INV-SEED-85', 'DN-SEED-557', 4, 'Initial Phase 3 stock receipt seed.', 'posted', 4, 4, '2026-04-05 16:33:59', '2026-04-05 16:33:59'),
(7, 'RCV-20260322-0001', 1, 4, 5, '2026-03-22', 'HBMS-APR-2026', 'HBMS-DN-221', 4, 'Near-expiry reinforcement stock for FEFO testing.', 'posted', 4, 4, '2026-04-05 16:34:01', '2026-04-05 16:34:01'),
(8, 'RCV-20260322-0002', 1, 6, 8, '2026-03-22', 'PHARM-APR-2026', 'PHARM-DN-501', 8, 'Pharmacy near-expiry and expired sample batches.', 'posted', 8, 8, '2026-04-05 16:34:06', '2026-04-05 16:34:06');

-- --------------------------------------------------------
-- Table: `stock_return_items`
-- --------------------------------------------------------
DROP TABLE IF EXISTS `stock_return_items`;
CREATE TABLE `stock_return_items` (
  `id` bigint(20) unsigned NOT NULL AUTO_INCREMENT,
  `stock_return_id` bigint(20) unsigned NOT NULL,
  `inventory_item_id` bigint(20) unsigned NOT NULL,
  `inventory_batch_id` bigint(20) unsigned DEFAULT NULL,
  `quantity` decimal(14,2) NOT NULL,
  `return_condition` varchar(30) NOT NULL DEFAULT 'usable',
  `remarks` text DEFAULT NULL,
  `created_at` timestamp NULL DEFAULT NULL,
  `updated_at` timestamp NULL DEFAULT NULL,
  PRIMARY KEY (`id`),
  KEY `stock_return_items_stock_return_id_foreign` (`stock_return_id`),
  KEY `stock_return_items_inventory_item_id_foreign` (`inventory_item_id`),
  KEY `stock_return_items_inventory_batch_id_foreign` (`inventory_batch_id`),
  KEY `stock_return_items_return_condition_index` (`return_condition`),
  CONSTRAINT `stock_return_items_inventory_batch_id_foreign` FOREIGN KEY (`inventory_batch_id`) REFERENCES `inventory_batches` (`id`) ON DELETE SET NULL,
  CONSTRAINT `stock_return_items_inventory_item_id_foreign` FOREIGN KEY (`inventory_item_id`) REFERENCES `inventory_items` (`id`) ON DELETE CASCADE,
  CONSTRAINT `stock_return_items_stock_return_id_foreign` FOREIGN KEY (`stock_return_id`) REFERENCES `stock_returns` (`id`) ON DELETE CASCADE
) ENGINE=InnoDB AUTO_INCREMENT=3 DEFAULT CHARSET=utf8mb4 COLLATE=utf8mb4_unicode_ci;
INSERT INTO `stock_return_items` (`id`, `stock_return_id`, `inventory_item_id`, `inventory_batch_id`, `quantity`, `return_condition`, `remarks`, `created_at`, `updated_at`) VALUES
(1, 1, 7, 47, '8.00', 'usable', 'Unused sterile stock', '2026-04-05 16:34:21', '2026-04-05 16:34:21'),
(2, 1, 3, 46, '3.00', 'contaminated', 'Package compromised during dressing round', '2026-04-05 16:34:21', '2026-04-05 16:34:21');

-- --------------------------------------------------------
-- Table: `stock_returns`
-- --------------------------------------------------------
DROP TABLE IF EXISTS `stock_returns`;
CREATE TABLE `stock_returns` (
  `id` bigint(20) unsigned NOT NULL AUTO_INCREMENT,
  `return_number` varchar(50) NOT NULL,
  `return_date` date NOT NULL,
  `source_issue_id` bigint(20) unsigned DEFAULT NULL,
  `returned_by` bigint(20) unsigned DEFAULT NULL,
  `received_by` bigint(20) unsigned NOT NULL,
  `department_id` bigint(20) unsigned DEFAULT NULL,
  `location_id` bigint(20) unsigned DEFAULT NULL,
  `room_or_area` varchar(120) DEFAULT NULL,
  `remarks` text DEFAULT NULL,
  `status` varchar(30) NOT NULL DEFAULT 'posted',
  `created_by` bigint(20) unsigned DEFAULT NULL,
  `updated_by` bigint(20) unsigned DEFAULT NULL,
  `created_at` timestamp NULL DEFAULT NULL,
  `updated_at` timestamp NULL DEFAULT NULL,
  PRIMARY KEY (`id`),
  UNIQUE KEY `stock_returns_return_number_unique` (`return_number`),
  KEY `stock_returns_source_issue_id_foreign` (`source_issue_id`),
  KEY `stock_returns_returned_by_foreign` (`returned_by`),
  KEY `stock_returns_received_by_foreign` (`received_by`),
  KEY `stock_returns_department_id_foreign` (`department_id`),
  KEY `stock_returns_location_id_foreign` (`location_id`),
  KEY `stock_returns_created_by_foreign` (`created_by`),
  KEY `stock_returns_updated_by_foreign` (`updated_by`),
  KEY `stock_returns_return_date_index` (`return_date`),
  KEY `stock_returns_status_index` (`status`),
  CONSTRAINT `stock_returns_created_by_foreign` FOREIGN KEY (`created_by`) REFERENCES `users` (`id`) ON DELETE SET NULL,
  CONSTRAINT `stock_returns_department_id_foreign` FOREIGN KEY (`department_id`) REFERENCES `departments` (`id`) ON DELETE SET NULL,
  CONSTRAINT `stock_returns_location_id_foreign` FOREIGN KEY (`location_id`) REFERENCES `locations` (`id`) ON DELETE SET NULL,
  CONSTRAINT `stock_returns_received_by_foreign` FOREIGN KEY (`received_by`) REFERENCES `users` (`id`) ON DELETE CASCADE,
  CONSTRAINT `stock_returns_returned_by_foreign` FOREIGN KEY (`returned_by`) REFERENCES `users` (`id`) ON DELETE SET NULL,
  CONSTRAINT `stock_returns_source_issue_id_foreign` FOREIGN KEY (`source_issue_id`) REFERENCES `stock_issues` (`id`) ON DELETE SET NULL,
  CONSTRAINT `stock_returns_updated_by_foreign` FOREIGN KEY (`updated_by`) REFERENCES `users` (`id`) ON DELETE SET NULL
) ENGINE=InnoDB AUTO_INCREMENT=2 DEFAULT CHARSET=utf8mb4 COLLATE=utf8mb4_unicode_ci;
INSERT INTO `stock_returns` (`id`, `return_number`, `return_date`, `source_issue_id`, `returned_by`, `received_by`, `department_id`, `location_id`, `room_or_area`, `remarks`, `status`, `created_by`, `updated_by`, `created_at`, `updated_at`) VALUES
(1, 'RET-20260402-0001', '2026-04-02', 1, 6, 4, 1, 5, NULL, 'Unused and contaminated stock returned from ICU.', 'posted', 4, 4, '2026-04-05 16:34:20', '2026-04-05 16:34:20');

-- --------------------------------------------------------
-- Table: `stock_transfer_items`
-- --------------------------------------------------------
DROP TABLE IF EXISTS `stock_transfer_items`;
CREATE TABLE `stock_transfer_items` (
  `id` bigint(20) unsigned NOT NULL AUTO_INCREMENT,
  `stock_transfer_id` bigint(20) unsigned NOT NULL,
  `inventory_item_id` bigint(20) unsigned NOT NULL,
  `inventory_batch_id` bigint(20) unsigned DEFAULT NULL,
  `quantity` decimal(14,2) NOT NULL,
  `remarks` text DEFAULT NULL,
  `created_at` timestamp NULL DEFAULT NULL,
  `updated_at` timestamp NULL DEFAULT NULL,
  PRIMARY KEY (`id`),
  KEY `stock_transfer_items_stock_transfer_id_foreign` (`stock_transfer_id`),
  KEY `stock_transfer_items_inventory_item_id_foreign` (`inventory_item_id`),
  KEY `stock_transfer_items_inventory_batch_id_foreign` (`inventory_batch_id`),
  CONSTRAINT `stock_transfer_items_inventory_batch_id_foreign` FOREIGN KEY (`inventory_batch_id`) REFERENCES `inventory_batches` (`id`) ON DELETE SET NULL,
  CONSTRAINT `stock_transfer_items_inventory_item_id_foreign` FOREIGN KEY (`inventory_item_id`) REFERENCES `inventory_items` (`id`) ON DELETE CASCADE,
  CONSTRAINT `stock_transfer_items_stock_transfer_id_foreign` FOREIGN KEY (`stock_transfer_id`) REFERENCES `stock_transfers` (`id`) ON DELETE CASCADE
) ENGINE=InnoDB AUTO_INCREMENT=3 DEFAULT CHARSET=utf8mb4 COLLATE=utf8mb4_unicode_ci;
INSERT INTO `stock_transfer_items` (`id`, `stock_transfer_id`, `inventory_item_id`, `inventory_batch_id`, `quantity`, `remarks`, `created_at`, `updated_at`) VALUES
(1, 1, 1, 1, '10.00', NULL, '2026-04-05 16:34:26', '2026-04-05 16:34:26'),
(2, 1, 7, 47, '6.00', NULL, '2026-04-05 16:34:28', '2026-04-05 16:34:28');

-- --------------------------------------------------------
-- Table: `stock_transfers`
-- --------------------------------------------------------
DROP TABLE IF EXISTS `stock_transfers`;
CREATE TABLE `stock_transfers` (
  `id` bigint(20) unsigned NOT NULL AUTO_INCREMENT,
  `transfer_number` varchar(50) NOT NULL,
  `transfer_date` date NOT NULL,
  `from_location_id` bigint(20) unsigned NOT NULL,
  `to_location_id` bigint(20) unsigned NOT NULL,
  `from_department_id` bigint(20) unsigned DEFAULT NULL,
  `to_department_id` bigint(20) unsigned DEFAULT NULL,
  `remarks` text DEFAULT NULL,
  `status` varchar(30) NOT NULL DEFAULT 'posted',
  `created_by` bigint(20) unsigned DEFAULT NULL,
  `updated_by` bigint(20) unsigned DEFAULT NULL,
  `performed_by` bigint(20) unsigned NOT NULL,
  `created_at` timestamp NULL DEFAULT NULL,
  `updated_at` timestamp NULL DEFAULT NULL,
  PRIMARY KEY (`id`),
  UNIQUE KEY `stock_transfers_transfer_number_unique` (`transfer_number`),
  KEY `stock_transfers_from_location_id_foreign` (`from_location_id`),
  KEY `stock_transfers_to_location_id_foreign` (`to_location_id`),
  KEY `stock_transfers_from_department_id_foreign` (`from_department_id`),
  KEY `stock_transfers_to_department_id_foreign` (`to_department_id`),
  KEY `stock_transfers_created_by_foreign` (`created_by`),
  KEY `stock_transfers_updated_by_foreign` (`updated_by`),
  KEY `stock_transfers_performed_by_foreign` (`performed_by`),
  KEY `stock_transfers_transfer_date_index` (`transfer_date`),
  KEY `stock_transfers_status_index` (`status`),
  CONSTRAINT `stock_transfers_created_by_foreign` FOREIGN KEY (`created_by`) REFERENCES `users` (`id`) ON DELETE SET NULL,
  CONSTRAINT `stock_transfers_from_department_id_foreign` FOREIGN KEY (`from_department_id`) REFERENCES `departments` (`id`) ON DELETE SET NULL,
  CONSTRAINT `stock_transfers_from_location_id_foreign` FOREIGN KEY (`from_location_id`) REFERENCES `locations` (`id`) ON DELETE CASCADE,
  CONSTRAINT `stock_transfers_performed_by_foreign` FOREIGN KEY (`performed_by`) REFERENCES `users` (`id`) ON DELETE CASCADE,
  CONSTRAINT `stock_transfers_to_department_id_foreign` FOREIGN KEY (`to_department_id`) REFERENCES `departments` (`id`) ON DELETE SET NULL,
  CONSTRAINT `stock_transfers_to_location_id_foreign` FOREIGN KEY (`to_location_id`) REFERENCES `locations` (`id`) ON DELETE CASCADE,
  CONSTRAINT `stock_transfers_updated_by_foreign` FOREIGN KEY (`updated_by`) REFERENCES `users` (`id`) ON DELETE SET NULL
) ENGINE=InnoDB AUTO_INCREMENT=2 DEFAULT CHARSET=utf8mb4 COLLATE=utf8mb4_unicode_ci;
INSERT INTO `stock_transfers` (`id`, `transfer_number`, `transfer_date`, `from_location_id`, `to_location_id`, `from_department_id`, `to_department_id`, `remarks`, `status`, `created_by`, `updated_by`, `performed_by`, `created_at`, `updated_at`) VALUES
(1, 'TRF-20260403-0001', '2026-04-03', 5, 7, 4, 4, 'Emergency reserve refresh.', 'posted', 4, 4, 4, '2026-04-05 16:34:23', '2026-04-05 16:34:23');

-- --------------------------------------------------------
-- Table: `suppliers`
-- --------------------------------------------------------
DROP TABLE IF EXISTS `suppliers`;
CREATE TABLE `suppliers` (
  `id` bigint(20) unsigned NOT NULL AUTO_INCREMENT,
  `supplier_code` varchar(30) NOT NULL,
  `supplier_name` varchar(255) NOT NULL,
  `supplier_type` varchar(30) NOT NULL DEFAULT 'mixed',
  `contact_person` varchar(255) DEFAULT NULL,
  `phone` varchar(30) DEFAULT NULL,
  `alternate_phone` varchar(30) DEFAULT NULL,
  `email` varchar(255) DEFAULT NULL,
  `address` text DEFAULT NULL,
  `city` varchar(80) DEFAULT NULL,
  `country` varchar(80) DEFAULT NULL,
  `tax_number` varchar(80) DEFAULT NULL,
  `registration_number` varchar(80) DEFAULT NULL,
  `payment_terms` varchar(120) DEFAULT NULL,
  `lead_time_days` int(10) unsigned DEFAULT NULL,
  `is_active` tinyint(1) NOT NULL DEFAULT 1,
  `notes` text DEFAULT NULL,
  `created_by` bigint(20) unsigned DEFAULT NULL,
  `updated_by` bigint(20) unsigned DEFAULT NULL,
  `created_at` timestamp NULL DEFAULT NULL,
  `updated_at` timestamp NULL DEFAULT NULL,
  `deleted_at` timestamp NULL DEFAULT NULL,
  PRIMARY KEY (`id`),
  UNIQUE KEY `suppliers_supplier_code_unique` (`supplier_code`),
  KEY `suppliers_created_by_foreign` (`created_by`),
  KEY `suppliers_updated_by_foreign` (`updated_by`),
  KEY `suppliers_supplier_name_index` (`supplier_name`),
  KEY `suppliers_supplier_type_index` (`supplier_type`),
  KEY `suppliers_city_index` (`city`),
  KEY `suppliers_is_active_index` (`is_active`),
  CONSTRAINT `suppliers_created_by_foreign` FOREIGN KEY (`created_by`) REFERENCES `users` (`id`) ON DELETE SET NULL,
  CONSTRAINT `suppliers_updated_by_foreign` FOREIGN KEY (`updated_by`) REFERENCES `users` (`id`) ON DELETE SET NULL
) ENGINE=InnoDB AUTO_INCREMENT=6 DEFAULT CHARSET=utf8mb4 COLLATE=utf8mb4_unicode_ci;
INSERT INTO `suppliers` (`id`, `supplier_code`, `supplier_name`, `supplier_type`, `contact_person`, `phone`, `alternate_phone`, `email`, `address`, `city`, `country`, `tax_number`, `registration_number`, `payment_terms`, `lead_time_days`, `is_active`, `notes`, `created_by`, `updated_by`, `created_at`, `updated_at`, `deleted_at`) VALUES
(1, 'SUP-HBMS', 'HealBurn Medical Supplies', 'inventory_vendor', 'Amina Qureshi', '+92-21-3000-1001', NULL, 'supply@healburn.example', NULL, 'Karachi', 'Pakistan', NULL, NULL, '30 days', 5, 1, 'Primary wound care and antimicrobial dressing vendor.', NULL, NULL, '2026-04-05 16:29:25', '2026-04-05 16:29:25', NULL),
(2, 'SUP-CCDL', 'CriticalCare Devices Ltd', 'asset_vendor', 'Faisal Ahmed', '+92-21-3000-1002', NULL, 'sales@criticalcaredevices.example', NULL, 'Karachi', 'Pakistan', NULL, NULL, '45 days', 21, 1, 'Biomedical and critical care asset supplier.', NULL, NULL, '2026-04-05 16:29:27', '2026-04-05 16:29:27', NULL),
(3, 'SUP-SHT', 'SteriSafe Hospital Traders', 'mixed', 'Mehreen Ali', '+92-21-3000-1003', NULL, 'orders@sterisafe.example', NULL, 'Lahore', 'Pakistan', NULL, NULL, '30 days', 7, 1, 'Sterile storage equipment, PPE, and mixed hospital supplies.', NULL, NULL, '2026-04-05 16:29:29', '2026-04-05 16:29:29', NULL),
(4, 'SUP-MGPD', 'MedGuard Pharma Distribution', 'inventory_vendor', 'Usman Raza', '+92-21-3000-1004', NULL, 'distribution@medguard.example', NULL, 'Karachi', 'Pakistan', NULL, NULL, '21 days', 4, 1, 'Temperature-sensitive medicines and burn creams.', NULL, NULL, '2026-04-05 16:29:29', '2026-04-05 16:29:29', NULL),
(5, 'SUP-BLEP', 'BurnLine Equipment Partners', 'asset_vendor', 'Sara Khan', '+92-21-3000-1005', NULL, 'support@burnline.example', NULL, 'Islamabad', 'Pakistan', NULL, NULL, '60 days', 28, 1, 'High-value equipment and ward mobility assets.', NULL, NULL, '2026-04-05 16:29:30', '2026-04-05 16:29:30', NULL);

-- --------------------------------------------------------
-- Table: `users`
-- --------------------------------------------------------
DROP TABLE IF EXISTS `users`;
CREATE TABLE `users` (
  `id` bigint(20) unsigned NOT NULL AUTO_INCREMENT,
  `department_id` bigint(20) unsigned DEFAULT NULL,
  `default_location_id` bigint(20) unsigned DEFAULT NULL,
  `name` varchar(255) NOT NULL,
  `email` varchar(255) NOT NULL,
  `employee_id` varchar(40) DEFAULT NULL,
  `phone` varchar(30) DEFAULT NULL,
  `designation` varchar(120) DEFAULT NULL,
  `status` varchar(20) NOT NULL DEFAULT 'active',
  `email_verified_at` timestamp NULL DEFAULT NULL,
  `password` varchar(255) NOT NULL,
  `remember_token` varchar(100) DEFAULT NULL,
  `last_login_at` timestamp NULL DEFAULT NULL,
  `password_changed_at` timestamp NULL DEFAULT NULL,
  `two_factor_required` tinyint(1) NOT NULL DEFAULT 0,
  `created_at` timestamp NULL DEFAULT NULL,
  `updated_at` timestamp NULL DEFAULT NULL,
  `deleted_at` timestamp NULL DEFAULT NULL,
  PRIMARY KEY (`id`),
  UNIQUE KEY `users_email_unique` (`email`),
  UNIQUE KEY `users_employee_id_unique` (`employee_id`),
  KEY `users_department_id_foreign` (`department_id`),
  KEY `users_default_location_id_foreign` (`default_location_id`),
  KEY `users_status_index` (`status`),
  CONSTRAINT `users_default_location_id_foreign` FOREIGN KEY (`default_location_id`) REFERENCES `locations` (`id`) ON DELETE SET NULL,
  CONSTRAINT `users_department_id_foreign` FOREIGN KEY (`department_id`) REFERENCES `departments` (`id`) ON DELETE SET NULL
) ENGINE=InnoDB AUTO_INCREMENT=12 DEFAULT CHARSET=utf8mb4 COLLATE=utf8mb4_unicode_ci;
INSERT INTO `users` (`id`, `department_id`, `default_location_id`, `name`, `email`, `employee_id`, `phone`, `designation`, `status`, `email_verified_at`, `password`, `remember_token`, `last_login_at`, `password_changed_at`, `two_factor_required`, `created_at`, `updated_at`, `deleted_at`) VALUES
(1, 7, 7, 'Amina Siddiqui', 'super.admin@kort.local', 'KORT-0001', '+92-300-0000000', 'System Administrator', 'active', NULL, '$2y$12$Z5Aufk1N9uQgpvZ.ENcgfe4N543tZIIAqcAbw9dBjiu1nxbtvEfg6', NULL, NULL, '2026-04-05 16:29:31', 0, '2026-04-05 16:29:33', '2026-04-05 16:29:33', NULL),
(2, 8, 7, 'Dr. Haris Malik', 'hospital.admin@kort.local', 'KORT-0002', '+92-300-0000000', 'Hospital Administrator', 'active', NULL, '$2y$12$lyV.JzaPHqBD4erZGBViiehFIserAV8FBxcKs8hHQw6M62Ex.7uki', NULL, NULL, '2026-04-05 16:29:34', 0, '2026-04-05 16:29:34', '2026-04-05 16:29:34', NULL),
(3, 1, 1, 'Dr. Sana Qureshi', 'burn.manager@kort.local', 'KORT-0003', '+92-300-0000000', 'Burn Center Manager', 'active', NULL, '$2y$12$F1UrKqQi6dbdXBiUGFlmBubHQFzYMk3umwioneJQX6Xc5WRuRZGiy', NULL, NULL, '2026-04-05 16:29:36', 0, '2026-04-05 16:29:37', '2026-04-05 16:29:37', NULL),
(4, 4, 5, 'Usman Riaz', 'store.manager@kort.local', 'KORT-0004', '+92-300-0000000', 'Store Manager', 'active', NULL, '$2y$12$x1NQB.BUpu/jToMBmQnlyOqKetmWS0G1ejiEfzclpljMbhm3XFMcO', NULL, NULL, '2026-04-05 16:29:37', 0, '2026-04-05 16:29:38', '2026-04-05 16:29:38', NULL),
(5, 5, 9, 'Engr. Mahnoor Ali', 'biomedical@kort.local', 'KORT-0005', '+92-300-0000000', 'Biomedical Engineer', 'active', NULL, '$2y$12$LPqQEiiiGcMtnXlCrTiR2eyiZCopZFQuPjy3/Z8/g5.fPeGExGkdC', NULL, NULL, '2026-04-05 16:29:38', 0, '2026-04-05 16:29:39', '2026-04-05 16:29:39', NULL),
(6, 2, 3, 'Nadia Rehman', 'nurse.supervisor@kort.local', 'KORT-0006', '+92-300-0000000', 'Nurse Supervisor', 'active', NULL, '$2y$12$p3v.raMgilk59dHnvjvXauiY0Mex2Y62MEkKHIvqY/x4XRT3NG4zu', NULL, NULL, '2026-04-05 16:29:41', 0, '2026-04-05 16:29:41', '2026-04-05 16:29:41', NULL),
(7, 1, 2, 'Rabia Iftikhar', 'staff.nurse@kort.local', 'KORT-0007', '+92-300-0000000', 'Staff Nurse', 'active', NULL, '$2y$12$LeH4ZAhdruckMauLV2Yo4ORgfrH1OL7gKt1RcdXg1HChf3ArNihI2', NULL, NULL, '2026-04-05 16:29:46', 0, '2026-04-05 16:29:47', '2026-04-05 16:29:47', NULL),
(8, 6, 8, 'Farhan Yousaf', 'pharmacist@kort.local', 'KORT-0008', '+92-300-0000000', 'Pharmacist', 'active', NULL, '$2y$12$PP0tjWhcEGz.gnFixdmc8OvPVgXUXKczBedMndYl35J2THg5/6w/i', NULL, NULL, '2026-04-05 16:29:49', 0, '2026-04-05 16:29:50', '2026-04-05 16:29:50', NULL),
(9, 7, 7, 'Kiran Abbas', 'procurement@kort.local', 'KORT-0009', '+92-300-0000000', 'Procurement Officer', 'active', NULL, '$2y$12$SRGQ6le.bcUQrbaXGPjz9OqAkz69jq5v/ohZDwANp1Kuvv3zlOXxm', NULL, NULL, '2026-04-05 16:29:51', 0, '2026-04-05 16:29:51', '2026-04-05 16:29:51', NULL),
(10, 8, 7, 'Umair Hassan', 'finance@kort.local', 'KORT-0010', '+92-300-0000000', 'Finance Analyst', 'active', NULL, '$2y$12$0EKljFdXhBnab/Y9rtT3bOPCXl45R3SFsS.CM4yJk/EU7/SEE885e', NULL, NULL, '2026-04-05 16:29:54', 0, '2026-04-05 16:29:54', '2026-04-05 16:29:54', NULL),
(11, 8, 7, 'Hiba Mansoor', 'auditor@kort.local', 'KORT-0011', '+92-300-0000000', 'Internal Auditor', 'active', NULL, '$2y$12$/soZxllBsLg.010EPi7dpOpbTdlT71zLmg5oE..U6aqe5iYUmeAQq', NULL, NULL, '2026-04-05 16:29:56', 0, '2026-04-05 16:29:56', '2026-04-05 16:29:56', NULL);

SET FOREIGN_KEY_CHECKS=1;
